0.08,0.08,-0.00,-0.00,-0.00
0.08,0.08,-0.00,-0.00,-0.00
0.08,0.08,-0.00,-0.00,-0.00
0.08,0.08,-0.00,-0.00,-0.00
0.08,0.08,0.15,-0.00,-0.00
5.24,5.24,7.30,0.29,0.20
23.07,23.07,23.40,6.53,3.92
29.13,29.13,29.55,11.18,5.07
30.41,30.41,30.63,12.26,11.22
37.66,37.66,35.50,21.65,21.06
35.94,35.94,37.27,19.96,29.54
31.36,31.36,35.41,22.50,35.57
24.06,24.06,30.47,33.09,41.73
24.47,24.47,42.80,42.93,52.15
19.55,19.55,53.02,68.70,71.42
10.46,10.46,66.16,79.56,82.71
5.68,5.68,67.10,79.62,82.21
8.62,8.62,61.51,76.80,83.79
15.59,15.59,57.14,76.33,83.95
18.29,18.29,50.77,78.18,80.96
18.94,18.94,47.30,79.32,80.43
21.49,21.49,49.91,78.94,82.08
23.57,23.57,45.58,78.17,82.76
25.49,25.49,47.15,78.24,81.07
17.82,17.82,50.44,77.35,81.79
10.63,10.63,63.17,71.24,80.44
5.71,5.71,66.15,74.63,82.61
7.41,7.41,60.26,78.66,82.18
15.14,15.14,55.51,82.16,82.67
19.83,19.83,50.35,82.30,80.78
24.16,24.16,45.76,80.47,80.82
29.76,29.76,45.23,80.67,79.76
30.91,30.91,44.06,80.43,80.60
28.26,28.26,41.28,79.16,81.92
21.34,21.34,38.45,80.34,82.59
14.24,14.24,36.38,79.29,78.83
18.05,18.05,38.36,76.79,77.50
20.43,20.43,36.57,72.49,76.73
22.64,22.64,36.43,70.72,75.78
22.32,22.32,46.01,67.84,73.91
22.93,22.93,49.00,64.20,70.61
23.47,23.47,44.98,60.50,68.49
19.12,19.12,39.29,56.72,65.94
12.24,12.24,41.24,63.37,64.19
7.71,7.71,46.06,64.22,68.26
8.02,8.02,57.36,78.25,80.87
2.19,2.19,57.40,79.73,84.14
2.18,2.18,53.35,79.54,84.93
8.57,8.57,47.54,79.64,83.64
10.15,10.15,41.78,78.24,82.54
10.59,10.59,37.78,78.65,82.71
8.17,8.17,31.32,80.18,81.05
8.15,8.15,28.33,79.89,81.79
7.91,7.91,32.21,81.12,80.24
5.52,5.52,46.80,77.23,79.36
1.69,1.69,57.74,70.62,73.88
0.97,0.97,66.52,76.45,78.80
0.60,0.60,67.41,79.23,82.25
1.99,1.99,65.29,79.39,81.28
7.32,7.32,58.47,77.85,84.53
8.01,8.01,53.45,79.96,82.52
11.13,11.13,48.64,78.98,83.13
10.35,10.35,45.89,78.16,80.98
13.70,13.70,41.01,78.25,83.22
13.65,13.65,39.05,78.26,81.73
16.18,16.18,35.65,77.29,78.19
14.47,14.47,38.67,76.07,79.11
9.12,9.12,40.18,73.98,72.02
13.43,13.43,45.55,70.26,69.93
16.71,16.71,42.23,67.92,67.81
16.30,16.30,44.70,60.14,65.94
12.89,12.89,48.24,59.16,69.35
7.15,7.15,45.41,59.22,69.59
2.32,2.32,40.82,65.05,68.99
0.36,0.36,40.18,66.62,69.22
2.07,2.07,51.50,72.71,80.40
5.52,5.52,63.58,80.56,84.30
1.57,1.57,63.83,81.31,82.72
7.37,7.37,60.17,80.77,83.71
10.00,10.00,52.95,79.00,82.51
10.30,10.30,45.68,77.57,83.07
11.17,11.17,40.25,78.57,83.70
10.35,10.35,37.86,79.09,81.57
10.62,10.62,35.86,78.13,79.56
9.49,9.49,41.68,75.96,80.52
6.76,6.76,47.34,72.42,75.14
6.58,6.58,59.85,67.74,74.28
2.91,2.91,61.87,75.39,81.58
4.50,4.50,57.76,77.51,81.57
7.81,7.81,51.35,78.07,80.60
12.49,12.49,45.73,78.79,79.95
14.60,14.60,41.22,79.22,81.22
18.04,18.04,37.03,79.43,79.06
21.48,21.48,35.29,79.67,79.38
16.56,16.56,34.49,79.40,79.76
17.77,17.77,36.42,79.19,77.73
22.64,22.64,37.55,77.07,76.10
20.89,20.89,41.88,74.02,75.94
21.01,21.01,38.64,71.77,74.30
21.04,21.04,34.67,70.40,71.40
29.33,29.33,36.67,63.26,70.31
31.60,31.60,40.52,60.63,69.29
24.31,24.31,44.63,60.72,70.98
16.44,16.44,45.72,56.71,72.39
13.47,13.47,44.78,64.20,69.13
8.20,8.20,40.45,59.20,75.06
12.24,12.24,48.27,77.73,79.78
14.81,14.81,56.50,80.47,82.59
12.16,12.16,57.16,81.34,84.14
12.28,12.28,48.39,81.78,85.38
15.66,15.66,40.79,81.17,81.86
15.87,15.87,36.38,79.66,79.68
15.67,15.67,35.19,80.13,80.29
13.53,13.53,33.25,81.71,78.10
12.76,12.76,36.84,80.59,78.93
13.64,13.64,45.45,77.41,73.98
12.74,12.74,53.14,75.14,76.71
3.82,3.82,65.43,75.60,81.94
0.60,0.60,69.10,80.34,83.53
1.24,1.24,67.29,75.65,86.31
5.46,5.46,59.29,79.60,87.08
10.65,10.65,55.18,79.57,84.06
15.00,15.00,48.97,80.43,81.47
17.37,17.37,46.51,80.83,79.90
18.36,18.36,41.37,78.87,81.93
16.97,16.97,40.51,79.02,82.18
14.97,14.97,35.91,77.85,82.84
11.49,11.49,35.75,73.54,81.64
8.16,8.16,31.38,71.22,77.86
16.83,16.83,30.54,69.92,76.51
22.92,22.92,30.39,65.64,73.77
23.92,23.92,35.72,65.18,75.15
33.56,33.56,36.74,61.90,74.13
34.21,34.21,48.74,55.49,73.65
24.26,24.26,59.37,58.28,72.65
7.17,7.17,64.16,64.18,72.74
0.42,0.42,63.55,63.08,72.75
1.62,1.62,70.68,71.34,82.65
0.47,0.47,69.57,82.45,85.46
0.08,0.08,66.73,83.82,85.02
2.86,2.86,63.81,80.86,83.36
9.33,9.33,57.06,79.04,84.99
12.42,12.42,50.16,80.13,83.60
13.22,13.22,49.04,80.79,82.24
12.14,12.14,47.78,81.47,81.82
9.18,9.18,43.29,79.82,81.59
5.51,5.51,40.97,77.55,79.04
6.39,6.39,39.54,77.79,79.02
9.95,9.95,39.35,76.05,77.10
13.84,13.84,44.14,71.57,72.01
18.46,18.46,43.96,69.05,69.98
18.33,18.33,42.10,66.24,70.69
17.93,17.93,45.45,63.93,66.21
17.62,17.62,53.88,61.87,65.84
11.37,11.37,54.58,62.52,67.57
11.45,11.45,51.91,53.81,64.25
9.19,9.19,60.73,54.67,68.31
6.11,6.11,70.16,64.05,75.98
6.98,6.98,68.05,78.04,84.60
0.67,0.67,65.54,80.81,83.87
2.06,2.06,58.36,81.77,85.32
7.38,7.38,53.52,82.10,83.67
13.04,13.04,47.84,80.65,83.48
13.83,13.83,43.80,79.13,84.00
13.01,13.01,42.51,79.25,81.13
11.59,11.59,41.94,80.49,82.40
8.18,8.18,40.74,79.94,81.85
6.76,6.76,37.45,75.81,80.28
6.29,6.29,36.41,74.67,82.26
7.53,7.53,34.87,73.87,79.28
9.56,9.56,35.66,68.78,74.49
14.93,14.93,41.23,66.55,71.01
18.58,18.58,47.76,64.53,71.12
22.65,22.65,53.99,62.09,70.44
24.17,24.17,52.87,51.45,66.87
23.24,23.24,56.14,54.06,70.13
14.67,14.67,60.35,56.03,67.48
5.42,5.42,60.30,51.69,63.16
13.12,13.12,67.62,51.64,65.43
15.07,15.07,76.37,50.45,63.48
12.56,12.56,72.70,48.68,61.16
14.49,14.49,65.55,55.03,58.48
15.50,15.50,60.89,54.41,57.77
18.65,18.65,57.34,49.40,58.45
24.59,24.59,54.85,45.43,60.21
25.19,25.19,51.88,47.31,60.81
22.92,22.92,48.05,44.61,57.81
16.68,16.68,52.24,40.40,52.12
10.23,10.23,56.88,34.07,47.77
11.88,11.88,72.09,39.76,55.63
12.29,12.29,69.89,43.29,51.37
9.90,9.90,68.70,44.52,51.20
13.15,13.15,62.32,47.78,52.12
17.90,17.90,57.06,44.08,47.95
25.90,25.90,55.41,44.47,49.05
28.32,28.32,50.71,41.22,49.00
30.94,30.94,48.63,38.03,48.43
31.31,31.31,48.13,40.35,48.90
30.56,30.56,46.13,41.96,49.58
31.19,31.19,45.80,40.26,49.91
31.39,31.39,44.79,37.66,48.67
33.25,33.25,44.07,35.08,49.65
34.86,34.86,42.18,30.75,48.26
34.82,34.82,41.80,26.20,45.53
34.76,34.76,41.16,26.29,45.69
32.03,32.03,43.77,26.26,43.32
25.20,25.20,45.65,26.56,40.66
24.78,24.78,51.35,32.70,43.07
13.50,13.50,65.92,34.82,48.61
11.93,11.93,78.09,33.37,51.94
12.84,12.84,69.10,30.20,49.44
14.78,14.78,64.30,39.65,45.36
22.10,22.10,59.91,33.47,34.06
29.35,29.35,55.23,28.16,36.16
33.80,33.80,49.72,25.98,35.33
35.09,35.09,44.95,24.17,32.37
30.97,30.97,44.95,16.53,28.87
21.25,21.25,45.17,22.51,27.91
16.60,16.60,44.84,27.23,35.13
17.20,17.20,68.03,34.05,44.55
10.96,10.96,76.45,38.17,52.78
9.14,9.14,69.55,30.14,44.73
15.81,15.81,66.50,30.52,37.62
25.23,25.23,58.17,27.77,32.30
32.15,32.15,56.02,21.79,27.34
37.61,37.61,51.15,30.37,26.60
36.56,36.56,47.35,28.18,26.76
36.40,36.40,43.10,26.12,28.73
34.71,34.71,37.18,23.91,27.18
32.57,32.57,34.67,21.00,25.30
31.20,31.20,35.41,18.66,28.38
28.56,28.56,33.83,15.75,28.21
30.08,30.08,34.02,14.53,28.29
29.97,29.97,34.70,12.84,29.38
28.34,28.34,33.65,14.82,28.86
24.96,24.96,31.28,12.14,27.82
18.68,18.68,33.52,15.20,30.11
15.01,15.01,38.63,21.34,36.06
16.08,16.08,51.71,25.44,49.03
8.66,8.66,63.58,23.56,47.28
9.59,9.59,76.08,26.24,62.57
11.15,11.15,65.50,28.83,48.18
22.50,22.50,62.53,33.84,43.19
29.18,29.18,57.04,28.53,33.34
34.10,34.10,53.08,34.72,34.22
38.89,38.89,48.47,26.85,30.93
34.36,34.36,45.25,26.51,31.61
28.25,28.25,44.53,21.13,29.75
20.07,20.07,44.86,27.59,34.65
21.97,21.97,72.34,36.14,43.93
23.13,23.13,71.27,34.08,40.00
23.44,23.44,73.51,31.38,35.84
17.11,17.11,66.65,31.90,36.05
19.87,19.87,61.21,29.15,29.12
30.80,30.80,57.85,30.39,27.55
33.29,33.29,51.79,23.82,28.57
35.11,35.11,46.23,19.56,26.77
36.07,36.07,42.58,19.99,22.34
33.66,33.66,38.87,20.22,23.38
29.86,29.86,33.39,18.34,21.58
26.68,26.68,28.84,21.00,17.64
23.51,23.51,28.09,19.13,17.09
21.58,21.58,27.70,14.89,14.00
18.39,18.39,21.34,8.74,11.42
15.06,15.06,21.95,8.32,9.75
15.04,15.04,25.05,7.94,7.63
12.55,12.55,28.55,7.87,6.88
10.53,10.53,24.86,12.67,11.10
10.13,10.13,32.19,14.71,28.79
14.20,14.20,41.89,25.35,41.59
14.33,14.33,74.50,33.27,52.63
10.07,10.07,71.88,27.49,50.72
15.63,15.63,64.92,34.78,35.89
28.52,28.52,60.15,35.44,33.84
32.02,32.02,55.64,35.24,26.82
38.28,38.28,51.49,29.52,23.11
37.96,37.96,47.65,32.18,22.41
35.12,35.12,44.13,23.08,17.96
29.28,29.28,42.22,21.37,18.53
18.70,18.70,41.69,17.86,15.85
14.47,14.47,50.75,25.75,35.95
18.79,18.79,76.09,34.93,46.76
19.56,19.56,71.30,26.10,44.85
17.11,17.11,64.53,31.61,40.98
27.77,27.77,60.44,29.70,34.31
32.56,32.56,55.38,27.20,26.16
35.34,35.34,51.70,29.96,23.06
35.76,35.76,47.02,28.24,23.62
34.53,34.53,41.47,26.47,19.30
32.01,32.01,37.45,26.36,18.68
30.31,30.31,33.80,22.94,17.30
26.09,26.09,32.98,21.04,15.13
21.36,21.36,29.56,14.59,11.44
16.46,16.46,28.41,15.57,9.10
13.69,13.69,21.89,13.07,3.71
10.74,10.74,29.42,10.76,2.42
10.12,10.12,25.38,10.92,1.72
8.01,8.01,25.59,9.30,3.08
4.42,4.42,25.22,11.55,9.38
5.65,5.65,29.82,15.03,23.40
9.50,9.50,34.95,23.07,35.54
10.24,10.24,68.15,25.27,47.76
9.00,9.00,76.18,28.09,47.51
11.70,11.70,69.76,26.77,38.84
18.80,18.80,64.52,28.79,37.42
29.57,29.57,60.70,33.48,28.90
35.43,35.43,56.72,33.50,30.52
36.98,36.98,51.38,32.22,30.71
38.81,38.81,48.07,28.03,27.86
34.32,34.32,44.38,31.40,26.13
31.36,31.36,42.45,23.14,20.92
33.83,33.83,44.32,21.69,18.89
35.26,35.26,34.36,17.39,22.60
40.57,40.57,40.75,17.33,26.03
66.68,66.68,51.48,18.24,34.43
87.24,87.24,55.53,16.93,31.83
88.92,88.92,51.24,15.73,27.35
87.20,87.20,41.98,17.34,20.19
87.03,87.03,43.53,13.36,25.04
85.19,85.19,50.77,13.17,18.94
81.29,81.29,55.55,18.42,23.09
73.77,73.77,67.27,26.25,33.30
72.05,72.05,73.67,31.72,37.25
72.36,72.36,70.74,32.36,25.25
71.91,71.91,64.71,33.20,17.54
72.45,72.45,58.68,33.53,17.75
72.60,72.60,54.34,30.32,19.03
72.08,72.08,49.47,29.51,18.64
72.16,72.16,45.11,28.34,15.09
72.04,72.04,43.18,28.34,15.91
68.41,68.41,39.58,19.67,14.64
57.82,57.82,40.72,26.09,12.90
44.86,44.86,33.71,26.39,14.51
43.85,43.85,33.77,25.02,20.95
44.95,44.95,32.45,19.10,32.95
71.14,71.14,42.56,29.91,43.39
82.08,82.08,37.07,24.81,45.38
87.03,87.03,37.96,31.04,40.45
85.91,85.91,40.48,33.02,40.94
84.13,84.13,46.45,48.03,43.31
84.65,84.65,63.74,67.11,57.90
85.72,85.72,75.74,76.43,60.55
82.08,82.08,83.26,79.19,73.89
79.98,79.98,86.77,77.88,75.75
80.50,80.50,79.51,75.67,73.35
80.47,80.47,71.11,77.49,77.55
79.80,79.80,80.30,78.79,76.24
79.56,79.56,72.31,78.72,75.44
78.31,78.31,72.33,76.64,72.47
78.55,78.55,69.25,77.80,74.58
77.73,77.73,69.08,76.79,69.00
79.10,79.10,63.23,79.34,66.93
81.56,81.56,63.49,79.36,69.40
82.09,82.09,68.98,80.40,67.05
79.76,79.76,68.49,80.03,78.29
79.99,79.99,64.75,79.21,78.61
81.07,81.07,60.72,79.89,77.93
78.43,78.43,60.60,78.02,78.20
77.16,77.16,58.37,79.32,75.01
76.90,76.90,54.01,78.72,78.24
77.78,77.78,50.62,81.00,75.21
78.34,78.34,49.48,78.94,72.55
74.83,74.83,49.29,72.33,67.72
72.70,72.70,47.99,69.52,66.95
72.69,72.69,52.01,60.50,67.86
69.77,69.77,53.75,59.62,63.82
66.71,66.71,55.47,56.07,59.20
55.24,55.24,51.22,57.51,54.49
45.88,45.88,53.95,51.62,48.77
45.59,45.59,53.97,52.14,42.10
46.19,46.19,55.48,38.90,49.20
64.14,64.14,63.65,20.64,56.27
77.14,77.14,84.04,23.86,64.10
82.61,82.61,82.58,35.93,69.14
81.11,81.11,77.01,36.64,79.37
81.71,81.71,77.93,40.15,78.61
84.34,84.34,75.86,37.21,77.09
84.45,84.45,69.72,44.23,76.22
84.82,84.82,65.88,44.32,76.62
84.50,84.50,65.76,48.85,78.15
83.05,83.05,59.83,52.50,74.41
71.85,71.85,67.00,54.78,72.49
65.30,65.30,76.55,69.67,73.12
64.03,64.03,88.90,82.15,71.61
56.32,56.32,81.23,80.70,74.68
51.02,51.02,83.12,77.32,72.16
52.06,52.06,80.21,76.15,77.15
50.70,50.70,78.68,77.51,73.05
48.59,48.59,76.44,81.94,75.93
49.71,49.71,67.88,81.58,76.62
54.84,54.84,72.14,81.55,75.39
60.63,60.63,65.26,79.95,76.80
70.01,70.01,67.97,79.91,74.76
80.63,80.63,69.97,80.81,76.16
82.19,82.19,69.75,82.25,72.36
81.56,81.56,69.66,81.84,75.10
81.21,81.21,63.10,80.21,75.61
80.65,80.65,52.57,78.95,71.98
79.89,79.89,54.03,77.38,75.28
81.10,81.10,57.47,79.03,70.54
80.26,80.26,53.85,77.87,73.61
71.91,71.91,54.07,79.30,71.61
71.62,71.62,69.72,80.44,71.03
72.58,72.58,69.94,72.45,81.31
72.20,72.20,66.18,66.99,82.40
58.02,58.02,60.38,57.07,78.69
53.71,53.71,57.71,56.04,78.00
58.34,58.34,54.93,47.03,78.21
61.76,61.76,51.54,46.40,76.53
61.77,61.77,51.43,48.84,76.97
65.95,65.95,52.44,35.20,73.77
74.93,74.93,58.83,32.67,73.62
70.45,70.45,73.24,26.64,71.75
68.36,68.36,86.21,33.08,70.31
81.75,81.75,81.85,44.76,68.50
83.98,83.98,73.72,46.58,67.76
82.89,82.89,79.85,47.02,69.91
81.44,81.44,76.10,42.82,69.72
80.47,80.47,66.58,40.21,64.92
79.44,79.44,69.74,41.45,64.50
78.24,78.24,64.47,45.32,66.51
77.34,77.34,59.83,53.44,60.67
78.11,78.11,58.92,62.44,60.32
79.74,79.74,78.55,75.26,73.23
82.00,82.00,83.06,78.18,75.74
81.79,81.79,86.30,77.53,73.59
80.60,80.60,76.83,80.40,73.28
79.44,79.44,74.67,81.67,74.33
78.53,78.53,80.88,82.19,73.62
77.11,77.11,75.56,81.56,73.97
79.32,79.32,73.20,80.73,74.25
81.14,81.14,72.16,80.57,72.30
79.31,79.31,67.55,82.65,70.74
77.44,77.44,65.72,82.38,71.70
78.02,78.02,69.48,82.94,68.98
77.70,77.70,69.38,81.70,66.33
74.38,74.38,69.58,82.48,69.42
73.03,73.03,64.44,82.03,66.75
73.97,73.97,58.67,81.07,66.51
77.94,77.94,57.08,82.07,68.03
79.45,79.45,51.48,80.34,67.58
79.53,79.53,54.79,80.42,66.37
77.06,77.06,54.63,80.24,67.24
77.45,77.45,54.73,77.50,63.61
76.96,76.96,69.12,77.25,64.43
73.75,73.75,67.79,71.76,75.55
74.45,74.45,64.33,72.88,72.59
75.86,75.86,59.61,65.43,72.39
75.81,75.81,55.62,60.48,73.52
75.81,75.81,51.17,49.68,73.85
75.89,75.89,46.41,45.96,70.55
78.46,78.46,49.92,38.73,65.91
78.99,78.99,60.38,27.38,64.13
77.37,77.37,65.85,20.52,59.71
75.40,75.40,83.48,23.09,66.28
75.43,75.43,80.22,29.47,68.23
74.94,74.94,71.34,26.51,79.62
71.82,71.82,78.86,31.04,74.85
70.61,70.61,76.61,33.06,75.06
71.25,71.25,67.45,20.64,75.59
73.02,73.02,66.35,27.96,76.18
73.93,73.93,64.68,31.69,75.47
76.80,76.80,65.52,34.29,74.44
78.75,78.75,64.61,45.02,76.04
79.18,79.18,66.56,51.62,73.48
80.37,80.37,79.73,69.61,76.80
78.66,78.66,87.47,76.69,78.22
77.56,77.56,81.13,76.45,76.04
79.25,79.25,78.51,77.71,75.47
78.73,78.73,79.96,81.02,73.51
76.99,76.99,73.34,77.11,72.68
73.32,73.32,70.21,77.06,75.77
72.12,72.12,70.64,77.85,73.35
71.03,71.03,69.97,79.86,73.99
69.50,69.50,68.12,79.37,75.09
67.56,67.56,70.31,78.93,75.56
82.67,82.67,73.04,77.88,78.31
85.14,85.14,69.44,79.54,76.23
85.17,85.17,63.24,80.44,75.25
85.41,85.41,56.38,79.94,77.27
86.12,86.12,58.46,76.18,75.68
86.92,86.92,53.88,78.85,75.89
87.93,87.93,55.30,79.55,73.34
88.38,88.38,54.53,76.48,72.86
88.22,88.22,51.60,79.44,69.76
87.36,87.36,52.95,79.70,65.40
86.78,86.78,53.03,79.00,69.91
86.37,86.37,44.86,69.91,65.75
86.82,86.82,42.70,56.41,62.83
86.85,86.85,50.05,56.09,62.92
86.87,86.87,46.73,50.06,56.04
85.59,85.59,48.19,44.51,56.68
78.53,78.53,50.51,34.92,50.53
73.96,73.96,54.62,27.01,48.80
70.91,70.91,80.92,20.51,55.52
72.71,72.71,80.29,26.96,61.77
79.89,79.89,75.65,29.92,72.91
83.42,83.42,76.46,23.73,81.06
83.02,83.02,78.82,23.60,76.20
82.68,82.68,75.34,17.34,75.57
82.44,82.44,59.40,6.40,74.98
82.10,82.10,66.55,7.73,75.74
82.98,82.98,61.26,23.18,75.14
82.79,82.79,62.45,31.63,74.94
82.81,82.81,61.19,37.62,73.56
81.78,81.78,69.34,50.80,70.94
80.83,80.83,89.24,65.39,72.03
79.13,79.13,84.18,70.59,72.18
80.50,80.50,79.10,71.96,75.33
81.94,81.94,80.97,74.38,76.48
81.38,81.38,78.73,73.99,74.82
80.34,80.34,74.41,70.70,73.75
79.99,79.99,72.02,70.77,74.07
80.18,80.18,68.08,72.41,75.05
78.37,78.37,64.76,70.21,74.51
70.05,70.05,63.08,71.12,74.11
75.36,75.36,65.73,71.77,72.16
82.37,82.37,64.87,74.17,72.38
80.62,80.62,61.12,77.27,73.77
76.49,76.49,59.97,77.63,78.05
63.83,63.83,51.05,75.57,77.40
58.16,58.16,58.96,73.97,75.98
53.27,53.27,56.42,74.89,75.57
56.69,56.69,52.62,76.60,70.54
59.92,59.92,51.77,76.77,65.47
59.68,59.68,50.13,77.18,61.04
60.94,60.94,53.75,77.60,68.83
60.12,60.12,56.29,78.14,66.31
56.26,56.26,50.83,71.42,60.09
51.53,51.53,43.37,65.04,56.53
47.40,47.40,40.07,57.72,56.70
44.90,44.90,49.39,57.61,52.24
50.06,50.06,46.99,44.08,44.20
48.45,48.45,56.15,40.19,48.53
69.37,69.37,57.49,25.88,53.92
73.00,73.00,69.76,35.52,63.46
83.59,83.59,81.56,50.08,66.60
84.70,84.70,83.22,57.33,78.26
83.24,83.24,70.88,61.75,77.99
82.30,82.30,79.53,61.03,79.22
79.84,79.84,76.48,61.45,77.82
78.60,78.60,64.21,56.98,75.60
79.67,79.67,70.34,52.63,75.69
81.60,81.60,61.42,48.92,74.34
81.60,81.60,63.48,47.93,74.23
78.27,78.27,63.78,50.62,70.67
79.45,79.45,76.98,69.71,74.85
80.97,80.97,86.55,74.83,73.50
76.59,76.59,81.22,76.17,77.84
78.58,78.58,81.35,76.01,80.35
80.71,80.71,80.81,80.36,80.24
78.49,78.49,77.06,78.72,80.66
79.81,79.81,73.25,79.57,79.70
79.83,79.83,73.98,78.64,79.62
80.32,80.32,71.64,78.45,78.83
79.21,79.21,66.80,77.18,79.17
77.79,77.79,69.62,77.86,77.91
78.75,78.75,69.07,80.19,79.37
80.92,80.92,70.22,79.44,78.46
79.69,79.69,66.95,78.84,80.88
83.40,83.40,60.35,79.14,83.26
81.72,81.72,52.13,79.55,83.66
79.16,79.16,52.61,77.76,82.14
79.90,79.90,52.56,76.86,82.49
78.98,78.98,56.97,77.84,79.84
72.18,72.18,61.78,76.40,80.51
79.81,79.81,69.97,78.01,78.86
77.74,77.74,68.21,76.54,74.91
77.32,77.32,64.19,68.88,78.81
79.55,79.55,61.11,70.31,82.65
79.71,79.71,58.41,64.63,80.84
76.20,76.20,53.84,56.60,82.53
79.65,79.65,52.81,51.66,83.93
80.87,80.87,57.04,46.66,80.64
79.07,79.07,58.08,39.92,80.62
77.93,77.93,70.05,43.30,78.24
79.75,79.75,83.15,47.37,77.52
78.87,78.87,82.28,52.75,76.62
77.75,77.75,74.75,64.01,72.43
81.28,81.28,79.48,64.97,67.67
80.68,80.68,75.27,66.83,65.08
79.16,79.16,77.52,72.07,61.29
79.19,79.19,68.10,67.58,62.63
76.94,76.94,67.16,69.18,58.75
77.24,77.24,65.50,67.31,61.34
77.90,77.90,69.42,67.05,61.50
78.36,78.36,63.94,58.81,60.18
75.21,75.21,71.82,58.16,67.21
66.21,66.21,88.23,68.61,80.50
70.19,70.19,83.62,72.00,78.09
78.14,78.14,82.18,74.44,80.15
79.91,79.91,75.46,76.32,81.84
66.92,66.92,79.40,78.35,82.44
61.76,61.76,73.98,79.29,80.03
66.55,66.55,69.93,78.75,77.76
63.59,63.59,64.98,77.95,77.16
63.24,63.24,67.92,77.12,79.78
59.47,59.47,65.12,76.17,79.97
59.39,59.39,72.28,76.40,75.79
52.24,52.24,62.84,76.12,77.12
63.80,63.80,66.23,76.21,80.05
59.76,59.76,63.41,74.91,79.39
58.52,58.52,57.29,73.37,78.40
57.19,57.19,57.72,74.44,78.08
49.31,49.31,59.81,74.97,78.11
42.99,42.99,54.72,73.28,77.92
43.29,43.29,58.16,72.97,75.61
47.79,47.79,62.96,75.30,75.80
44.47,44.47,68.61,75.00,74.00
46.42,46.42,65.82,70.04,74.32
47.70,47.70,62.35,66.54,70.22
44.99,44.99,60.83,60.29,65.00
43.39,43.39,58.54,52.55,61.75
41.22,41.22,54.20,50.02,61.86
39.10,39.10,50.16,43.56,58.91
38.94,38.94,54.37,31.79,56.54
33.42,33.42,57.97,17.23,55.85
27.07,27.07,81.74,0.99,69.16
26.76,26.76,81.06,8.22,73.50
23.11,23.11,79.02,15.00,79.36
23.23,23.23,79.62,14.19,81.97
26.99,26.99,76.60,10.85,83.27
34.95,34.95,76.98,6.16,82.91
40.27,40.27,66.20,5.34,81.56
44.79,44.79,68.70,13.10,80.66
48.88,48.88,65.47,17.20,78.47
52.28,52.28,65.22,23.73,76.97
55.31,55.31,68.79,39.66,77.94
57.31,57.31,66.66,49.30,78.49
57.40,57.40,87.60,61.19,76.43
56.22,56.22,84.20,69.96,79.90
54.73,54.73,82.91,70.41,78.85
52.13,52.13,78.34,65.70,77.94
50.27,50.27,78.75,68.24,76.84
46.02,46.02,74.04,68.18,77.21
37.73,37.73,67.61,70.69,79.01
32.43,32.43,73.20,75.27,78.13
36.17,36.17,65.60,76.34,73.21
49.90,49.90,68.04,75.79,74.19
59.87,59.87,72.61,76.74,73.62
64.34,64.34,69.04,76.43,74.43
73.29,73.29,66.19,73.71,78.90
83.99,83.99,63.87,68.99,75.28
85.27,85.27,60.18,71.73,72.30
84.41,84.41,57.41,73.34,73.94
75.89,75.89,55.57,76.21,76.80
60.45,60.45,52.21,72.50,75.43
56.60,56.60,48.78,68.28,71.29
56.99,56.99,49.18,71.41,75.15
59.09,59.09,51.77,75.67,73.46
54.04,54.04,51.76,77.00,76.38
54.19,54.19,51.22,75.81,70.82
54.27,54.27,44.66,75.90,67.09
54.72,54.72,49.57,77.25,64.97
51.91,51.91,46.64,77.96,58.42
63.85,63.85,51.28,77.29,54.83
71.49,71.49,60.49,76.78,52.66
74.16,74.16,72.89,74.68,57.13
71.30,71.30,84.77,76.50,54.37
73.46,73.46,76.27,76.54,60.80
77.15,77.15,73.33,71.79,67.47
88.11,88.11,78.01,73.07,80.18
85.55,85.55,73.40,74.23,74.18
84.46,84.46,69.88,75.74,74.14
83.04,83.04,67.94,75.34,74.57
82.72,82.72,65.90,76.29,72.13
82.32,82.32,61.87,76.13,71.07
81.01,81.01,55.67,74.00,71.53
82.39,82.39,71.20,72.80,71.68
83.67,83.67,78.07,65.21,71.72
84.33,84.33,89.28,68.72,72.16
84.18,84.18,78.37,71.12,66.99
84.44,84.44,79.21,72.28,69.03
84.58,84.58,81.22,79.11,67.22
84.93,84.93,75.96,76.89,69.53
83.90,83.90,73.39,75.26,65.02
83.26,83.26,73.29,75.05,68.80
82.86,82.86,71.75,73.72,64.04
82.38,82.38,67.86,76.89,71.98
82.37,82.37,62.05,77.16,66.55
81.47,81.47,69.06,77.39,70.85
82.90,82.90,72.00,74.94,73.48
83.08,83.08,66.37,79.21,74.30
83.69,83.69,59.71,79.21,77.69
84.55,84.55,60.51,75.21,73.14
84.47,84.47,57.49,76.17,74.12
84.39,84.39,62.82,77.37,69.73
84.35,84.35,57.89,76.95,68.72
84.34,84.34,59.57,78.78,66.34
82.91,82.91,58.09,77.22,69.99
82.89,82.89,52.31,75.13,68.73
82.88,82.88,49.49,74.74,58.61
81.78,81.78,52.45,69.85,54.89
73.69,73.69,54.39,63.42,52.09
58.37,58.37,49.35,58.57,45.19
49.93,49.93,57.92,59.88,41.52
51.35,51.35,52.41,50.82,48.06
45.78,45.78,52.50,31.17,51.16
50.36,50.36,53.73,18.46,55.36
69.60,69.60,83.13,20.29,67.56
81.49,81.49,84.53,36.80,70.22
84.62,84.62,74.32,39.50,78.18
85.79,85.79,77.47,38.49,76.29
85.36,85.36,78.51,33.18,76.95
86.30,86.30,71.91,35.89,77.20
85.91,85.91,67.66,27.81,76.69
85.58,85.58,65.41,31.67,78.29
85.65,85.65,62.03,33.21,74.34
85.60,85.60,62.75,39.11,73.32
86.41,86.41,71.75,53.86,75.62
86.99,86.99,85.97,66.58,74.79
86.26,86.26,85.47,71.00,73.86
85.62,85.62,78.08,73.44,71.63
85.60,85.60,80.86,80.35,74.94
85.77,85.77,80.53,80.70,71.35
86.39,86.39,77.16,79.12,71.84
86.73,86.73,71.54,75.32,73.53
86.94,86.94,69.88,77.25,73.82
85.90,85.90,63.42,77.73,72.72
84.07,84.07,68.60,78.89,71.50
81.20,81.20,67.93,78.52,72.57
81.58,81.58,70.78,76.29,72.18
83.46,83.46,71.55,77.65,70.63
82.93,82.93,66.83,76.31,73.96
82.84,82.84,54.10,79.23,67.29
81.75,81.75,54.49,78.97,73.95
83.58,83.58,60.24,79.20,70.32
83.42,83.42,58.55,75.51,70.31
82.80,82.80,58.34,75.71,71.11
81.31,81.31,70.23,77.08,77.71
72.87,72.87,70.05,76.63,79.37
69.12,69.12,67.63,66.82,78.15
55.90,55.90,63.06,58.44,76.15
54.42,54.42,62.91,58.09,77.46
49.70,49.70,59.45,41.44,75.90
45.52,45.52,54.26,48.48,76.23
43.17,43.17,54.59,44.44,74.09
45.30,45.30,55.08,31.84,72.34
46.64,46.64,63.73,30.20,72.67
48.71,48.71,65.32,38.63,67.59
62.77,62.77,86.98,54.47,63.90
60.65,60.65,79.93,59.58,61.11
73.73,73.73,78.58,64.89,60.63
87.44,87.44,76.13,63.90,62.75
86.99,86.99,76.36,59.57,67.64
86.56,86.56,71.63,49.23,62.72
85.97,85.97,69.30,43.14,62.30
86.14,86.14,69.28,37.63,64.22
86.52,86.52,64.34,37.62,61.05
86.32,86.32,65.00,38.32,58.06
86.30,86.30,65.70,45.41,65.59
84.81,84.81,79.37,58.13,72.83
85.22,85.22,86.27,68.35,71.09
85.13,85.13,81.78,75.49,69.81
84.57,84.57,71.92,79.58,72.39
84.52,84.52,80.48,80.46,72.67
84.12,84.12,77.42,79.06,70.58
84.07,84.07,69.69,78.98,70.93
83.78,83.78,73.43,78.72,74.34
84.53,84.53,67.77,78.45,66.73
83.30,83.30,66.16,80.55,71.36
81.15,81.15,69.01,79.07,72.38
80.64,80.64,68.14,80.05,66.85
82.13,82.13,68.90,79.91,70.60
81.76,81.76,64.82,79.20,69.30
81.08,81.08,60.19,78.98,66.57
80.48,80.48,58.22,78.97,68.99
81.27,81.27,53.88,78.97,68.22
82.66,82.66,50.64,78.18,68.52
81.74,81.74,56.67,78.17,66.26
80.58,80.58,56.71,78.66,69.81
77.97,77.97,64.30,78.02,66.92
77.77,77.77,68.31,76.58,74.40
79.47,79.47,65.64,76.88,72.71
77.39,77.39,62.12,70.50,70.68
77.70,77.70,56.26,62.34,70.22
80.13,80.13,53.93,56.39,68.29
82.00,82.00,49.73,52.24,69.54
81.43,81.43,49.72,45.28,65.56
80.58,80.58,60.47,32.46,64.36
80.50,80.50,61.55,27.85,59.13
75.91,75.91,86.08,29.56,64.03
68.26,68.26,77.08,34.46,70.76
76.38,76.38,78.16,38.95,77.93
74.66,74.66,77.63,36.57,77.72
75.78,75.78,76.53,29.65,75.94
75.72,75.72,71.25,18.46,75.15
77.59,77.59,63.34,18.49,73.47
78.05,78.05,68.28,23.53,73.63
77.97,77.97,64.44,31.95,73.81
78.80,78.80,63.43,40.18,73.57
77.94,77.94,67.37,52.23,71.47
78.92,78.92,78.13,60.83,70.81
75.87,75.87,87.69,68.28,74.44
70.74,70.74,80.88,73.23,75.29
69.16,69.16,74.49,71.33,72.50
66.02,66.02,81.62,74.90,71.91
64.44,64.44,78.27,70.53,70.87
61.82,61.82,73.74,72.10,71.84
53.26,53.26,72.09,76.38,68.17
46.38,46.38,72.38,76.12,68.31
53.80,53.80,69.89,75.20,70.58
61.25,61.25,69.64,77.08,70.41
75.70,75.70,71.54,75.28,77.24
84.95,84.95,72.10,77.64,80.90
87.34,87.34,66.78,77.15,79.50
87.84,87.84,63.18,78.38,78.49
87.31,87.31,62.46,77.65,79.34
85.83,85.83,59.12,78.66,78.05
86.31,86.31,57.47,80.22,72.08
86.91,86.91,50.04,76.47,71.61
87.83,87.83,49.66,76.93,66.36
87.46,87.46,51.75,78.57,59.23
86.87,86.87,49.41,77.04,64.12
86.76,86.76,42.87,70.42,60.85
85.79,85.79,41.75,54.48,59.05
81.60,81.60,45.84,54.79,57.37
62.63,62.63,44.40,42.45,57.97
55.24,55.24,53.32,39.81,55.48
49.52,49.52,58.06,30.70,55.93
69.85,69.85,62.85,31.38,54.54
63.19,63.19,73.99,11.02,63.23
62.63,62.63,81.24,10.82,63.92
70.84,70.84,77.86,13.25,76.75
82.25,82.25,70.62,6.94,77.59
82.84,82.84,78.41,10.64,74.64
84.85,84.85,74.21,10.20,73.62
85.95,85.95,61.71,11.04,73.78
86.79,86.79,62.53,12.71,74.03
86.08,86.08,62.43,31.25,73.02
85.74,85.74,66.15,42.11,72.21
84.48,84.48,63.34,48.03,69.60
83.23,83.23,72.72,57.42,68.88
80.78,80.78,90.24,68.47,73.96
80.67,80.67,87.04,74.18,71.35
77.39,77.39,80.95,73.30,75.79
62.20,62.20,79.51,68.01,75.86
59.54,59.54,81.78,76.13,73.32
54.76,54.76,75.87,73.24,73.24
51.39,51.39,75.26,69.78,72.79
54.45,54.45,70.39,67.67,70.67
55.43,55.43,66.88,68.89,73.02
53.17,53.17,65.40,69.55,69.97
65.11,65.11,59.08,73.88,75.88
68.87,68.87,63.61,75.09,81.48
84.05,84.05,64.38,78.27,75.68
86.34,86.34,58.36,78.36,72.67
86.79,86.79,54.08,75.04,76.29
87.20,87.20,59.34,69.77,74.34
86.71,86.71,53.57,73.10,72.70
86.22,86.22,47.68,75.09,70.71
86.05,86.05,50.91,76.19,68.70
85.99,85.99,48.58,76.13,74.64
85.88,85.88,51.15,77.12,76.79
85.65,85.65,49.39,77.66,72.43
86.34,86.34,42.51,73.34,67.85
86.47,86.47,42.75,70.07,64.74
86.22,86.22,45.56,62.28,64.55
86.25,86.25,45.35,57.83,57.26
86.47,86.47,55.41,52.17,53.32
86.16,86.16,50.92,43.92,51.31
85.78,85.78,56.14,36.98,60.08
84.58,84.58,70.99,30.25,66.55
83.36,83.36,85.06,10.60,80.31
83.54,83.54,78.15,5.64,77.44
80.81,80.81,76.98,14.58,75.75
79.83,79.83,78.42,21.85,76.00
80.16,80.16,75.17,24.57,76.08
78.75,78.75,73.42,25.46,75.27
78.35,78.35,65.83,20.16,76.89
77.61,77.61,64.36,25.60,74.81
78.58,78.58,62.99,40.86,73.74
78.81,78.81,65.03,51.86,70.03
77.63,77.63,73.44,67.67,72.63
74.71,74.71,88.55,76.27,76.95
74.75,74.75,83.36,73.75,76.96
76.00,76.00,78.92,75.78,77.41
75.23,75.23,76.76,73.25,78.65
75.61,75.61,79.05,78.45,78.28
75.62,75.62,72.54,76.63,76.73
75.99,75.99,68.92,78.47,76.77
76.90,76.90,70.19,77.74,76.75
75.36,75.36,63.68,74.26,77.23
75.79,75.79,65.34,76.17,77.67
71.56,71.56,71.17,77.40,78.26
76.73,76.73,69.47,79.72,80.73
77.62,77.62,67.59,77.34,81.02
77.04,77.04,66.02,77.66,81.99
73.95,73.95,50.91,77.71,82.74
72.37,72.37,52.52,77.63,80.31
71.56,71.56,57.77,76.72,79.45
77.71,77.71,58.78,76.24,80.25
77.30,77.30,59.11,77.53,77.99
75.84,75.84,70.23,72.56,77.20
71.60,71.60,66.74,75.28,75.42
72.91,72.91,63.21,74.89,80.84
72.88,72.88,58.63,67.68,82.88
64.64,64.64,55.79,69.92,81.05
69.02,69.02,50.36,64.42,79.52
75.37,75.37,47.73,54.33,79.83
75.56,75.56,51.62,47.76,79.25
72.93,72.93,61.79,35.40,75.90
69.51,69.51,68.37,24.95,75.05
68.19,68.19,76.58,19.81,73.51
75.24,75.24,82.69,30.87,70.21
74.95,74.95,76.77,35.28,67.65
77.80,77.80,65.39,31.04,68.92
78.53,78.53,78.60,17.84,68.33
78.76,78.76,75.26,24.30,66.95
78.88,78.88,65.20,20.41,61.84
77.35,77.35,67.85,22.22,59.75
75.69,75.69,64.30,26.74,60.27
75.62,75.62,64.22,36.64,57.31
75.65,75.65,62.67,50.31,62.20
76.74,76.74,67.04,54.86,65.85
68.48,68.48,87.77,63.23,75.56
76.74,76.74,86.01,65.70,81.19
74.84,74.84,73.51,65.72,80.89
74.91,74.91,77.12,73.80,79.85
77.28,77.28,77.58,76.53,77.44
76.07,76.07,76.11,76.94,76.89
72.72,72.72,71.59,76.46,78.15
75.55,75.55,68.91,75.84,75.85
73.29,73.29,64.27,75.88,75.11
70.82,70.82,67.31,75.73,75.33
68.09,68.09,66.15,75.59,76.38
68.59,68.59,67.84,74.17,77.03
71.03,71.03,64.77,72.30,74.16
72.86,72.86,60.72,74.37,76.62
75.17,75.17,59.02,74.14,78.08
70.63,70.63,54.46,73.93,76.53
63.73,63.73,57.63,76.63,77.43
61.35,61.35,54.64,77.16,78.63
57.90,57.90,52.80,76.99,77.63
56.19,56.19,57.00,75.23,74.92
53.62,53.62,71.55,74.57,74.38
48.66,48.66,71.19,74.79,77.93
51.82,51.82,64.76,68.75,76.28
57.14,57.14,60.68,59.19,74.41
48.89,48.89,58.23,54.37,74.74
44.51,44.51,55.72,49.38,72.36
43.53,43.53,50.58,37.43,66.98
46.33,46.33,59.86,35.43,62.47
36.33,36.33,60.22,22.73,63.20
37.19,37.19,72.47,10.00,64.84
34.07,34.07,84.41,19.25,68.91
27.50,27.50,83.92,30.41,71.35
24.07,24.07,80.75,32.93,82.33
25.79,25.79,80.41,31.85,82.58
32.13,32.13,73.93,33.58,79.17
33.28,33.28,67.98,27.63,77.35
31.42,31.42,69.57,16.16,79.77
24.46,24.46,65.95,25.81,78.72
22.47,22.47,67.53,25.00,79.28
17.80,17.80,68.69,36.73,77.98
19.79,19.79,65.01,44.01,77.11
21.49,21.49,84.25,58.47,75.48
17.22,17.22,86.00,65.27,72.35
14.41,14.41,81.64,72.01,75.72
19.36,19.36,77.98,75.42,77.03
25.67,25.67,80.16,76.43,75.66
31.96,31.96,78.49,73.15,75.08
34.76,34.76,74.26,72.94,74.48
40.56,40.56,74.16,77.20,75.41
41.15,41.15,73.97,76.10,72.38
43.39,43.39,66.47,74.69,71.23
47.12,47.12,70.84,74.45,71.91
45.21,45.21,69.29,75.83,71.96
50.00,50.00,69.12,79.76,76.72
51.68,51.68,62.88,77.49,79.50
52.90,52.90,56.53,78.60,78.60
54.94,54.94,58.87,76.10,76.87
58.01,58.01,56.47,78.22,77.35
57.20,57.20,50.32,79.41,79.56
57.93,57.93,48.43,77.05,74.92
58.88,58.88,49.92,72.90,72.46
58.95,58.95,52.22,67.14,70.40
54.42,54.42,52.74,73.99,73.30
48.06,48.06,48.39,79.92,73.82
42.37,42.37,45.57,78.17,73.83
45.93,45.93,44.88,75.64,71.18
49.52,49.52,46.19,78.41,69.20
49.94,49.94,53.63,79.02,66.08
60.05,60.05,59.01,80.14,63.15
71.23,71.23,66.87,78.04,61.03
72.78,72.78,84.55,82.07,63.42
75.79,75.79,79.29,82.49,64.19
75.22,75.22,77.88,79.38,67.09
85.09,85.09,77.06,79.22,70.96
88.23,88.23,76.15,77.62,76.37
87.10,87.10,72.21,77.36,76.68
84.66,84.66,64.24,76.62,75.61
83.93,83.93,62.09,78.82,75.30
85.09,85.09,59.72,78.49,75.18
84.71,84.71,62.53,78.29,71.51
84.82,84.82,70.83,74.77,68.24
85.72,85.72,76.13,66.38,67.31
85.22,85.22,88.48,72.56,61.52
84.45,84.45,86.10,74.15,63.55
83.17,83.17,79.28,73.33,65.51
84.23,84.23,79.16,76.93,66.16
83.68,83.68,77.51,77.41,64.74
83.91,83.91,76.02,76.31,65.18
83.49,83.49,73.28,74.96,61.05
84.21,84.21,72.75,73.82,59.65
82.73,82.73,66.01,78.89,56.29
79.40,79.40,66.90,73.97,57.85
81.65,81.65,64.93,75.94,55.00
83.38,83.38,71.58,77.14,59.25
84.76,84.76,65.53,77.23,68.85
84.13,84.13,64.22,75.88,74.40
84.50,84.50,62.56,76.82,79.22
84.19,84.19,59.67,78.73,78.34
83.34,83.34,58.42,76.37,77.70
83.68,83.68,59.77,79.63,76.91
83.31,83.31,59.44,78.30,76.31
80.90,80.90,53.44,78.97,77.47
73.99,73.99,52.01,80.73,74.00
73.26,73.26,48.90,72.69,74.15
72.58,72.58,47.45,62.84,61.20
72.14,72.14,55.23,56.62,58.43
71.35,71.35,54.32,48.65,53.58
70.68,70.68,54.82,46.49,50.18
72.50,72.50,58.49,41.77,52.24
70.19,70.19,54.26,32.32,51.26
70.56,70.56,58.60,22.82,50.66
69.92,69.92,72.68,29.62,60.36
64.77,64.77,81.70,39.57,64.75
79.86,79.86,78.59,46.48,71.25
84.32,84.32,75.08,48.10,72.62
83.88,83.88,77.75,52.05,76.44
86.86,86.86,73.90,51.89,74.70
88.24,88.24,75.45,45.60,72.42
85.23,85.23,69.62,40.35,75.70
86.24,86.24,74.03,40.28,74.60
85.85,85.85,70.29,49.57,71.04
85.40,85.40,69.03,53.42,69.94
84.42,84.42,78.17,56.03,70.16
83.88,83.88,84.93,66.37,72.49
83.55,83.55,81.63,70.38,68.57
83.59,83.59,79.27,72.94,71.32
85.24,85.24,83.00,74.63,67.82
85.22,85.22,73.05,73.06,69.78
85.45,85.45,70.46,70.55,68.53
84.29,84.29,67.74,69.82,69.92
83.26,83.26,67.21,71.77,71.07
79.23,79.23,66.28,73.44,66.79
74.55,74.55,64.98,72.07,67.30
75.49,75.49,69.04,69.59,66.80
78.11,78.11,62.53,69.21,66.72
81.21,81.21,61.70,71.84,69.35
82.75,82.75,53.47,73.27,67.48
83.33,83.33,57.56,75.62,68.02
82.46,82.46,50.72,76.63,67.41
83.82,83.82,56.68,76.29,64.91
83.87,83.87,56.38,76.84,68.18
83.14,83.14,61.84,77.11,65.70
83.38,83.38,70.00,77.53,64.39
83.89,83.89,69.05,74.95,71.35
84.17,84.17,63.36,78.93,81.38
84.59,84.59,59.03,67.36,81.13
85.15,85.15,53.69,62.03,80.60
86.76,86.76,52.04,47.30,77.58
86.05,86.05,50.73,42.43,71.09
85.87,85.87,49.54,34.21,57.39
85.49,85.49,52.33,27.69,55.27
82.88,82.88,63.56,10.98,51.52
79.73,79.73,83.45,6.74,53.25
83.87,83.87,81.87,3.14,51.86
84.07,84.07,74.68,3.98,54.95
84.22,84.22,72.83,12.52,55.79
84.46,84.46,77.37,18.29,58.23
83.87,83.87,74.77,18.29,54.49
83.61,83.61,67.80,20.88,55.49
83.55,83.55,67.66,23.75,52.20
83.58,83.58,63.26,23.02,51.29
82.77,82.77,63.15,23.69,50.37
82.61,82.61,64.84,41.86,50.84
80.79,80.79,67.01,54.06,63.77
80.34,80.34,88.23,63.04,77.60
83.25,83.25,83.65,61.54,74.78
82.49,82.49,76.32,71.19,76.10
83.45,83.45,81.10,73.35,74.40
83.66,83.66,75.38,71.77,72.45
83.16,83.16,69.89,68.97,75.35
81.58,81.58,69.69,70.48,73.72
81.35,81.35,71.71,72.06,72.21
81.39,81.39,64.96,75.66,75.87
81.92,81.92,62.97,75.47,72.50
83.32,83.32,61.92,77.29,75.53
84.43,84.43,61.52,77.42,74.48
83.72,83.72,58.96,75.19,71.32
83.86,83.86,57.71,75.66,74.98
82.35,82.35,57.44,75.40,73.39
80.19,80.19,53.20,77.08,69.43
76.86,76.86,50.37,76.71,73.94
73.80,73.80,46.92,73.34,70.79
71.66,71.66,52.07,74.12,70.44
69.10,69.10,58.69,75.98,67.71
68.86,68.86,67.45,74.33,56.62
77.65,77.65,62.72,76.35,62.98
85.54,85.54,57.98,68.56,53.81
85.78,85.78,53.95,65.99,50.85
85.32,85.32,51.59,59.01,54.82
85.08,85.08,46.04,45.82,53.20
84.73,84.73,44.77,44.46,54.52
83.31,83.31,52.45,38.81,50.83
82.18,82.18,55.35,20.45,54.28
80.24,80.24,82.55,9.34,65.49
79.41,79.41,81.94,-0.00,71.63
82.95,82.95,75.52,-0.00,70.15
86.55,86.55,75.23,-0.00,72.44
85.31,85.31,81.44,-0.00,70.02
85.10,85.10,72.06,2.90,70.71
83.80,83.80,68.16,5.17,70.29
83.93,83.93,65.07,15.64,69.93
81.80,81.80,65.13,24.07,68.86
80.58,80.58,62.46,32.29,69.30
80.85,80.85,68.71,46.04,67.48
80.82,80.82,69.08,63.69,63.98
82.11,82.11,89.31,77.73,66.11
79.17,79.17,80.00,78.10,63.65
80.11,80.11,79.54,78.05,66.73
80.87,80.87,75.87,77.99,67.54
80.54,80.54,79.21,81.21,66.23
81.24,81.24,76.86,82.16,68.49
81.35,81.35,72.05,82.39,66.94
81.68,81.68,72.61,81.50,62.96
82.28,82.28,65.71,79.60,65.19
81.01,81.01,69.16,81.17,72.87
80.40,80.40,73.34,81.05,72.05
81.44,81.44,72.17,84.21,71.06
81.72,81.72,67.94,82.69,74.51
82.88,82.88,67.08,82.68,69.45
82.78,82.78,59.51,80.62,70.67
77.89,77.89,58.05,80.63,68.88
77.88,77.88,59.16,82.13,66.74
78.27,78.27,54.30,81.24,66.01
78.11,78.11,51.17,78.53,64.55
79.41,79.41,52.39,75.71,66.94
79.75,79.75,49.95,78.20,62.10
79.42,79.42,53.28,79.05,63.48
75.12,75.12,51.03,68.06,60.77
72.38,72.38,51.33,59.15,56.15
70.25,70.25,58.02,55.81,56.11
64.08,64.08,60.30,49.58,52.21
58.38,58.38,55.91,40.86,47.47
58.63,58.63,56.92,28.16,51.48
70.30,70.30,67.95,11.32,65.60
66.92,66.92,84.16,16.32,76.98
62.25,62.25,81.26,22.79,79.78
65.26,65.26,76.27,20.95,75.06
65.45,65.45,79.86,9.66,73.86
80.79,80.79,75.04,11.60,74.05
82.01,82.01,63.84,9.33,71.58
82.62,82.62,64.75,24.02,73.04
82.73,82.73,59.87,35.91,69.26
82.15,82.15,60.88,48.82,69.31
80.35,80.35,62.22,51.12,66.94
81.83,81.83,70.14,70.33,68.51
80.41,80.41,82.32,74.93,70.96
79.76,79.76,86.12,74.96,69.15
80.67,80.67,81.65,76.73,67.75
81.20,81.20,79.47,72.39,70.21
80.59,80.59,78.90,66.25,70.13
80.33,80.33,76.97,70.27,70.85
79.21,79.21,73.29,75.39,69.21
81.30,81.30,70.55,74.76,66.75
80.43,80.43,68.70,73.57,63.63
81.05,81.05,62.62,75.18,65.54
80.31,80.31,61.06,76.15,78.64
80.48,80.48,70.75,75.39,75.46
81.49,81.49,68.90,75.89,74.92
82.41,82.41,58.04,76.88,77.08
82.73,82.73,55.61,74.92,71.71
83.59,83.59,61.38,77.41,72.82
83.63,83.63,57.92,78.08,67.57
83.13,83.13,61.47,77.15,66.21
83.16,83.16,59.02,76.68,62.64
83.98,83.98,62.35,78.67,67.47
83.56,83.56,65.48,80.55,64.49
83.30,83.30,61.50,67.90,61.50
83.00,83.00,57.74,58.74,61.07
82.85,82.85,54.31,55.76,62.30
83.14,83.14,55.34,49.98,53.68
82.70,82.70,54.81,43.88,55.56
83.01,83.01,56.08,41.49,52.28
82.75,82.75,44.91,32.51,54.97
83.21,83.21,55.93,17.84,54.09
83.28,83.28,58.25,8.97,60.92
84.36,84.36,83.95,3.68,78.37
82.48,82.48,79.88,-0.00,80.93
81.85,81.85,77.61,0.53,77.51
82.39,82.39,77.70,15.06,74.82
83.77,83.77,78.95,25.59,72.97
82.90,82.90,75.44,27.79,76.97
82.85,82.85,63.05,26.86,73.04
83.73,83.73,66.25,26.72,73.84
81.92,81.92,64.39,44.11,74.03
81.30,81.30,64.36,53.95,71.56
81.65,81.65,69.54,62.71,67.50
81.18,81.18,88.20,72.21,74.51
80.17,80.17,79.44,76.64,67.84
82.10,82.10,80.21,75.69,69.04
80.55,80.55,75.95,71.66,69.74
81.03,81.03,78.02,72.75,69.52
84.41,84.41,75.91,75.01,67.61
85.13,85.13,65.09,75.78,68.10
85.87,85.87,69.33,74.30,69.28
86.29,86.29,65.08,73.98,69.40
86.15,86.15,60.94,75.67,70.34
86.53,86.53,68.87,79.34,71.79
85.68,85.68,66.79,77.86,68.41
85.75,85.75,64.06,74.34,70.05
85.34,85.34,56.72,75.37,67.62
85.76,85.76,60.56,76.03,69.35
86.37,86.37,61.58,77.66,66.00
86.58,86.58,53.46,75.90,68.82
86.95,86.95,52.98,76.66,66.95
86.85,86.85,56.01,70.90,68.07
87.10,87.10,66.38,67.11,64.76
87.42,87.42,68.10,69.46,66.42
84.46,84.46,67.33,75.66,75.82
85.02,85.02,61.80,81.83,67.06
85.30,85.30,56.97,79.15,62.12
86.61,86.61,53.43,78.43,60.06
84.32,84.32,48.85,78.79,57.23
82.18,82.18,47.71,79.59,52.47
76.88,76.88,47.30,80.45,51.94
75.74,75.74,59.13,78.48,52.65
75.13,75.13,71.25,82.06,55.13
77.35,77.35,83.80,81.17,53.40
79.98,79.98,78.08,79.16,52.83
80.87,80.87,75.51,77.99,54.31
80.05,80.05,77.61,79.20,55.85
78.84,78.84,74.73,77.79,56.59
79.34,79.34,68.73,76.12,56.51
78.99,78.99,67.78,77.17,52.45
78.46,78.46,65.30,78.91,53.60
80.44,80.44,55.84,77.14,51.88
80.04,80.04,64.47,75.50,56.38
80.24,80.24,70.71,64.95,55.73
82.33,82.33,82.34,66.11,68.32
81.43,81.43,86.99,74.68,71.61
79.07,79.07,80.33,78.99,71.03
80.15,80.15,72.57,81.89,71.39
80.95,80.95,82.12,82.56,70.86
80.87,80.87,77.68,80.24,69.93
79.75,79.75,71.80,78.13,70.07
80.38,80.38,72.27,78.23,69.74
81.01,81.01,69.84,80.58,68.65
79.38,79.38,67.84,80.90,69.65
79.47,79.47,68.35,79.96,68.95
80.39,80.39,67.76,80.00,68.17
79.67,79.67,68.16,79.37,68.12
77.37,77.37,66.58,79.09,67.97
79.43,79.43,63.08,80.21,68.42
73.99,73.99,60.64,80.50,66.87
72.67,72.67,51.48,79.61,68.50
71.87,71.87,55.76,78.79,66.51
62.27,62.27,57.50,78.43,70.21
54.48,54.48,59.29,79.97,68.66
61.61,61.61,68.44,76.43,68.02
65.12,65.12,67.14,65.16,66.94
69.13,69.13,67.02,59.49,73.77
75.00,75.00,58.88,49.97,73.32
79.33,79.33,57.75,36.16,72.25
65.47,65.47,53.25,28.92,70.18
50.99,50.99,47.84,28.14,63.55
50.54,50.54,57.18,23.88,56.62
44.71,44.71,59.65,18.00,48.67
46.43,46.43,64.36,12.80,56.68
54.50,54.50,86.33,12.92,66.27
64.69,64.69,81.00,7.63,75.09
68.20,68.20,76.07,7.66,74.82
63.42,63.42,78.67,9.05,75.43
68.37,68.37,77.58,5.78,73.75
85.33,85.33,71.85,9.87,72.57
85.25,85.25,64.13,17.14,72.91
83.77,83.77,66.36,22.80,72.55
82.38,82.38,64.67,27.09,69.40
81.57,81.57,58.49,38.31,68.55
81.12,81.12,69.20,46.00,69.60
80.13,80.13,80.03,61.15,70.77
77.70,77.70,89.10,72.18,77.02
81.74,81.74,83.50,73.21,77.65
80.23,80.23,79.24,74.10,74.52
81.25,81.25,83.61,75.65,72.39
82.19,82.19,77.41,76.62,73.11
81.33,81.33,73.68,75.99,72.72
79.63,79.63,71.66,75.31,73.47
81.48,81.48,68.94,76.18,72.86
82.26,82.26,67.41,77.61,73.72
82.96,82.96,69.26,78.20,71.33
81.24,81.24,72.26,77.64,72.53
80.55,80.55,69.83,75.67,74.86
81.26,81.26,68.43,78.45,72.57
82.63,82.63,62.60,81.15,74.61
81.93,81.93,59.23,81.00,73.99
73.78,73.78,54.81,79.91,75.98
69.06,69.06,59.87,79.25,72.68
58.54,58.54,50.28,77.55,74.22
56.11,56.11,55.11,77.45,72.65
62.71,62.71,57.89,78.15,70.13
67.72,67.72,54.89,80.57,71.10
79.93,79.93,54.84,81.13,67.10
84.45,84.45,57.01,81.01,70.72
85.53,85.53,52.19,79.59,67.65
84.11,84.11,48.22,77.37,67.05
84.07,84.07,49.19,75.94,65.43
86.19,86.19,57.44,75.14,63.32
85.45,85.45,69.19,72.23,63.12
84.63,84.63,76.29,64.76,65.05
76.48,76.48,80.75,58.45,70.13
64.87,64.87,79.73,60.74,74.06
63.34,63.34,77.70,64.81,75.86
66.71,66.71,78.97,70.33,73.84
65.59,65.59,73.48,73.21,77.53
69.01,69.01,67.11,69.21,74.22
69.92,69.92,67.78,66.26,74.40
71.51,71.51,70.19,63.99,71.54
71.19,71.19,70.74,58.06,72.49
65.24,65.24,69.31,48.17,72.91
64.87,64.87,69.21,48.72,70.95
72.69,72.69,85.10,61.09,77.14
79.06,79.06,85.25,64.55,76.85
85.25,85.25,77.66,67.02,77.58
85.46,85.46,77.40,76.67,75.46
82.63,82.63,78.44,77.26,76.71
82.01,82.01,77.11,74.28,76.50
81.14,81.14,69.55,71.45,77.10
81.60,81.60,71.66,76.90,75.24
81.92,81.92,69.61,79.12,75.96
82.23,82.23,68.37,78.64,72.20
83.25,83.25,61.26,73.18,73.86
83.01,83.01,64.14,75.13,74.75
80.24,80.24,68.38,79.35,77.85
79.64,79.64,63.50,78.30,75.57
80.26,80.26,66.64,77.60,76.68
81.80,81.80,64.82,79.40,74.88
79.43,79.43,60.04,77.52,76.35
79.86,79.86,52.85,78.55,75.17
81.23,81.23,56.78,78.34,74.43
80.15,80.15,51.46,78.89,73.34
81.67,81.67,57.79,78.17,68.56
80.09,80.09,51.52,79.10,71.51
80.81,80.81,48.91,76.14,69.37
80.59,80.59,50.15,69.28,70.33
81.08,81.08,56.53,66.94,70.33
81.48,81.48,55.77,62.09,69.63
81.91,81.91,57.35,56.59,70.16
81.23,81.23,63.09,39.82,69.04
81.59,81.59,63.51,38.00,69.12
81.37,81.37,67.18,49.94,66.89
81.85,81.85,84.18,55.80,73.49
82.72,82.72,80.24,58.60,74.05
82.15,82.15,76.14,49.19,82.31
79.44,79.44,81.00,56.21,79.41
81.34,81.34,77.93,52.21,80.71
82.75,82.75,70.67,43.64,78.10
81.01,81.01,71.00,34.76,78.61
80.44,80.44,66.91,25.99,79.31
81.97,81.97,66.06,27.36,77.07
83.26,83.26,67.10,41.18,75.24
83.13,83.13,76.86,53.56,76.77
82.24,82.24,87.67,65.40,75.08
83.25,83.25,79.37,70.55,73.95
82.87,82.87,83.64,74.04,73.09
82.62,82.62,77.16,72.44,74.32
84.72,84.72,78.61,74.74,75.48
84.00,84.00,71.13,77.94,74.28
83.26,83.26,66.82,78.00,74.77
83.96,83.96,72.51,78.21,74.82
82.17,82.17,67.06,78.21,74.93
80.89,80.89,59.91,79.34,73.71
82.54,82.54,73.08,78.93,73.67
83.85,83.85,68.19,78.76,73.67
84.44,84.44,63.27,77.11,73.15
84.48,84.48,55.77,76.32,72.77
83.57,83.57,59.03,77.75,74.17
83.42,83.42,59.34,80.68,71.13
84.19,84.19,56.90,79.27,70.01
84.24,84.24,51.75,78.35,70.37
83.67,83.67,58.39,79.60,68.43
83.70,83.70,68.93,80.69,68.48
83.59,83.59,65.21,77.78,71.72
83.55,83.55,63.23,79.21,81.87
82.98,82.98,57.81,79.29,76.31
83.04,83.04,55.90,67.91,76.82
81.10,81.10,53.19,57.10,74.50
80.16,80.16,50.99,51.47,74.89
81.22,81.22,56.35,41.60,73.14
82.02,82.02,59.48,38.08,65.15
82.61,82.61,60.49,20.62,68.19
83.05,83.05,77.44,22.00,66.86
83.67,83.67,80.53,23.74,64.91
83.13,83.13,79.60,25.82,66.02
82.44,82.44,76.79,35.72,62.49
81.62,81.62,82.01,35.58,64.39
81.94,81.94,70.76,23.32,65.93
81.74,81.74,67.79,25.27,61.86
81.97,81.97,68.93,26.65,61.68
82.05,82.05,65.99,17.58,60.75
82.16,82.16,63.48,24.90,57.84
82.38,82.38,64.36,37.72,59.30
84.00,84.00,66.92,43.95,65.42
80.23,80.23,87.03,68.34,72.30
81.11,81.11,83.56,74.76,75.90
82.88,82.88,81.46,75.68,76.40
83.47,83.47,71.59,68.65,74.05
82.34,82.34,73.97,71.00,77.38
82.72,82.72,76.80,77.60,72.65
82.76,82.76,67.53,75.99,74.06
82.01,82.01,69.47,75.34,72.93
83.55,83.55,69.38,75.46,71.40
82.48,82.48,59.87,77.04,74.55
83.36,83.36,68.97,78.97,75.87
81.96,81.96,64.52,79.41,73.33
80.68,80.68,63.86,76.19,72.67
83.04,83.04,56.50,77.27,69.40
79.31,79.31,57.75,77.60,68.73
81.10,81.10,55.42,79.30,72.14
80.36,80.36,48.60,77.75,69.27
80.63,80.63,49.70,78.70,73.18
81.64,81.64,52.72,79.20,69.11
80.46,80.46,55.90,77.00,70.78
81.05,81.05,68.46,75.97,69.64
80.02,80.02,66.05,70.24,72.00
80.86,80.86,62.21,58.01,78.60
81.96,81.96,57.67,56.54,74.19
81.22,81.22,55.17,49.74,75.79
81.57,81.57,52.85,32.94,70.23
79.89,79.89,53.78,35.20,75.87
81.14,81.14,59.23,26.43,71.58
81.52,81.52,63.93,31.64,73.24
81.71,81.71,78.46,48.54,72.81
81.12,81.12,82.36,58.44,69.14
80.53,80.53,82.34,65.32,72.22
79.54,79.54,75.50,64.80,67.91
80.83,80.83,81.82,66.38,70.26
81.68,81.68,73.79,57.94,70.43
82.30,82.30,70.77,47.68,69.81
82.21,82.21,68.54,33.79,69.06
82.40,82.40,63.92,25.13,67.29
80.43,80.43,64.04,24.40,67.42
80.95,80.95,66.35,33.38,65.55
79.21,79.21,73.12,49.60,69.56
78.23,78.23,85.79,69.92,76.42
79.13,79.13,87.98,72.38,72.62
73.69,73.69,78.49,74.58,71.50
73.82,73.82,80.52,79.22,74.42
75.17,75.17,82.02,79.82,74.49
76.20,76.20,77.38,79.51,70.14
76.57,76.57,74.15,78.55,74.36
75.75,75.75,72.88,76.64,75.61
74.89,74.89,69.14,75.94,69.83
77.50,77.50,67.28,76.24,74.99
78.33,78.33,71.97,79.85,75.58
73.65,73.65,72.01,78.84,75.30
75.65,75.65,70.25,79.25,78.06
76.05,76.05,66.98,75.77,75.41
75.49,75.49,60.17,77.99,79.20
73.98,73.98,57.49,79.37,75.84
73.97,73.97,58.11,79.80,78.48
77.35,77.35,56.26,79.00,76.85
76.90,76.90,54.67,75.11,76.83
76.73,76.73,53.20,76.83,67.87
76.98,76.98,51.28,75.62,74.36
78.19,78.19,47.72,82.14,75.01
76.35,76.35,44.11,78.88,72.44
75.81,75.81,44.33,78.70,72.26
77.23,77.23,45.17,79.64,73.87
79.57,79.57,45.90,79.98,73.09
79.93,79.93,47.54,79.29,73.07
78.90,78.90,63.13,80.32,73.42
79.35,79.35,72.52,78.03,73.13
79.78,79.78,82.32,74.94,73.77
78.28,78.28,78.36,77.04,74.12
78.41,78.41,76.77,77.28,73.78
79.57,79.57,77.12,74.20,80.90
79.31,79.31,71.28,73.21,78.72
78.72,78.72,72.31,77.23,77.48
78.67,78.67,59.02,77.05,77.81
76.75,76.75,59.77,77.93,79.36
77.90,77.90,57.08,77.79,75.21
80.44,80.44,59.80,79.00,75.99
79.63,79.63,64.31,76.45,75.46
77.97,77.97,74.93,73.65,76.09
76.15,76.15,89.78,66.99,75.88
77.37,77.37,83.95,69.88,78.14
79.73,79.73,79.48,61.87,77.08
76.26,76.26,77.25,55.90,73.65
76.29,76.29,81.47,68.56,75.21
79.09,79.09,74.37,70.76,74.47
78.95,78.95,74.05,70.91,75.08
79.36,79.36,69.70,73.94,70.90
80.67,80.67,63.94,74.12,68.68
80.70,80.70,66.28,72.73,71.30
79.64,79.64,67.98,69.47,70.14
78.97,78.97,68.22,70.88,74.50
80.03,80.03,67.93,75.61,80.27
80.19,80.19,66.66,74.84,81.91
80.10,80.10,57.79,71.38,78.00
81.88,81.88,56.06,72.77,79.50
82.50,82.50,58.17,72.50,78.91
82.37,82.37,60.53,73.68,76.38
83.43,83.43,58.81,72.73,78.47
79.73,79.73,58.72,74.95,75.75
73.65,73.65,61.65,72.20,76.27
74.70,74.70,63.57,60.66,75.51
73.37,73.37,56.82,54.73,75.28
72.40,72.40,65.71,44.44,77.48
68.73,68.73,67.45,28.91,76.55
69.73,69.73,68.77,30.85,76.49
78.15,78.15,68.68,40.87,75.60
79.25,79.25,70.33,46.93,74.90
78.63,78.63,76.86,53.78,76.87
78.42,78.42,81.40,65.73,74.93
78.11,78.11,78.67,60.83,76.03
76.47,76.47,81.22,75.63,81.18
77.71,77.71,74.93,78.05,81.01
81.06,81.06,78.14,77.45,76.61
77.85,77.85,70.75,76.89,79.88
76.10,76.10,67.02,74.53,78.07
76.10,76.10,61.77,73.62,77.40
76.14,76.14,61.11,74.96,78.17
77.67,77.67,63.18,73.47,77.76
75.86,75.86,72.21,69.47,79.02
74.97,74.97,86.57,63.70,80.45
75.59,75.59,81.65,64.33,78.68
78.68,78.68,76.58,62.26,75.88
78.88,78.88,80.80,77.69,77.46
78.28,78.28,79.97,79.73,77.02
78.93,78.93,73.79,76.56,80.94
77.07,77.07,72.21,77.60,81.75
68.39,68.39,77.87,80.75,77.01
67.08,67.08,66.86,75.52,78.33
69.63,69.63,67.37,79.28,78.74
70.12,70.12,68.57,82.60,80.19
74.78,74.78,68.16,83.13,78.21
72.85,72.85,72.63,78.49,78.56
73.99,73.99,65.31,80.05,82.41
78.30,78.30,61.18,80.91,80.78
76.26,76.26,59.13,79.68,77.59
77.06,77.06,57.74,78.48,76.17
77.09,77.09,55.05,80.05,78.16
67.22,67.22,57.93,82.24,78.41
67.42,67.42,64.40,73.86,76.42
72.76,72.76,69.60,69.31,74.17
74.65,74.65,65.23,76.03,77.52
72.65,72.65,64.17,74.89,81.18
71.38,71.38,59.54,75.31,84.32
73.69,73.69,53.62,76.81,83.08
72.80,72.80,50.81,75.83,82.66
67.52,67.52,53.07,76.41,83.63
66.21,66.21,55.62,76.17,83.24
62.90,62.90,66.28,74.17,80.00
51.12,51.12,74.19,72.17,79.71
55.47,55.47,85.66,68.46,80.13
63.84,63.84,80.60,63.16,78.07
66.52,66.52,74.02,57.31,77.39
71.89,71.89,75.02,52.21,76.48
71.42,71.42,80.26,44.32,79.15
65.27,65.27,73.46,37.13,78.97
66.61,66.61,75.88,32.89,77.75
65.97,65.97,71.83,47.55,78.73
63.04,63.04,67.90,62.54,77.65
61.98,61.98,64.47,68.09,79.20
59.62,59.62,64.74,71.35,77.64
56.89,56.89,59.74,77.90,75.99
56.53,56.53,54.89,75.92,84.21
54.27,54.27,53.84,75.55,81.95
52.28,52.28,55.52,78.77,82.03
56.15,56.15,52.27,76.04,81.95
54.45,54.45,54.15,71.58,81.23
57.12,57.12,54.50,75.79,79.65
55.65,55.65,53.01,78.46,80.05
57.12,57.12,51.13,71.71,77.77
57.19,57.19,46.78,75.56,75.88
57.76,57.76,46.51,74.46,75.38
59.75,59.75,45.18,73.60,75.09
61.64,61.64,47.08,79.67,74.02
61.88,61.88,43.44,75.00,71.20
57.21,57.21,43.61,75.48,73.01
46.14,46.14,43.76,78.09,72.02
49.52,49.52,39.28,77.36,68.89
50.76,50.76,36.68,78.52,69.56
56.80,56.80,38.40,78.25,69.68
65.78,65.78,42.43,72.79,67.57
78.62,78.62,42.98,74.36,67.31
83.96,83.96,43.15,71.43,62.17
86.26,86.26,47.88,64.97,58.20
84.81,84.81,45.89,56.65,63.22
82.63,82.63,52.57,54.69,65.28
81.01,81.01,51.25,51.02,62.64
80.47,80.47,44.60,43.51,62.82
81.69,81.69,45.48,37.21,61.09
81.53,81.53,47.80,38.70,61.07
77.38,77.38,48.77,31.29,61.58
76.86,76.86,47.97,31.29,60.29
76.53,76.53,50.28,29.25,57.78
77.50,77.50,53.94,28.37,58.17
78.03,78.03,49.79,25.74,51.40
78.34,78.34,49.36,27.87,55.34
78.20,78.20,50.53,30.64,52.01
78.88,78.88,49.29,25.22,49.52
79.09,79.09,51.89,26.01,49.24
81.97,81.97,48.72,24.61,49.84
84.29,84.29,42.09,32.44,50.52
86.25,86.25,45.53,34.07,53.58
86.15,86.15,43.49,39.42,50.28
86.57,86.57,41.85,33.99,51.72
85.39,85.39,44.61,32.48,49.99
84.08,84.08,41.09,28.11,47.25
83.55,83.55,42.55,30.87,45.39
83.52,83.52,42.32,28.73,47.51
83.32,83.32,39.96,31.51,46.80
83.42,83.42,40.08,32.60,46.96
83.18,83.18,37.70,29.91,46.97
83.42,83.42,39.10,33.41,44.40
83.66,83.66,44.64,33.12,45.63
83.85,83.85,44.03,33.08,46.09
84.16,84.16,40.92,31.19,36.20
84.25,84.25,44.96,33.99,36.69
83.61,83.61,45.52,31.81,36.20
83.32,83.32,44.83,30.89,44.70
82.34,82.34,46.62,35.31,42.89
82.75,82.75,41.46,31.10,43.54
82.88,82.88,43.00,31.14,40.55
83.42,83.42,39.64,30.34,37.30
84.27,84.27,35.65,23.83,37.68
85.03,85.03,38.64,27.95,47.84
85.28,85.28,61.85,34.23,52.80
84.12,84.12,57.60,35.10,50.19
84.40,84.40,60.14,35.19,47.80
84.92,84.92,49.41,32.11,44.64
85.21,85.21,43.74,26.77,35.79
84.80,84.80,43.67,25.76,35.39
81.75,81.75,39.74,18.21,31.79
79.53,79.53,41.76,18.92,33.11
82.06,82.06,32.88,28.71,34.46
82.58,82.58,29.37,31.52,35.38
82.41,82.41,38.57,44.61,39.25
83.15,83.15,51.39,71.70,48.31
83.88,83.88,43.45,74.17,52.90
84.95,84.95,42.23,68.39,51.55
85.90,85.90,39.09,66.74,48.58
86.02,86.02,36.55,62.30,46.68
86.15,86.15,47.66,53.11,48.96
86.09,86.09,51.55,41.82,45.01
85.45,85.45,64.19,45.49,57.85
83.44,83.44,76.15,54.93,70.47
81.96,81.96,86.40,70.25,75.05
82.21,82.21,83.84,70.99,78.02
82.72,82.72,75.18,77.77,75.02
82.90,82.90,80.29,79.74,72.59
81.29,81.29,76.59,80.18,73.60
80.02,80.02,74.90,79.31,72.41
79.14,79.14,73.31,77.84,70.25
83.80,83.80,71.85,80.05,68.64
83.15,83.15,65.80,80.57,68.05
83.77,83.77,65.05,80.68,68.43
83.60,83.60,67.90,79.46,77.54
83.52,83.52,66.24,80.53,81.16
83.94,83.94,66.10,81.56,79.31
82.45,82.45,59.02,81.25,78.96
82.01,82.01,56.93,80.27,76.62
84.05,84.05,60.21,80.90,77.67
84.25,84.25,58.40,80.74,75.14
82.04,82.04,60.30,81.17,70.79
79.92,79.92,57.60,82.43,69.71
66.01,66.01,59.34,80.40,70.95
66.78,66.78,63.71,80.63,73.15
67.53,67.53,63.25,82.09,71.83
62.17,62.17,58.27,81.23,69.78
58.09,58.09,55.02,80.33,69.81
52.16,52.16,50.51,81.79,70.23
54.06,54.06,51.45,81.80,68.81
59.94,59.94,51.28,79.14,69.05
65.90,65.90,57.63,80.62,71.57
68.65,68.65,69.64,81.48,68.75
83.47,83.47,80.29,80.83,76.18
81.64,81.64,75.45,78.26,78.85
80.81,80.81,71.90,78.68,78.03
79.73,79.73,73.58,77.13,77.61
77.28,77.28,70.42,78.51,76.87
79.97,79.97,67.40,78.81,76.02
80.90,80.90,59.63,78.02,75.88
80.68,80.68,61.05,76.99,75.43
74.29,74.29,58.13,76.28,77.43
72.40,72.40,64.83,64.21,75.78
72.28,72.28,68.92,59.77,72.97
72.20,72.20,88.01,69.74,73.45
73.01,73.01,83.31,74.10,74.54
72.44,72.44,83.53,76.26,80.51
71.91,71.91,75.49,79.07,78.18
71.96,71.96,79.20,81.69,79.27
71.06,71.06,75.10,80.29,80.91
72.52,72.52,70.04,77.54,77.78
71.65,71.65,67.97,76.97,80.09
67.58,67.58,66.48,77.85,76.98
62.73,62.73,68.33,80.60,79.17
63.47,63.47,72.65,79.70,78.03
64.85,64.85,68.35,81.31,78.99
64.62,64.62,70.58,81.13,80.64
61.78,61.78,66.39,81.97,79.38
61.51,61.51,53.19,81.19,79.90
62.59,62.59,55.03,80.68,76.62
64.09,64.09,57.12,80.94,79.31
62.82,62.82,55.40,79.98,76.77
61.02,61.02,58.36,78.61,76.64
75.26,75.26,68.18,78.08,76.50
86.84,86.84,69.03,78.32,78.34
88.05,88.05,67.80,76.59,79.02
87.29,87.29,63.89,80.86,80.85
86.55,86.55,61.35,80.79,79.65
86.67,86.67,56.97,81.28,79.96
86.93,86.93,55.21,77.52,81.23
85.61,85.61,51.98,74.71,77.35
85.49,85.49,51.14,77.55,77.27
86.15,86.15,65.01,76.04,75.97
85.26,85.26,75.77,69.02,75.19
84.70,84.70,77.85,66.50,76.50
84.09,84.09,77.71,72.07,77.87
84.65,84.65,73.77,76.27,73.57
84.54,84.54,79.37,80.30,74.87
86.11,86.11,76.80,79.20,75.70
86.13,86.13,68.02,78.84,73.53
86.98,86.98,65.40,77.34,76.44
86.44,86.44,56.90,78.38,73.99
85.57,85.57,64.44,78.35,74.83
86.03,86.03,63.94,73.30,71.60
86.33,86.33,70.91,59.63,69.92
87.09,87.09,83.39,60.33,72.38
86.22,86.22,80.22,59.14,75.41
86.40,86.40,74.54,72.95,76.22
86.31,86.31,74.16,78.84,76.13
86.26,86.26,78.24,77.53,75.86
85.87,85.87,74.48,75.64,76.79
83.17,83.17,70.52,76.38,74.55
79.27,79.27,61.11,79.33,74.73
77.79,77.79,64.20,78.69,78.02
76.47,76.47,68.48,80.62,75.98
78.61,78.61,66.42,77.25,77.25
83.19,83.19,62.08,77.46,74.90
83.02,83.02,63.53,79.20,79.39
83.68,83.68,55.29,79.17,76.22
83.76,83.76,56.37,78.91,77.84
82.67,82.67,58.75,80.42,79.46
82.22,82.22,47.83,80.69,76.64
82.63,82.63,45.66,78.98,77.78
82.75,82.75,50.25,78.96,76.64
82.97,82.97,56.64,80.17,78.32
82.35,82.35,66.01,80.71,72.75
81.93,81.93,66.91,79.36,73.50
83.26,83.26,66.21,79.82,73.40
84.24,84.24,61.24,79.52,73.78
84.69,84.69,56.62,78.18,73.33
85.22,85.22,51.71,80.24,75.67
85.24,85.24,49.07,81.37,73.65
85.16,85.16,51.68,79.42,71.43
84.65,84.65,62.92,80.00,73.22
83.09,83.09,73.85,78.86,72.28
83.17,83.17,82.51,78.89,70.91
84.17,84.17,77.87,75.44,75.76
84.81,84.81,72.43,78.85,76.83
83.48,83.48,75.64,80.29,72.98
82.40,82.40,74.67,78.10,72.94
82.74,82.74,60.48,77.80,77.22
82.12,82.12,64.09,77.65,74.14
81.70,81.70,63.52,77.40,76.32
82.29,82.29,55.84,80.26,76.69
82.56,82.56,59.75,78.32,73.40
83.61,83.61,75.28,72.75,71.24
79.16,79.16,82.28,75.11,75.56
80.49,80.49,84.65,69.55,73.64
81.69,81.69,81.83,72.44,72.16
82.41,82.41,73.92,74.79,78.07
77.04,77.04,81.92,79.85,76.17
67.04,67.04,75.68,79.64,77.05
67.67,67.67,72.77,80.98,72.71
71.64,71.64,70.11,77.21,76.98
68.56,68.56,61.73,76.91,74.38
71.04,71.04,65.06,77.65,76.95
71.08,71.08,71.20,79.80,78.08
70.37,70.37,70.74,81.23,76.28
70.88,70.88,68.44,81.74,80.42
68.32,68.32,68.22,78.13,80.04
64.62,64.62,60.28,75.62,81.47
55.43,55.43,54.43,78.82,81.48
52.41,52.41,56.36,79.48,77.74
60.24,60.24,56.59,81.23,81.02
73.34,73.34,51.12,78.27,79.07
70.76,70.76,48.11,79.00,81.31
83.93,83.93,56.77,78.07,79.31
84.79,84.79,57.48,74.77,77.98
84.79,84.79,56.43,67.34,77.43
82.32,82.32,53.32,59.35,77.63
76.88,76.88,48.49,45.42,76.95
66.16,66.16,48.88,42.32,79.15
60.28,60.28,46.45,39.72,77.62
59.45,59.45,54.39,39.42,76.45
58.50,58.50,71.89,57.50,77.46
59.81,59.81,82.70,70.35,75.85
65.36,65.36,82.20,75.44,75.40
70.05,70.05,75.02,78.15,78.66
66.59,66.59,78.90,76.37,81.85
68.97,68.97,78.01,71.68,78.09
63.64,63.64,73.19,74.80,77.69
59.60,59.60,67.80,78.44,79.33
59.75,59.75,56.45,72.21,78.58
62.18,62.18,59.26,62.61,76.40
67.44,67.44,64.03,52.41,77.69
77.25,77.25,73.40,60.54,75.35
86.18,86.18,77.80,75.87,73.19
83.62,83.62,85.55,79.03,75.44
83.32,83.32,82.41,79.71,70.05
84.72,84.72,79.25,79.46,72.77
83.03,83.03,77.33,80.47,74.91
82.82,82.82,77.98,80.75,80.55
82.04,82.04,71.04,79.18,72.78
83.02,83.02,73.69,78.47,77.30
82.87,82.87,72.50,78.67,76.25
82.14,82.14,65.95,76.82,71.36
82.19,82.19,65.21,75.97,77.00
82.88,82.88,66.75,78.77,73.62
83.34,83.34,70.90,79.25,74.35
82.35,82.35,66.23,79.21,78.56
82.44,82.44,63.21,76.96,80.89
81.65,81.65,53.80,77.67,77.29
81.35,81.35,49.11,78.37,79.94
81.79,81.79,51.20,76.09,80.05
81.68,81.68,55.52,75.57,76.19
81.89,81.89,54.32,76.26,78.23
82.17,82.17,54.94,77.39,77.99
82.54,82.54,61.92,76.86,76.88
83.36,83.36,63.79,76.22,75.61
83.65,83.65,61.85,78.23,76.72
82.07,82.07,58.29,78.28,69.23
82.41,82.41,55.64,76.13,71.78
82.23,82.23,51.42,76.08,72.73
82.30,82.30,49.69,78.37,68.95
83.52,83.52,52.61,75.55,69.28
83.27,83.27,63.43,76.82,74.78
84.44,84.44,75.00,76.12,70.48
83.67,83.67,81.57,77.46,69.10
83.86,83.86,80.29,76.81,73.59
82.48,82.48,74.25,78.94,82.29
80.52,80.52,79.81,78.90,78.03
81.62,81.62,76.67,77.97,83.03
81.08,81.08,69.75,74.83,80.82
80.68,80.68,71.97,72.99,79.70
81.76,81.76,65.69,68.76,80.51
81.73,81.73,66.94,67.76,79.62
80.24,80.24,65.15,57.09,77.36
77.24,77.24,82.37,69.70,80.40
66.71,66.71,84.30,77.51,80.01
67.55,67.55,81.99,79.92,77.60
64.06,64.06,79.74,76.29,78.15
57.65,57.65,78.98,74.14,74.86
58.38,58.38,76.13,75.09,77.66
60.71,60.71,69.88,78.49,77.20
54.65,54.65,67.99,76.37,76.75
56.89,56.89,66.06,77.92,78.34
59.78,59.78,66.58,77.93,77.39
62.09,62.09,63.58,78.95,77.79
59.20,59.20,66.15,80.94,79.14
64.17,64.17,65.05,77.90,78.88
56.08,56.08,61.84,77.07,79.03
56.98,56.98,56.88,78.29,80.66
55.24,55.24,60.92,79.86,75.99
54.66,54.66,55.06,78.19,77.38
63.50,63.50,58.61,78.73,75.74
68.44,68.44,57.92,80.38,75.13
67.77,67.77,62.48,80.36,76.42
83.00,83.00,69.81,79.88,73.79
87.71,87.71,67.74,80.51,76.99
86.79,86.79,69.21,81.42,81.73
86.26,86.26,64.00,79.88,84.13
86.64,86.64,60.30,79.48,84.22
84.57,84.57,56.55,81.20,82.32
83.75,83.75,55.38,80.49,79.43
84.34,84.34,54.65,79.91,82.05
83.97,83.97,55.78,80.43,78.21
84.56,84.56,60.11,80.26,69.30
85.40,85.40,77.89,79.96,72.84
85.33,85.33,81.24,81.62,69.83
85.39,85.39,71.00,79.70,68.44
85.54,85.54,71.73,77.40,68.25
83.75,83.75,73.34,80.16,68.91
84.56,84.56,67.33,78.20,71.09
86.02,86.02,63.41,75.22,70.39
85.96,85.96,59.13,78.07,70.54
85.53,85.53,60.56,79.39,73.43
84.42,84.42,59.37,73.98,71.45
84.36,84.36,63.55,72.47,68.17
84.30,84.30,73.00,65.76,70.82
84.35,84.35,87.23,65.49,76.95
83.44,83.44,82.30,71.79,81.12
76.37,76.37,77.79,71.93,78.91
72.97,72.97,74.15,75.34,79.77
73.72,73.72,80.06,76.68,81.73
72.11,72.11,74.88,77.50,81.57
66.26,66.26,68.75,77.22,79.86
64.72,64.72,67.96,78.05,81.20
64.97,64.97,66.17,73.86,82.35
68.32,68.32,68.81,76.01,80.10
74.87,74.87,65.75,76.60,80.74
83.91,83.91,63.32,77.31,78.94
82.19,82.19,61.51,73.94,78.97
81.95,81.95,57.10,74.01,78.14
81.89,81.89,53.69,76.08,77.96
82.18,82.18,54.75,75.32,76.24
82.64,82.64,54.51,74.41,77.95
82.85,82.85,48.85,74.32,75.20
84.65,84.65,52.80,75.22,76.06
85.26,85.26,59.75,75.14,74.71
84.37,84.37,67.88,75.30,72.66
83.50,83.50,67.64,73.38,70.01
76.97,76.97,64.75,75.41,66.24
62.15,62.15,60.47,77.06,69.96
59.94,59.94,56.48,76.61,71.50
60.85,60.85,54.74,74.36,73.98
60.40,60.40,51.88,74.76,75.01
63.26,63.26,57.01,74.72,73.29
65.24,65.24,70.33,71.99,70.50
65.78,65.78,78.22,67.81,74.97
67.62,67.62,81.52,65.54,72.20
69.72,69.72,78.50,68.40,78.19
68.92,68.92,75.36,69.01,79.07
66.65,66.65,78.45,65.56,80.40
66.11,66.11,74.29,70.47,78.17
61.41,61.41,65.95,72.59,79.63
61.65,61.65,60.57,74.55,75.15
64.86,64.86,63.82,74.87,77.18
71.08,71.08,67.44,68.35,76.66
83.63,83.63,67.71,67.18,76.53
85.34,85.34,76.51,70.23,71.79
83.25,83.25,86.60,73.05,74.30
82.89,82.89,79.91,75.82,77.24
82.06,82.06,78.96,73.55,78.75
80.89,80.89,75.89,76.17,76.98
80.64,80.64,81.39,76.39,73.21
81.32,81.32,74.42,77.74,77.84
84.16,84.16,73.35,78.17,78.07
85.00,85.00,72.35,77.96,76.05
84.03,84.03,66.29,76.61,77.85
82.57,82.57,68.96,77.34,79.29
82.30,82.30,70.54,76.87,79.57
82.21,82.21,70.32,77.26,77.51
81.63,81.63,68.10,78.30,78.93
81.44,81.44,65.77,77.27,79.49
82.36,82.36,57.30,78.06,79.07
84.26,84.26,52.58,77.65,77.89
78.91,78.91,56.61,77.24,77.37
82.76,82.76,53.73,79.29,74.93
86.01,86.01,48.21,78.08,76.33
84.99,84.99,55.16,80.47,77.51
82.09,82.09,61.91,78.56,76.75
81.34,81.34,60.68,77.93,75.86
83.67,83.67,58.60,77.09,73.74
83.52,83.52,55.34,77.06,69.55
84.29,84.29,49.95,76.25,75.72
84.29,84.29,48.10,77.42,70.44
85.95,85.95,52.09,77.97,72.41
79.92,79.92,62.73,77.54,74.66
80.12,80.12,65.58,79.97,72.54
87.17,87.17,82.20,78.80,74.38
86.24,86.24,76.41,78.17,77.24
86.56,86.56,76.11,78.05,74.11
86.65,86.65,75.81,80.86,75.64
86.55,86.55,75.01,79.56,75.56
87.69,87.69,69.34,79.80,75.29
87.17,87.17,59.45,77.61,71.67
87.60,87.60,57.60,78.11,74.76
87.34,87.34,58.21,76.03,77.23
87.21,87.21,63.12,71.49,73.42
85.86,85.86,62.04,55.25,70.31
84.86,84.86,79.54,62.73,73.80
85.44,85.44,87.80,68.88,75.99
82.34,82.34,83.03,71.16,76.79
82.61,82.61,79.00,72.16,76.00
84.65,84.65,79.64,74.84,77.63
83.69,83.69,76.53,72.80,77.98
83.96,83.96,73.13,71.49,74.82
85.21,85.21,67.82,68.05,78.13
85.72,85.72,61.56,70.11,71.28
84.61,84.61,66.67,71.50,72.23
85.21,85.21,58.55,73.06,74.69
85.78,85.78,63.43,74.85,74.39
83.42,83.42,58.42,77.13,77.89
83.57,83.57,61.12,78.78,78.42
86.58,86.58,56.28,78.96,76.95
86.89,86.89,54.76,77.61,73.20
85.74,85.74,48.61,76.61,76.65
85.81,85.81,51.76,76.93,75.98
86.57,86.57,46.33,78.08,74.23
86.43,86.43,49.62,75.76,73.84
86.39,86.39,50.53,77.73,75.16
86.82,86.82,60.53,78.69,71.65
86.08,86.08,60.92,78.54,70.57
84.58,84.58,55.38,78.58,71.04
84.52,84.52,50.39,77.39,68.38
84.62,84.62,44.92,77.30,70.01
84.40,84.40,43.29,77.60,73.05
85.00,85.00,44.48,78.29,72.11
86.70,86.70,58.78,77.75,72.28
84.00,84.00,68.41,76.29,74.88
84.26,84.26,79.10,77.52,73.48
82.44,82.44,81.03,78.34,83.79
84.60,84.60,76.09,74.85,78.10
84.43,84.43,75.23,67.23,80.02
84.77,84.77,71.95,67.46,77.20
84.24,84.24,71.51,70.66,81.90
83.19,83.19,69.82,69.58,77.25
82.74,82.74,63.91,66.52,81.32
83.06,83.06,52.62,61.80,79.77
83.88,83.88,61.92,52.45,80.36
83.10,83.10,69.56,51.08,80.19
81.34,81.34,81.87,62.61,80.83
81.27,81.27,85.88,67.26,79.66
81.02,81.02,79.70,77.78,75.97
79.68,79.68,82.53,80.64,77.40
81.27,81.27,81.02,79.61,77.41
82.36,82.36,73.01,79.26,80.17
83.25,83.25,72.38,79.43,80.16
83.62,83.62,65.29,78.87,79.85
82.97,82.97,64.50,81.03,78.26
84.14,84.14,66.23,81.81,78.03
84.04,84.04,71.56,80.05,77.74
82.88,82.88,69.86,80.53,77.24
82.41,82.41,70.35,79.93,79.92
84.07,84.07,65.81,79.90,80.94
80.07,80.07,60.25,79.43,80.77
77.19,77.19,62.55,79.78,79.61
69.71,69.71,55.74,79.29,80.63
59.76,59.76,57.31,79.83,82.45
63.77,63.77,57.61,79.74,82.77
66.06,66.06,67.56,79.77,80.80
77.75,77.75,69.41,79.62,77.89
87.22,87.22,67.04,78.93,79.78
87.15,87.15,64.91,79.32,83.27
86.03,86.03,58.93,76.65,80.58
87.95,87.95,57.48,77.69,81.73
87.05,87.05,53.71,78.77,79.03
87.35,87.35,50.65,78.09,76.10
86.89,86.89,49.53,77.70,74.84
87.01,87.01,62.65,77.80,76.93
86.23,86.23,72.57,77.81,77.63
85.35,85.35,82.77,77.35,76.41
86.16,86.16,80.54,75.96,77.19
86.52,86.52,78.45,76.11,78.26
86.85,86.85,74.88,77.94,74.86
86.22,86.22,77.07,77.44,76.05
84.44,84.44,73.98,78.13,76.88
84.95,84.95,68.78,75.89,79.37
84.83,84.83,65.55,77.91,78.49
85.83,85.83,61.58,75.83,76.87
86.34,86.34,66.91,72.57,73.95
86.56,86.56,69.32,62.61,72.20
87.54,87.54,74.67,55.70,72.34
87.31,87.31,86.69,60.38,71.02
87.75,87.75,79.28,64.22,74.79
85.50,85.50,75.76,65.14,75.97
84.85,84.85,79.20,69.52,77.23
86.05,86.05,72.52,73.65,77.06
85.59,85.59,68.38,74.83,78.13
84.90,84.90,64.84,76.59,76.68
80.34,80.34,63.51,77.68,77.21
75.59,75.59,63.22,78.24,76.73
72.70,72.70,65.76,77.66,78.32
69.67,69.67,66.91,78.44,78.54
70.83,70.83,63.62,74.02,76.29
73.81,73.81,56.78,71.32,74.49
85.64,85.64,54.93,73.00,73.56
83.65,83.65,57.60,75.75,75.14
85.41,85.41,50.54,75.69,73.89
86.17,86.17,48.77,75.50,74.02
85.11,85.11,49.63,77.20,72.08
84.71,84.71,53.92,77.81,70.95
86.23,86.23,62.62,77.60,72.85
87.20,87.20,67.07,77.61,72.51
87.09,87.09,65.45,77.56,73.82
85.78,85.78,60.23,77.67,78.31
86.83,86.83,57.02,78.87,75.15
85.11,85.11,51.49,79.27,73.29
76.94,76.94,48.00,79.07,75.11
67.33,67.33,49.53,77.87,74.65
61.50,61.50,61.33,77.23,72.48
64.07,64.07,63.56,72.92,68.60
63.72,63.72,83.31,69.69,71.38
65.58,65.58,77.61,69.40,70.85
66.48,66.48,76.09,68.31,78.19
66.65,66.65,73.14,66.27,75.45
69.42,69.42,73.16,63.10,75.40
69.31,69.31,67.26,66.85,74.80
59.75,59.75,62.91,61.71,77.15
61.47,61.47,59.42,64.05,79.32
67.24,67.24,58.59,65.14,77.61
63.75,63.75,61.05,63.96,76.68
62.97,62.97,68.13,66.20,77.17
70.95,70.95,77.21,58.24,75.97
74.00,74.00,85.71,64.95,75.67
81.35,81.35,83.70,62.48,77.59
86.50,86.50,80.06,61.72,71.61
85.84,85.84,77.97,62.86,76.10
82.97,82.97,78.95,70.04,74.46
82.97,82.97,74.18,72.24,77.70
81.78,81.78,74.25,69.52,76.81
79.19,79.19,74.88,71.29,76.36
80.50,80.50,70.66,72.52,76.14
71.74,71.74,72.14,71.80,75.65
64.93,64.93,70.73,68.33,77.13
64.15,64.15,68.00,74.01,79.89
65.13,65.13,65.19,74.03,75.16
60.86,60.86,58.76,74.82,78.46
65.91,65.91,59.12,72.59,77.89
59.58,59.58,63.66,72.67,76.02
59.64,59.64,65.20,70.69,80.17
62.05,62.05,63.53,75.56,75.85
74.04,74.04,60.08,72.42,75.12
82.91,82.91,58.62,68.59,76.79
83.87,83.87,57.74,69.05,75.53
84.57,84.57,53.43,76.60,71.24
81.93,81.93,55.07,72.88,73.57
75.45,75.45,50.92,77.71,71.03
67.23,67.23,46.69,73.90,74.50
55.73,55.73,48.45,75.96,71.58
56.93,56.93,53.09,71.70,73.06
49.72,49.72,62.90,75.59,71.75
54.21,54.21,77.40,72.75,71.55
49.48,49.48,79.11,73.66,72.47
50.96,50.96,78.67,68.77,78.81
52.63,52.63,69.07,73.59,79.15
56.21,56.21,72.98,77.83,80.05
52.30,52.30,65.27,77.08,79.64
51.80,51.80,63.21,71.79,75.71
51.92,51.92,60.36,73.65,78.52
58.41,58.41,54.23,72.76,78.17
70.02,70.02,62.37,73.16,77.45
75.53,75.53,69.63,73.27,74.26
81.52,81.52,78.13,73.41,75.21
82.74,82.74,84.42,68.02,74.04
84.49,84.49,88.60,67.53,75.64
85.75,85.75,81.78,66.61,78.27
84.22,84.22,78.52,68.17,74.99
82.08,82.08,80.34,74.27,79.20
81.25,81.25,71.20,71.54,73.55
81.97,81.97,74.10,68.95,77.57
82.00,82.00,71.29,68.58,73.62
81.75,81.75,65.79,70.00,70.62
80.76,80.76,59.40,76.24,68.38
80.58,80.58,64.52,76.15,70.66
80.67,80.67,63.29,76.19,80.18
81.38,81.38,64.21,77.74,78.83
81.70,81.70,59.08,77.37,74.91
83.11,83.11,57.70,76.16,73.40
80.22,80.22,50.95,74.22,76.81
77.84,77.84,50.40,74.02,73.97
80.11,80.11,51.62,75.39,70.39
81.23,81.23,49.74,74.08,74.13
78.63,78.63,43.21,73.00,71.90
81.98,81.98,54.20,73.62,71.79
85.43,85.43,60.39,74.95,71.64
85.21,85.21,59.03,74.25,68.64
78.54,78.54,52.83,73.73,69.00
77.83,77.83,48.40,74.69,67.00
69.87,69.87,48.67,73.86,67.90
63.55,63.55,47.70,75.86,68.72
59.98,59.98,48.51,73.18,70.64
56.97,56.97,60.40,73.01,70.13
60.79,60.79,69.95,71.41,69.69
75.37,75.37,85.86,69.27,75.54
80.27,80.27,75.30,68.51,75.06
84.94,84.94,73.68,67.19,77.12
85.73,85.73,71.03,70.47,77.83
84.26,84.26,69.37,69.97,78.00
85.30,85.30,69.01,70.98,75.34
86.31,86.31,61.59,70.25,73.68
86.06,86.06,64.82,71.94,69.83
85.15,85.15,65.01,69.34,72.47
84.07,84.07,65.94,63.59,68.80
85.89,85.89,68.19,62.94,70.40
84.32,84.32,86.36,74.05,69.97
85.24,85.24,77.91,73.09,72.01
84.54,84.54,80.53,79.12,73.70
83.86,83.86,81.71,77.70,71.58
84.30,84.30,75.14,77.19,73.18
85.00,85.00,73.61,76.70,70.72
85.02,85.02,67.53,78.44,70.80
84.36,84.36,74.26,79.03,72.99
83.35,83.35,64.40,78.76,72.69
84.85,84.85,62.73,81.59,75.63
84.76,84.76,66.33,80.53,75.27
83.68,83.68,67.71,81.27,72.93
83.82,83.82,64.49,80.17,72.46
83.89,83.89,63.66,79.15,76.29
84.49,84.49,58.34,81.06,74.73
84.85,84.85,52.17,80.33,72.27
84.49,84.49,48.09,81.31,71.37
81.98,81.98,51.39,80.02,73.01
81.57,81.57,54.84,81.18,72.67
83.23,83.23,66.76,81.66,76.43
83.88,83.88,65.45,79.42,75.90
84.29,84.29,66.00,82.82,80.13
82.03,82.03,63.14,78.58,77.92
81.27,81.27,56.76,63.45,77.59
83.40,83.40,52.20,59.19,75.71
83.45,83.45,47.65,53.39,76.81
82.70,82.70,45.34,47.01,71.83
84.54,84.54,60.34,55.34,67.88
84.02,84.02,66.02,52.04,68.57
83.83,83.83,73.06,56.89,70.96
86.09,86.09,82.79,67.45,73.72
83.35,83.35,80.05,74.82,70.46
83.19,83.19,71.66,76.40,71.10
82.87,82.87,77.84,78.07,73.75
82.93,82.93,76.01,80.98,69.28
83.47,83.47,67.23,79.10,73.25
82.29,82.29,64.60,79.75,72.04
80.60,80.60,56.51,79.37,72.19
82.43,82.43,61.05,80.36,70.91
83.18,83.18,66.99,80.16,71.97
81.74,81.74,73.03,74.67,71.95
74.85,74.85,85.02,73.22,75.75
73.21,73.21,84.01,71.48,76.42
72.71,72.71,78.53,74.64,78.26
71.97,71.97,75.40,79.60,77.84
71.46,71.46,81.15,78.13,78.64
72.04,72.04,75.08,76.85,76.81
70.59,70.59,71.24,75.36,79.58
70.57,70.57,68.77,73.00,82.01
71.04,71.04,66.61,72.19,75.79
69.26,69.26,65.06,77.34,78.15
70.46,70.46,69.63,72.38,81.22
72.42,72.42,69.79,75.48,76.69
82.09,82.09,67.13,72.94,77.74
84.30,84.30,62.98,76.01,75.19
85.57,85.57,56.32,74.33,77.42
84.00,84.00,49.34,73.29,78.38
84.10,84.10,52.04,74.60,72.22
84.22,84.22,53.76,71.11,74.32
83.97,83.97,52.65,73.90,74.03
84.31,84.31,59.25,77.14,75.63
83.90,83.90,68.32,80.25,73.62
83.38,83.38,67.65,77.61,71.58
83.82,83.82,65.88,76.20,68.87
82.37,82.37,61.49,73.98,68.76
82.84,82.84,57.58,74.80,69.38
82.94,82.94,55.63,76.13,69.98
82.93,82.93,51.64,75.56,68.25
82.64,82.64,54.07,74.88,70.27
83.43,83.43,66.25,70.56,71.47
83.74,83.74,72.35,70.45,67.62
84.26,84.26,79.37,71.22,74.09
84.91,84.91,79.83,64.64,77.66
84.49,84.49,75.43,72.81,74.67
83.83,83.83,79.14,78.50,78.39
85.23,85.23,77.71,75.36,74.19
85.64,85.64,68.48,68.96,73.01
81.37,81.37,64.50,64.77,74.82
80.19,80.19,56.02,68.45,73.29
80.35,80.35,65.09,67.66,74.31
83.42,83.42,71.60,63.88,77.01
83.93,83.93,70.24,51.64,72.72
78.71,78.71,83.90,59.98,76.21
81.14,81.14,82.00,66.25,74.68
84.39,84.39,82.55,72.37,73.68
85.52,85.52,77.18,76.15,74.25
85.23,85.23,78.75,73.39,71.91
80.49,80.49,71.11,70.17,72.17
75.72,75.72,69.89,69.98,74.42
63.85,63.85,72.33,72.80,74.26
60.48,60.48,64.23,72.21,70.97
56.35,56.35,67.89,75.68,70.39
56.99,56.99,69.40,75.46,79.97
52.41,52.41,68.01,78.29,77.54
55.71,55.71,67.28,75.28,79.66
56.86,56.86,68.58,75.51,79.24
54.62,54.62,59.61,75.09,79.20
57.33,57.33,54.59,76.23,80.54
59.46,59.46,51.87,74.55,78.39
63.01,63.01,56.07,73.71,80.05
77.46,77.46,51.59,71.57,76.30
87.38,87.38,50.80,74.03,73.50
87.45,87.45,57.22,74.66,74.95
86.53,86.53,59.97,78.80,71.91
83.83,83.83,57.33,79.11,73.99
81.69,81.69,54.00,81.32,70.50
81.40,81.40,48.16,81.17,73.45
82.10,82.10,47.53,82.22,77.33
83.35,83.35,44.64,79.71,74.49
83.84,83.84,54.29,80.19,74.21
82.73,82.73,64.47,80.49,75.80
80.60,80.60,79.80,81.27,73.47
81.38,81.38,79.78,80.45,77.38
81.68,81.68,74.84,78.77,80.52
83.04,83.04,76.53,77.42,80.13
82.55,82.55,76.84,75.40,79.11
81.67,81.67,71.27,77.68,81.22
81.16,81.16,63.24,78.29,78.88
82.30,82.30,58.24,80.05,80.84
82.55,82.55,54.43,78.07,77.69
83.38,83.38,57.94,76.93,74.36
84.41,84.41,67.86,75.22,77.91
84.94,84.94,77.15,65.10,75.43
80.59,80.59,87.58,69.05,76.93
79.90,79.90,81.53,75.36,72.55
81.51,81.51,77.67,74.97,72.05
80.38,80.38,71.93,74.86,71.30
79.47,79.47,78.07,75.32,71.37
81.28,81.28,76.13,74.72,71.13
82.96,82.96,72.55,73.57,69.58
83.80,83.80,69.27,74.49,72.33
83.82,83.82,68.18,74.16,71.58
85.17,85.17,64.23,75.45,65.41
85.79,85.79,67.88,79.73,73.74
83.26,83.26,60.66,75.87,78.52
81.36,81.36,65.67,74.72,74.74
84.64,84.64,66.22,78.89,76.89
83.46,83.46,62.44,78.78,77.95
82.52,82.52,58.61,75.25,75.87
83.74,83.74,57.20,77.35,74.65
85.43,85.43,48.58,77.99,72.83
85.95,85.95,57.19,78.31,67.12
84.65,84.65,52.30,80.24,68.40
82.06,82.06,56.37,81.02,76.87
75.35,75.35,57.01,79.85,73.99
73.86,73.86,53.26,79.18,74.57
72.51,72.51,49.37,81.05,74.52
71.54,71.54,48.65,80.11,74.35
72.00,72.00,46.61,79.56,73.27
70.23,70.23,44.52,81.19,72.62
60.79,60.79,56.71,80.80,70.71
58.83,58.83,63.03,79.80,70.76
68.99,68.99,76.23,81.95,70.72
76.07,76.07,80.01,82.49,78.00
81.68,81.68,76.39,79.71,79.64
81.83,81.83,71.21,77.54,78.37
82.90,82.90,76.86,75.58,76.73
82.27,82.27,73.06,76.40,79.09
82.51,82.51,67.01,76.93,76.00
82.26,82.26,60.67,77.27,76.25
82.52,82.52,59.62,77.68,77.55
80.68,80.68,60.74,75.82,73.11
81.29,81.29,70.07,77.33,73.96
81.26,81.26,77.74,71.57,74.14
82.75,82.75,83.79,65.35,69.21
82.82,82.82,83.79,73.97,71.65
84.24,84.24,81.20,80.94,77.26
85.19,85.19,82.53,82.19,73.15
82.41,82.41,76.71,82.46,76.42
82.52,82.52,74.13,79.73,76.26
82.30,82.30,74.38,81.24,77.15
84.43,84.43,68.97,79.74,75.14
83.82,83.82,65.68,81.33,74.78
84.60,84.60,70.68,80.22,76.51
84.42,84.42,68.66,78.89,75.93
84.53,84.53,68.74,77.23,76.93
85.06,85.06,67.50,78.72,76.24
86.58,86.58,59.56,78.79,77.73
86.19,86.19,49.62,78.74,77.11
87.80,87.80,51.81,79.46,74.67
87.84,87.84,53.63,77.08,76.86
83.36,83.36,54.22,78.82,77.57
68.73,68.73,61.04,77.68,76.91
67.48,67.48,68.10,79.91,74.42
80.89,80.89,68.32,79.13,77.25
84.97,84.97,66.70,76.89,82.45
84.38,84.38,62.31,68.31,76.89
83.47,83.47,60.00,74.06,76.53
81.01,81.01,56.27,81.42,76.34
79.08,79.08,52.52,80.96,74.59
78.04,78.04,50.19,80.13,76.89
78.02,78.02,52.20,76.02,69.68
80.17,80.17,61.27,77.95,74.63
82.21,82.21,78.91,77.23,75.12
80.18,80.18,81.09,77.58,70.50
81.91,81.91,75.91,77.37,69.36
82.34,82.34,74.98,77.33,73.04
82.53,82.53,76.48,75.64,72.53
81.86,81.86,72.67,76.46,70.40
81.75,81.75,68.55,78.66,71.98
80.09,80.09,59.65,76.68,69.02
78.77,78.77,57.58,78.26,69.86
80.76,80.76,60.97,75.09,70.03
81.24,81.24,65.83,70.00,68.76
83.10,83.10,68.69,60.20,70.43
83.88,83.88,85.66,68.82,75.40
82.08,82.08,81.16,72.62,78.02
82.25,82.25,77.40,74.31,76.39
82.84,82.84,70.18,76.58,75.12
81.74,81.74,74.02,78.30,76.19
81.80,81.80,72.11,78.25,78.81
81.50,81.50,66.04,77.10,74.33
83.15,83.15,67.53,76.63,76.66
76.17,76.17,62.84,79.66,74.62
70.68,70.68,67.30,79.87,77.16
74.72,74.72,67.50,79.20,75.75
85.77,85.77,63.95,79.88,72.51
85.61,85.61,61.36,79.54,76.23
83.96,83.96,59.35,79.13,76.51
84.61,84.61,60.10,79.78,77.18
83.61,83.61,53.58,80.04,74.39
85.07,85.07,47.14,78.11,77.53
84.27,84.27,47.50,79.50,75.53
84.36,84.36,53.26,80.90,74.22
83.32,83.32,60.35,79.78,76.39
83.07,83.07,68.60,77.66,73.05
76.86,76.86,64.65,79.74,71.04
70.31,70.31,62.51,79.99,71.26
65.00,65.00,56.90,77.83,73.43
58.69,58.69,53.34,79.95,76.17
57.77,57.77,48.26,80.45,74.51
56.14,56.14,51.84,79.77,76.74
61.56,61.56,54.07,79.86,77.43
63.40,63.40,62.78,80.95,73.94
65.24,65.24,82.37,79.56,73.62
66.26,66.26,81.55,80.42,74.00
67.01,67.01,72.09,79.88,78.31
67.63,67.63,73.26,74.83,80.32
67.98,67.98,70.84,72.04,75.81
68.11,68.11,71.11,78.15,77.26
68.35,68.35,65.44,78.41,77.36
65.83,65.83,62.06,76.52,75.69
64.00,64.00,58.80,77.94,79.64
58.58,58.58,63.66,76.01,76.81
54.94,54.94,65.31,71.24,74.82
61.67,61.67,71.63,65.90,75.97
80.43,80.43,85.61,67.55,79.07
84.13,84.13,79.57,61.10,77.60
84.29,84.29,76.69,50.77,76.15
83.89,83.89,79.29,55.14,76.08
83.82,83.82,80.37,50.76,73.88
82.62,82.62,75.57,55.86,75.63
81.93,81.93,70.08,57.41,78.91
80.81,80.81,64.85,55.40,76.97
84.42,84.42,68.40,53.11,75.00
84.60,84.60,65.68,45.34,76.77
82.88,82.88,72.29,51.45,78.16
84.14,84.14,69.28,48.23,75.77
85.68,85.68,69.07,50.58,80.98
86.47,86.47,65.72,45.97,79.67
85.43,85.43,60.17,43.09,77.34
84.81,84.81,56.17,48.56,79.71
84.16,84.16,57.81,41.14,76.46
84.64,84.64,56.47,50.45,76.76
85.03,85.03,52.28,50.19,76.77
85.32,85.32,50.45,52.40,72.49
84.77,84.77,60.02,66.08,75.15
84.57,84.57,58.58,82.27,74.19
82.05,82.05,54.07,83.70,72.16
81.33,81.33,50.23,79.11,69.82
82.55,82.55,44.38,79.13,72.54
84.02,84.02,46.00,78.87,74.05
84.11,84.11,47.11,79.45,70.32
85.86,85.86,52.00,80.13,70.99
85.62,85.62,62.52,80.29,73.20
84.78,84.78,81.71,81.67,72.37
84.10,84.10,78.88,79.62,72.73
82.48,82.48,75.14,80.43,71.20
85.35,85.35,77.84,77.69,72.30
84.59,84.59,74.26,78.24,69.64
84.59,84.59,69.76,76.88,71.99
85.12,85.12,61.83,79.99,68.36
84.57,84.57,56.63,81.60,70.72
85.07,85.07,60.61,80.68,71.26
86.00,86.00,67.44,74.86,68.67
86.49,86.49,65.83,61.19,70.97
86.02,86.02,76.74,56.35,70.72
85.24,85.24,86.49,71.77,74.11
85.87,85.87,78.86,71.42,70.07
84.77,84.77,78.79,76.02,72.70
85.16,85.16,76.83,73.92,70.51
84.82,84.82,79.76,77.77,71.21
84.83,84.83,71.13,75.92,69.29
85.82,85.82,71.95,79.43,72.09
85.66,85.66,68.68,78.64,71.23
85.64,85.64,61.91,78.56,70.44
85.79,85.79,67.05,79.09,71.41
85.68,85.68,69.47,77.56,71.56
84.67,84.67,70.15,78.46,73.08
85.24,85.24,65.51,79.33,80.16
85.59,85.59,60.59,78.56,75.48
86.28,86.28,55.55,79.26,77.40
86.25,86.25,53.51,79.65,77.43
86.74,86.74,54.93,79.20,77.41
87.46,87.46,53.88,79.24,76.57
87.17,87.17,52.29,79.23,74.65
87.83,87.83,55.58,75.93,74.86
87.30,87.30,63.13,78.38,73.46
86.23,86.23,60.11,76.87,73.36
86.25,86.25,56.79,76.76,70.94
87.09,87.09,54.05,75.20,66.20
87.20,87.20,50.54,75.72,70.05
86.59,86.59,48.30,74.62,66.76
86.64,86.64,48.39,74.77,64.87
87.36,87.36,59.11,72.60,68.65
87.01,87.01,67.90,69.43,63.32
86.89,86.89,81.35,67.21,62.33
82.64,82.64,81.05,61.53,72.56
82.18,82.18,74.25,60.15,72.99
80.78,80.78,78.32,55.95,80.68
85.57,85.57,76.02,56.27,81.17
84.18,84.18,71.91,64.43,77.43
80.75,80.75,65.60,64.18,80.02
80.70,80.70,59.05,61.90,80.05
81.62,81.62,61.20,58.45,76.73
82.12,82.12,64.60,47.11,76.17
82.43,82.43,65.65,44.24,77.95
81.56,81.56,85.61,58.12,78.11
81.47,81.47,81.59,62.20,73.21
82.83,82.83,76.62,72.72,79.92
82.75,82.75,77.33,76.64,76.93
82.79,82.79,77.00,78.05,74.09
81.83,81.83,77.83,75.20,78.29
80.26,80.26,72.16,78.63,75.45
82.96,82.96,71.58,79.88,75.49
83.91,83.91,65.89,78.81,76.18
85.33,85.33,66.50,77.59,74.73
85.16,85.16,61.41,78.90,76.00
84.03,84.03,67.58,79.01,74.80
83.26,83.26,65.40,79.50,74.10
84.61,84.61,58.90,80.45,73.46
84.85,84.85,60.99,79.77,74.86
84.54,84.54,54.77,79.88,72.46
85.05,85.05,44.79,81.31,71.73
85.11,85.11,49.23,81.27,72.57
85.67,85.67,55.74,80.15,71.17
86.09,86.09,64.95,80.58,68.13
86.89,86.89,65.73,81.38,71.32
86.33,86.33,67.63,80.90,72.45
85.71,85.71,64.87,79.45,76.02
85.83,85.83,59.42,80.61,76.74
86.36,86.36,56.55,80.24,79.01
87.04,87.04,53.21,78.77,77.72
85.39,85.39,52.30,81.67,75.28
82.03,82.03,51.81,81.51,76.45
82.47,82.47,64.11,79.05,69.82
81.77,81.77,64.81,81.04,72.18
82.08,82.08,84.15,82.07,69.94
82.03,82.03,76.16,79.67,71.30
82.07,82.07,75.65,78.58,70.14
83.75,83.75,72.66,75.91,74.74
85.60,85.60,71.24,75.75,73.96
84.35,84.35,67.39,79.69,75.68
84.45,84.45,62.07,79.12,74.85
84.11,84.11,57.69,78.84,73.14
83.91,83.91,54.35,78.03,72.13
84.35,84.35,65.24,75.79,73.61
84.63,84.63,63.67,65.91,70.68
83.70,83.70,76.47,61.87,72.63
82.72,82.72,85.94,65.81,76.51
82.00,82.00,83.87,67.64,81.05
82.37,82.37,73.93,59.70,77.92
81.87,81.87,80.76,66.07,80.92
75.87,75.87,76.01,68.24,79.84
66.18,66.18,70.82,70.99,79.24
62.73,62.73,66.96,72.00,76.97
59.80,59.80,66.61,73.39,78.15
58.52,58.52,59.89,72.58,77.66
62.48,62.48,61.80,74.02,75.31
67.63,67.63,62.04,75.62,79.78
72.08,72.08,56.98,74.82,76.22
84.37,84.37,53.97,73.79,75.94
84.83,84.83,53.36,74.10,76.69
83.26,83.26,48.46,74.83,76.90
83.32,83.32,48.71,78.66,75.21
84.21,84.21,45.85,74.05,72.59
85.18,85.18,47.65,76.28,71.87
83.45,83.45,54.31,75.92,72.99
84.00,84.00,64.66,76.68,70.96
83.53,83.53,67.45,77.34,67.68
83.62,83.62,65.24,76.94,70.10
83.02,83.02,60.46,72.92,71.00
85.18,85.18,57.26,77.31,68.65
83.77,83.77,53.16,76.88,70.31
83.57,83.57,50.34,74.39,66.82
83.42,83.42,52.77,74.56,68.68
84.47,84.47,63.77,73.80,70.51
84.69,84.69,65.31,74.53,67.65
84.61,84.61,83.70,75.08,70.80
84.07,84.07,78.45,73.43,71.25
83.55,83.55,75.81,75.37,71.08
83.99,83.99,76.15,78.36,72.82
83.24,83.24,71.27,77.79,76.03
85.24,85.24,71.21,74.75,73.77
85.74,85.74,61.25,74.96,75.53
86.19,86.19,62.29,77.86,74.12
86.11,86.11,59.95,77.99,76.04
85.44,85.44,60.59,76.80,74.12
85.36,85.36,72.50,74.61,73.53
83.02,83.02,81.58,71.15,74.15
84.84,84.84,85.42,69.23,73.34
83.54,83.54,79.74,75.52,72.26
82.89,82.89,74.98,78.89,69.12
82.65,82.65,79.79,79.98,69.06
80.79,80.79,79.15,81.00,73.67
82.86,82.86,72.59,81.03,70.90
81.31,81.31,72.11,80.93,69.14
83.23,83.23,68.07,81.90,69.71
83.80,83.80,64.10,82.23,72.09
83.60,83.60,67.41,82.69,72.45
83.34,83.34,69.74,80.48,75.32
83.08,83.08,68.37,81.53,79.19
83.25,83.25,67.15,81.22,80.86
83.22,83.22,60.55,81.93,77.29
83.47,83.47,53.59,80.38,76.92
82.40,82.40,53.69,80.99,79.26
70.87,70.87,51.23,82.05,75.22
68.08,68.08,50.10,80.60,74.61
66.09,66.09,49.82,81.00,73.94
71.10,71.10,57.26,80.74,71.09
80.23,80.23,59.48,80.81,71.41
83.85,83.85,57.27,78.79,72.90
83.71,83.71,51.37,79.76,72.15
83.29,83.29,47.86,76.02,72.19
82.91,82.91,48.51,79.20,71.64
83.53,83.53,51.22,78.53,70.22
83.02,83.02,55.10,77.82,74.18
76.11,76.11,68.23,74.49,67.84
71.04,71.04,77.68,73.03,71.49
63.27,63.27,78.71,72.24,70.50
59.28,59.28,76.24,71.11,73.15
60.40,60.40,76.11,72.04,75.47
61.31,61.31,77.67,75.36,78.42
59.17,59.17,72.08,74.85,78.74
57.22,57.22,65.96,75.91,75.61
62.30,62.30,59.90,79.43,78.76
60.70,60.70,56.38,74.75,77.06
71.36,71.36,60.49,71.48,76.61
71.34,71.34,61.38,69.49,77.49
65.07,65.07,65.92,61.63,75.87
75.94,75.94,84.74,58.41,75.02
84.52,84.52,82.50,55.82,74.77
86.52,86.52,86.07,69.33,76.69
88.71,88.71,73.85,71.36,74.95
84.10,84.10,77.42,74.59,78.32
81.80,81.80,75.41,74.83,75.33
84.76,84.76,74.59,75.45,75.90
86.65,86.65,67.67,75.71,77.13
86.19,86.19,66.28,76.66,74.95
83.11,83.11,63.97,77.87,75.87
83.88,83.88,65.22,77.27,77.49
86.43,86.43,62.53,76.19,72.65
85.33,85.33,63.95,71.95,76.69
83.33,83.33,59.46,72.19,78.39
85.73,85.73,60.05,76.34,77.53
87.52,87.52,54.97,78.18,76.94
87.81,87.81,59.84,78.45,78.51
85.98,85.98,52.88,77.52,76.92
84.77,84.77,53.41,76.65,73.13
84.28,84.28,50.88,76.46,72.68
86.21,86.21,57.53,76.43,69.49
85.87,85.87,59.62,75.04,72.05
85.02,85.02,57.20,74.50,72.69
84.98,84.98,54.52,76.74,72.03
88.30,88.30,55.27,78.12,72.67
87.63,87.63,47.04,77.73,70.20
87.24,87.24,48.72,75.62,70.46
86.46,86.46,54.00,74.84,71.44
76.78,76.78,63.53,73.76,70.77
66.00,66.00,72.08,73.74,74.55
73.58,73.58,82.10,73.11,78.41
72.94,72.94,75.48,72.27,81.71
70.20,70.20,70.48,72.70,79.56
72.20,72.20,77.51,76.27,78.93
83.86,83.86,72.28,75.20,79.74
86.87,86.87,64.69,74.27,80.15
86.02,86.02,62.00,72.69,78.87
85.30,85.30,62.38,71.65,79.39
85.29,85.29,64.49,71.42,76.57
85.57,85.57,65.42,66.69,75.63
83.72,83.72,76.58,62.10,76.05
85.89,85.89,86.87,69.77,76.60
85.60,85.60,83.52,70.23,77.14
83.53,83.53,76.35,70.38,74.92
82.64,82.64,79.31,70.18,77.30
81.87,81.87,77.02,74.25,76.21
80.64,80.64,71.03,72.10,74.26
82.46,82.46,68.26,76.64,79.55
83.42,83.42,64.57,75.88,76.49
83.49,83.49,67.36,75.17,76.73
82.21,82.21,68.80,77.66,77.04
82.75,82.75,68.84,76.32,78.40
82.93,82.93,65.85,76.35,78.55
83.56,83.56,65.60,76.80,79.37
80.51,80.51,65.09,75.99,78.07
80.30,80.30,58.66,76.02,78.63
80.84,80.84,55.99,76.24,78.58
75.51,75.51,57.05,77.24,78.61
74.35,74.35,55.68,76.35,78.29
78.16,78.16,57.81,77.33,76.66
84.17,84.17,65.51,77.21,75.43
85.63,85.63,64.42,78.02,76.03
85.80,85.80,62.64,74.21,79.81
84.39,84.39,59.98,74.31,79.25
84.63,84.63,57.03,76.28,81.68
82.64,82.64,53.13,77.52,77.87
81.86,81.86,52.11,75.75,77.83
84.39,84.39,48.72,76.22,77.87
84.27,84.27,55.51,75.70,76.60
82.51,82.51,64.52,74.46,76.19
82.96,82.96,76.02,70.56,77.26
84.94,84.94,79.78,67.87,74.83
84.80,84.80,78.29,75.41,72.15
84.82,84.82,72.40,77.38,73.98
84.84,84.84,76.04,76.33,74.97
84.84,84.84,74.49,75.30,73.65
84.22,84.22,67.03,72.41,75.75
84.49,84.49,60.80,65.64,76.80
84.74,84.74,60.72,54.35,77.48
84.52,84.52,61.44,47.93,76.82
84.84,84.84,62.84,48.14,73.34
85.33,85.33,75.33,57.52,72.95
84.55,84.55,85.25,66.75,74.87
82.69,82.69,83.28,68.61,74.74
79.31,79.31,76.49,69.46,73.85
80.74,80.74,75.23,68.49,72.79
82.27,82.27,79.34,64.99,71.85
83.88,83.88,77.41,68.34,70.67
81.52,81.52,69.45,71.49,72.54
79.89,79.89,67.32,71.30,72.44
79.91,79.91,61.27,71.62,71.14
78.77,78.77,65.75,70.16,73.89
84.69,84.69,71.09,66.92,75.71
88.04,88.04,68.51,68.90,76.91
86.31,86.31,67.30,71.43,76.58
85.79,85.79,65.32,71.01,76.02
84.88,84.88,55.39,72.24,76.54
85.87,85.87,50.56,73.00,73.43
85.98,85.98,54.07,73.16,75.88
85.49,85.49,53.76,73.10,75.74
84.82,84.82,52.76,71.98,75.84
84.88,84.88,60.40,72.58,78.08
85.34,85.34,69.88,76.66,80.29
85.74,85.74,67.54,77.96,76.54
84.96,84.96,65.86,76.64,75.99
84.78,84.78,60.82,74.74,77.17
85.18,85.18,57.31,74.38,75.92
84.90,84.90,54.30,75.51,74.94
84.08,84.08,52.40,75.73,74.76
84.37,84.37,63.36,73.74,75.71
85.54,85.54,67.50,67.69,74.63
85.39,85.39,77.37,64.71,71.95
86.06,86.06,82.82,60.71,77.09
88.39,88.39,79.26,56.58,76.23
87.04,87.04,71.40,59.74,77.16
84.03,84.03,78.02,64.28,76.49
84.70,84.70,75.15,66.49,74.59
86.01,86.01,69.33,67.42,76.21
84.21,84.21,65.33,67.67,76.96
82.80,82.80,63.39,66.08,78.12
84.33,84.33,65.94,59.72,73.52
85.40,85.40,68.44,51.49,76.13
85.74,85.74,70.65,46.40,74.15
86.87,86.87,78.72,53.61,73.81
86.56,86.56,82.64,60.60,75.47
85.41,85.41,80.68,68.41,73.21
84.88,84.88,81.67,72.05,72.05
85.79,85.79,73.68,72.42,73.62
86.75,86.75,70.93,72.80,73.58
87.12,87.12,63.03,72.26,70.99
85.77,85.77,67.51,72.93,74.58
84.82,84.82,64.94,74.89,75.20
82.57,82.57,65.12,78.16,72.40
81.07,81.07,68.66,79.64,76.31
81.65,81.65,68.92,78.82,81.93
82.16,82.16,63.40,75.30,76.89
82.37,82.37,57.07,74.67,77.01
82.73,82.73,51.64,77.16,73.48
83.13,83.13,52.92,77.02,76.24
84.02,84.02,49.09,76.68,72.94
84.17,84.17,46.93,76.18,76.69
84.08,84.08,48.87,76.48,74.43
84.04,84.04,51.33,77.68,72.09
84.09,84.09,60.53,78.03,73.34
84.85,84.85,60.70,76.68,79.29
84.30,84.30,55.86,78.14,75.02
84.58,84.58,51.17,78.18,75.94
83.29,83.29,45.88,77.84,72.90
83.03,83.03,43.18,77.77,71.26
82.51,82.51,49.15,77.60,72.62
81.69,81.69,57.10,77.59,72.37
83.40,83.40,64.56,78.25,68.88
84.35,84.35,81.27,79.18,70.61
85.01,85.01,77.04,78.82,70.20
81.99,81.99,75.49,77.15,73.20
79.90,79.90,74.13,76.86,71.87
78.15,78.15,73.60,77.06,76.06
79.93,79.93,63.36,74.73,71.29
83.41,83.41,62.00,70.51,71.65
83.30,83.30,64.32,68.12,73.78
82.55,82.55,59.89,68.82,70.70
83.29,83.29,62.70,66.93,66.31
82.27,82.27,69.99,65.81,67.43
81.64,81.64,77.80,62.18,72.59
80.69,80.69,90.35,67.85,72.34
82.00,82.00,83.97,69.51,75.80
82.03,82.03,80.53,70.51,75.61
81.77,81.77,78.04,71.41,76.18
82.31,82.31,76.21,76.11,79.79
82.81,82.81,74.14,74.38,75.28
82.42,82.42,74.55,77.75,77.08
82.00,82.00,67.70,74.43,73.40
81.64,81.64,65.27,76.45,72.35
81.86,81.86,55.00,77.04,70.86
81.28,81.28,61.32,75.55,79.21
81.39,81.39,65.00,78.70,81.52
83.47,83.47,58.16,79.24,75.10
82.62,82.62,55.40,75.70,76.36
82.07,82.07,53.65,74.73,73.79
83.58,83.58,51.97,75.35,74.61
81.57,81.57,49.05,76.65,73.90
83.33,83.33,47.80,76.15,72.33
82.62,82.62,45.20,76.16,66.85
81.69,81.69,49.20,76.76,71.83
79.60,79.60,60.47,77.17,73.90
81.41,81.41,60.51,75.96,73.07
80.54,80.54,55.75,77.03,76.05
78.79,78.79,51.26,77.32,77.27
81.53,81.53,47.81,76.66,74.74
80.50,80.50,43.92,76.79,75.96
80.68,80.68,43.60,75.27,74.12
81.58,81.58,49.70,76.79,67.91
80.31,80.31,62.89,74.03,68.86
81.43,81.43,74.91,73.32,72.15
82.74,82.74,84.01,77.07,75.16
82.46,82.46,78.03,77.09,74.19
83.63,83.63,71.32,76.00,77.09
83.37,83.37,79.77,77.05,73.26
83.29,83.29,73.18,76.12,75.43
83.79,83.79,67.51,76.84,74.24
84.42,84.42,67.76,75.62,75.74
84.28,84.28,61.96,72.37,75.34
84.53,84.53,64.53,72.38,75.40
84.54,84.54,69.61,67.50,73.50
82.93,82.93,84.46,65.32,73.98
83.10,83.10,85.00,73.28,70.16
83.05,83.05,82.15,78.32,71.69
83.03,83.03,80.51,81.54,76.70
84.13,84.13,77.12,79.84,79.26
84.35,84.35,77.73,77.76,75.86
83.39,83.39,73.24,76.67,77.14
84.06,84.06,70.34,80.31,74.02
83.68,83.68,69.87,80.64,75.48
84.59,84.59,66.93,78.97,77.71
84.70,84.70,68.33,83.66,75.85
83.96,83.96,67.03,83.01,76.53
83.60,83.60,68.38,79.86,76.77
83.42,83.42,64.52,82.28,77.31
83.01,83.01,59.23,81.65,75.28
83.79,83.79,59.35,82.04,77.20
82.28,82.28,52.31,80.84,74.12
80.19,80.19,50.80,81.67,75.15
82.70,82.70,53.03,82.88,72.83
81.90,81.90,60.86,80.18,74.03
81.97,81.97,67.44,82.45,75.37
83.07,83.07,67.27,82.23,77.63
83.84,83.84,65.87,82.07,80.39
83.91,83.91,60.62,83.11,79.83
82.66,82.66,56.91,81.41,77.41
82.14,82.14,52.82,81.79,76.88
83.70,83.70,51.85,80.82,76.27
82.73,82.73,57.31,82.80,74.11
82.18,82.18,64.54,82.14,74.05
80.28,80.28,63.54,80.56,71.26
82.95,82.95,81.36,80.13,70.26
83.18,83.18,82.17,66.30,71.74
83.62,83.62,79.23,64.78,71.94
80.77,80.77,75.69,64.59,72.50
82.12,82.12,77.19,62.90,75.27
82.58,82.58,74.00,63.66,72.92
83.07,83.07,62.82,65.73,73.35
82.76,82.76,65.20,62.08,74.85
81.72,81.72,62.61,62.63,72.14
80.12,80.12,60.18,54.32,71.47
81.68,81.68,66.61,62.01,73.24
84.45,84.45,80.36,71.42,76.13
83.25,83.25,84.85,74.10,79.47
76.59,76.59,77.72,73.23,81.74
77.17,77.17,75.72,80.47,74.55
83.59,83.59,78.40,84.05,81.32
82.00,82.00,77.78,82.89,80.30
81.50,81.50,70.73,81.70,75.42
80.30,80.30,69.43,80.54,78.64
70.81,70.81,67.14,82.07,75.19
62.81,62.81,62.47,80.34,75.27
60.87,60.87,67.20,82.05,76.17
57.90,57.90,69.43,82.13,73.62
58.64,58.64,66.71,81.72,73.47
59.84,59.84,67.47,82.26,73.52
60.19,60.19,59.42,82.00,73.79
63.16,63.16,49.54,83.76,77.03
63.81,63.81,48.44,81.53,73.35
64.97,64.97,53.85,82.68,74.21
61.58,61.58,52.63,81.48,74.34
62.87,62.87,60.26,81.39,73.04
63.36,63.36,67.73,70.71,72.57
61.87,61.87,68.64,65.90,72.07
61.87,61.87,65.37,55.03,72.06
61.59,61.59,62.39,42.24,72.51
62.75,62.75,57.16,46.82,71.80
64.85,64.85,54.65,44.48,72.20
59.73,59.73,49.61,51.46,71.77
59.19,59.19,50.26,50.71,69.99
60.79,60.79,57.82,47.05,69.08
71.57,71.57,70.05,58.14,69.12
86.26,86.26,84.39,72.23,76.55
81.55,81.55,77.94,76.08,79.15
84.06,84.06,76.72,77.18,75.48
83.33,83.33,75.71,77.88,75.95
84.68,84.68,78.21,75.96,72.56
85.61,85.61,73.96,78.86,72.74
84.80,84.80,66.83,80.95,71.68
85.24,85.24,59.87,81.57,72.25
86.71,86.71,60.92,77.51,73.02
87.27,87.27,65.36,63.38,70.92
87.57,87.57,66.19,51.43,68.83
87.06,87.06,72.51,53.38,74.13
86.52,86.52,84.63,58.49,71.63
86.62,86.62,85.01,65.46,76.25
86.73,86.73,80.85,73.16,73.59
86.03,86.03,78.82,76.97,68.69
85.94,85.94,80.65,80.31,75.82
86.78,86.78,72.02,80.67,73.96
86.90,86.90,73.99,77.75,70.43
86.16,86.16,72.42,75.40,74.24
83.94,83.94,63.78,79.50,72.88
82.16,82.16,68.28,81.03,73.66
81.21,81.21,71.18,81.16,77.77
82.97,82.97,70.83,79.49,74.54
84.43,84.43,67.06,77.87,74.72
83.27,83.27,65.62,77.51,75.40
83.48,83.48,59.53,79.02,72.49
83.67,83.67,54.51,81.48,72.08
84.00,84.00,55.40,80.67,70.24
84.62,84.62,54.27,75.87,70.71
83.53,83.53,51.71,73.45,69.39
82.54,82.54,56.82,71.75,70.69
82.54,82.54,62.30,73.63,75.65
82.21,82.21,61.21,82.97,75.49
83.86,83.86,58.78,82.84,71.09
84.77,84.77,57.51,81.10,71.80
85.22,85.22,53.33,80.56,70.46
85.76,85.76,50.26,81.33,70.64
83.50,83.50,51.21,82.67,70.74
79.34,79.34,56.25,81.08,71.98
79.17,79.17,69.06,83.43,65.15
82.81,82.81,79.95,82.75,65.10
81.89,81.89,76.19,79.97,63.01
78.47,78.47,74.38,80.49,63.20
66.62,66.62,77.22,80.91,59.33
61.67,61.67,73.05,77.19,61.63
59.07,59.07,67.63,77.43,61.67
55.13,55.13,64.27,78.17,57.25
56.19,56.19,60.08,80.65,62.61
67.43,67.43,58.41,79.05,64.22
73.34,73.34,69.36,78.84,75.56
73.76,73.76,69.41,70.25,72.60
75.53,75.53,77.41,57.77,80.10
84.12,84.12,82.72,67.37,81.39
80.87,80.87,85.12,72.01,78.86
78.16,78.16,83.12,71.17,80.31
77.83,77.83,76.06,72.11,82.51
78.76,78.76,78.28,73.29,83.06
77.73,77.73,75.19,73.50,83.83
77.01,77.01,73.57,76.26,83.82
76.22,76.22,69.38,74.94,81.56
75.78,75.78,67.15,73.82,82.64
75.67,75.67,62.47,76.28,80.39
72.43,72.43,65.90,79.25,79.13
74.25,74.25,67.21,79.27,80.92
74.74,74.74,66.29,75.69,79.02
76.00,76.00,59.27,76.30,80.43
74.69,74.69,57.02,75.95,79.69
73.96,73.96,50.02,74.33,79.05
73.81,73.81,58.47,71.17,79.66
73.14,73.14,52.39,64.90,75.88
72.36,72.36,54.85,57.22,75.37
68.42,68.42,54.95,55.13,73.58
69.49,69.49,50.26,49.43,72.62
83.92,83.92,50.64,41.91,72.41
84.46,84.46,49.47,39.12,72.65
84.36,84.36,53.97,39.13,68.01
83.59,83.59,50.12,32.87,71.47
84.22,84.22,53.79,23.84,69.67
84.17,84.17,51.30,29.32,70.27
84.16,84.16,49.79,26.71,67.25
84.75,84.75,47.26,31.96,68.17
83.95,83.95,41.81,23.13,68.43
78.98,78.98,37.74,24.45,68.57
77.92,77.92,47.19,28.98,65.97
83.80,83.80,37.79,30.23,66.05
84.37,84.37,47.05,32.41,63.57
84.85,84.85,38.32,29.28,65.19
84.59,84.59,39.07,36.38,62.77
84.39,84.39,42.78,38.53,64.44
84.27,84.27,39.96,31.90,59.49
83.28,83.28,47.97,41.50,61.01
83.20,83.20,41.15,35.21,58.71
82.42,82.42,45.69,39.24,59.68
79.21,79.21,37.51,36.72,57.31
74.63,74.63,41.02,44.60,59.99
73.47,73.47,37.86,42.20,53.41
72.68,72.68,43.12,40.37,54.67
72.69,72.69,49.26,35.80,51.60
67.61,67.61,50.03,37.97,49.45
59.73,59.73,49.83,35.22,48.62
47.22,47.22,51.95,33.19,45.63
45.43,45.43,47.24,40.45,47.61
45.28,45.28,44.34,42.88,47.29
46.10,46.10,47.09,40.38,47.42
65.50,65.50,44.53,37.12,46.12
69.56,69.56,47.38,31.36,47.46
62.34,62.34,41.17,27.61,47.54
81.62,81.62,42.84,30.03,46.60
86.23,86.23,43.27,32.94,47.83
85.09,85.09,36.75,23.68,41.83
82.31,82.31,38.05,20.53,39.15
74.41,74.41,39.32,23.66,38.13
56.51,56.51,33.93,23.08,36.67
47.68,47.68,37.47,32.47,39.29
46.43,46.43,39.22,32.50,37.20
38.90,38.90,41.73,33.99,37.57
39.14,39.14,42.57,33.36,36.78
38.30,38.30,42.33,26.28,38.45
40.38,40.38,42.35,26.65,36.43
37.91,37.91,39.51,32.63,36.45
38.11,38.11,40.29,34.01,36.34
43.02,43.02,33.67,26.60,34.15
43.02,43.02,37.94,29.15,30.09
52.06,52.06,38.34,21.14,33.11
81.70,81.70,43.37,28.47,32.38
86.17,86.17,37.63,29.25,27.88
86.13,86.13,39.63,24.73,30.97
85.59,85.59,41.73,26.44,34.97
84.38,84.38,42.80,22.87,40.91
84.06,84.06,47.45,23.18,47.94
83.31,83.31,63.87,32.70,58.65
82.79,82.79,81.17,47.04,69.61
78.58,78.58,86.73,60.96,77.51
74.95,74.95,80.84,62.88,82.08
78.33,78.33,80.93,66.78,82.58
80.92,80.92,80.68,68.73,82.80
80.09,80.09,76.00,73.83,81.83
78.68,78.68,77.15,78.94,83.61
69.64,69.64,76.74,80.16,82.03
77.92,77.92,66.64,78.83,82.80
77.71,77.71,65.05,81.07,82.50
70.49,70.49,70.37,81.45,80.72
67.62,67.62,70.45,80.15,81.55
71.02,71.02,69.95,81.70,81.84
72.62,72.62,66.31,81.71,80.00
79.80,79.80,61.97,79.50,80.57
79.37,79.37,60.16,80.18,80.52
77.26,77.26,52.34,80.05,79.74
76.79,76.79,56.88,82.55,81.65
77.30,77.30,60.45,81.20,80.06
78.89,78.89,53.46,74.50,78.47
80.01,80.01,48.95,69.45,78.50
79.16,79.16,53.72,59.60,72.75
79.55,79.55,56.49,57.17,63.76
77.74,77.74,57.25,51.33,63.57
76.59,76.59,57.79,43.05,63.89
75.58,75.58,53.12,42.81,64.96
77.98,77.98,55.33,41.59,63.94
78.10,78.10,53.66,33.80,60.65
78.69,78.69,53.71,35.21,60.01
80.62,80.62,54.46,38.98,59.77
79.83,79.83,45.96,34.12,58.33
81.69,81.69,51.61,34.83,60.18
81.32,81.32,55.60,28.72,60.00
81.25,81.25,50.91,21.32,57.97
81.56,81.56,52.00,31.58,57.80
81.03,81.03,49.72,32.27,57.03
78.04,78.04,52.38,32.16,56.12
79.96,79.96,53.19,26.96,58.11
80.49,80.49,54.90,17.65,54.92
77.77,77.77,48.93,15.92,53.46
77.68,77.68,48.07,14.41,55.81
77.16,77.16,49.67,21.24,53.05
77.74,77.74,50.76,17.35,55.13
77.72,77.72,47.50,17.80,53.71
79.57,79.57,44.44,17.88,52.97
80.87,80.87,41.50,18.85,51.67
76.65,76.65,36.76,20.72,53.23
75.04,75.04,40.11,21.14,51.99
72.13,72.13,37.61,21.27,47.52
73.14,73.14,46.46,23.08,51.48
73.12,73.12,41.98,19.41,51.99
72.97,72.97,45.88,21.41,49.64
72.50,72.50,39.30,19.94,46.11
72.53,72.53,44.40,26.77,49.55
72.39,72.39,40.33,18.26,49.25
72.14,72.14,35.13,13.67,44.01
75.27,75.27,32.36,7.43,48.55
79.35,79.35,31.30,7.25,45.01
80.34,80.34,28.98,9.77,36.91
78.22,78.22,26.68,10.11,38.73
76.61,76.61,22.69,9.20,43.27
76.25,76.25,27.22,11.12,44.18
77.84,77.84,29.76,9.16,38.79
75.52,75.52,32.87,12.47,40.10
61.28,61.28,31.13,20.21,40.48
49.24,49.24,31.34,22.29,41.74
45.49,45.49,31.29,14.58,41.89
42.08,42.08,35.73,18.91,41.46
40.19,40.19,34.65,17.54,39.96
38.34,38.34,37.40,21.00,38.12
40.23,40.23,35.94,17.70,35.45
39.58,39.58,36.65,14.94,36.03
41.78,41.78,35.94,14.26,36.74
42.51,42.51,34.39,15.61,38.29
43.55,43.55,32.22,17.68,35.43
44.99,44.99,26.82,10.31,31.40
49.94,49.94,29.27,18.51,25.34
70.55,70.55,30.92,20.63,24.22
81.46,81.46,26.57,20.24,19.17
83.91,83.91,31.45,13.96,27.04
80.63,80.63,29.13,16.49,18.66
80.22,80.22,38.09,18.51,25.01
79.27,79.27,47.28,13.12,33.39
78.53,78.53,55.98,9.78,46.97
78.54,78.54,73.37,11.47,59.65
78.33,78.33,71.80,4.86,57.95
78.94,78.94,62.80,4.41,52.63
78.92,78.92,57.46,9.04,51.12
79.61,79.61,51.90,7.12,46.21
79.04,79.04,46.20,6.49,44.40
79.12,79.12,39.79,6.84,43.31
79.46,79.46,39.41,14.70,37.02
79.53,79.53,42.22,13.60,34.84
79.56,79.56,50.04,12.18,38.95
79.51,79.51,63.56,14.64,53.39
79.67,79.67,67.72,3.84,57.63
79.98,79.98,68.16,3.26,58.14
79.74,79.74,61.04,3.21,53.47
79.97,79.97,54.05,9.32,48.72
80.05,80.05,49.73,9.37,47.95
79.88,79.88,42.36,3.96,44.86
80.41,80.41,36.76,3.64,40.21
80.01,80.01,32.57,11.05,38.47
79.54,79.54,30.20,16.23,33.91
79.38,79.38,29.11,15.59,29.95
79.08,79.08,30.51,11.55,34.21
79.52,79.52,29.43,10.87,30.03
79.80,79.80,28.84,9.77,27.25
80.05,80.05,26.66,7.13,24.57
79.98,79.98,27.26,8.78,26.45
79.78,79.78,27.80,9.44,35.08
79.10,79.10,35.45,14.12,34.31
79.48,79.48,47.17,9.40,42.42
79.75,79.75,60.55,5.38,51.28
79.43,79.43,70.49,2.71,57.05
79.59,79.59,70.91,0.06,59.79
79.88,79.88,63.24,1.66,52.07
79.82,79.82,56.71,7.94,50.65
80.29,80.29,51.40,14.15,47.17
80.01,80.01,45.54,15.24,45.43
79.33,79.33,38.16,7.41,41.79
79.56,79.56,39.34,1.71,48.34
79.03,79.03,46.68,3.58,56.32
78.77,78.77,56.99,0.69,56.62
77.66,77.66,66.22,0.33,55.12
78.10,78.10,72.87,5.86,56.69
78.79,78.79,71.54,7.90,52.03
78.71,78.71,65.03,5.91,46.12
79.02,79.02,58.23,11.64,39.62
78.90,78.90,53.71,15.65,38.37
79.20,79.20,47.11,13.61,36.88
79.56,79.56,41.35,4.48,34.26
79.17,79.17,37.79,3.77,32.87
79.39,79.39,32.17,11.18,28.20
78.94,78.94,32.72,11.67,27.27
78.82,78.82,25.42,10.30,24.56
78.77,78.77,28.56,11.90,23.85
78.93,78.93,27.76,9.19,23.29
78.65,78.65,29.05,7.51,24.65
78.25,78.25,25.76,3.73,20.57
78.03,78.03,27.33,6.69,21.81
78.54,78.54,30.58,12.29,22.14
79.04,79.04,40.34,11.86,30.40
78.75,78.75,48.47,15.19,39.29
79.12,79.12,62.34,12.11,48.88
78.36,78.36,72.52,1.71,55.05
78.76,78.76,67.49,-0.00,49.17
78.79,78.79,62.32,0.68,42.57
78.94,78.94,56.67,5.26,34.00
79.32,79.32,53.28,7.62,36.58
79.17,79.17,47.12,15.16,35.05
79.49,79.49,44.45,11.25,36.48
79.38,79.38,41.66,9.22,35.57
79.38,79.38,46.42,3.82,34.71
79.56,79.56,62.05,10.37,46.43
79.09,79.09,70.46,6.20,50.52
79.42,79.42,73.11,2.11,52.61
79.53,79.53,67.96,3.04,45.32
79.10,79.10,62.45,13.17,39.98
79.41,79.41,56.72,16.52,40.35
79.73,79.73,51.47,11.95,40.96
79.41,79.41,45.60,8.27,38.11
78.97,78.97,40.94,3.30,33.59
78.59,78.59,34.72,4.64,28.00
77.86,77.86,29.69,6.32,23.88
78.16,78.16,30.83,6.39,24.14
78.95,78.95,28.87,8.25,21.28
79.24,79.24,31.54,13.70,20.78
79.34,79.34,26.12,5.45,18.55
79.05,79.05,26.46,6.26,18.88
78.99,78.99,25.46,4.00,18.77
78.89,78.89,28.95,4.55,19.90
79.20,79.20,32.55,7.46,20.65
78.89,78.89,40.70,5.44,22.58
78.32,78.32,47.53,2.50,33.06
78.00,78.00,60.66,1.23,42.54
77.73,77.73,74.69,3.25,44.97
77.94,77.94,64.76,7.98,41.52
78.44,78.44,60.46,19.97,34.93
78.42,78.42,55.82,19.98,31.06
78.19,78.19,49.52,20.84,31.45
78.74,78.74,44.90,13.96,29.78
78.95,78.95,40.45,15.46,25.96
78.89,78.89,42.34,13.82,26.35
77.66,77.66,45.47,7.43,19.92
77.66,77.66,48.78,4.99,22.48
77.60,77.60,70.52,10.99,31.85
78.52,78.52,73.68,10.75,32.12
77.90,77.90,65.19,12.46,28.09
79.04,79.04,60.08,14.48,23.39
79.86,79.86,54.88,9.63,23.09
80.28,80.28,50.43,16.83,26.61
81.14,81.14,46.45,18.43,28.86
81.13,81.13,39.17,13.78,26.72
81.27,81.27,35.48,7.06,22.53
80.50,80.50,33.38,9.29,17.88
78.84,78.84,28.48,9.00,15.68
78.02,78.02,29.44,6.75,15.39
78.73,78.73,29.48,5.70,14.99
79.11,79.11,28.94,3.49,15.65
77.98,77.98,27.56,8.08,16.87
78.27,78.27,28.06,4.43,13.67
78.38,78.38,25.87,1.86,13.31
78.97,78.97,30.26,1.23,17.41
78.56,78.56,37.89,0.58,22.94
78.97,78.97,46.25,0.18,30.15
79.16,79.16,57.78,-0.00,42.59
78.76,78.76,77.92,0.34,52.70
78.95,78.95,70.29,5.69,45.82
79.16,79.16,65.00,8.65,41.32
79.34,79.34,59.73,19.08,40.67
78.83,78.83,54.90,17.97,41.60
79.27,79.27,48.05,12.46,39.71
79.23,79.23,43.25,13.15,37.91
79.58,79.58,39.38,6.24,33.83
78.98,78.98,37.86,1.10,30.65
78.82,78.82,35.56,1.23,29.14
78.40,78.40,36.66,3.77,21.65
77.85,77.85,34.78,9.17,25.60
77.89,77.89,28.51,6.93,23.98
76.83,76.83,29.19,3.90,18.15
77.06,77.06,29.46,5.06,13.93
77.39,77.39,26.57,6.29,14.68
77.56,77.56,32.61,7.51,18.89
77.97,77.97,37.68,8.53,15.15
78.17,78.17,45.40,10.02,27.93
77.14,77.14,57.85,9.15,39.48
76.44,76.44,70.93,7.31,49.85
76.84,76.84,73.18,10.13,44.45
76.16,76.16,67.01,16.47,37.55
75.54,75.54,61.43,19.68,33.07
75.42,75.42,55.87,14.94,32.96
76.05,76.05,50.92,10.37,30.97
75.57,75.57,46.02,5.42,29.11
75.72,75.72,41.09,8.77,27.18
76.17,76.17,35.55,10.96,26.21
76.67,76.67,33.58,8.56,19.61
75.93,75.93,27.05,6.96,20.93
74.59,74.59,34.74,6.65,20.40
73.19,73.19,31.49,3.77,18.58
72.18,72.18,36.73,6.63,17.41
73.06,73.06,39.62,6.83,21.45
73.50,73.50,37.58,10.21,28.07
75.22,75.22,35.13,31.36,37.99
75.96,75.96,44.08,39.90,48.66
76.30,76.30,47.42,54.41,57.41
74.95,74.95,55.34,62.74,62.52
74.27,74.27,65.39,77.83,80.31
72.60,72.60,69.86,81.00,82.13
62.63,62.63,66.93,80.46,80.59
61.88,61.88,62.88,79.99,82.45
61.48,61.48,56.93,81.26,81.83
53.21,53.21,52.27,81.14,77.72
58.35,58.35,48.14,80.47,79.96
62.99,62.99,46.20,80.77,81.17
61.96,61.96,46.97,81.13,78.93
63.15,63.15,56.07,81.05,78.06
65.96,65.96,60.31,74.27,77.95
63.19,63.19,71.82,70.19,79.92
61.72,61.72,69.04,77.41,81.89
59.07,59.07,64.01,81.79,80.93
58.42,58.42,61.02,82.58,81.07
52.49,52.49,55.64,82.06,81.30
54.06,54.06,50.67,81.47,79.44
51.90,51.90,47.13,81.11,80.28
48.06,48.06,43.78,81.89,80.96
53.77,53.77,41.71,82.12,78.45
53.80,53.80,43.05,81.73,76.04
55.59,55.59,41.64,79.43,73.77
53.10,53.10,39.96,76.73,72.42
56.05,56.05,39.42,72.94,71.20
56.20,56.20,42.14,69.44,71.30
51.98,51.98,42.35,66.98,70.38
50.11,50.11,42.93,64.23,68.57
52.46,52.46,42.27,57.43,68.78
52.96,52.96,38.60,55.27,67.63
52.97,52.97,47.71,60.85,66.19
35.37,35.37,56.25,66.13,72.33
12.77,12.77,66.54,77.15,81.65
7.09,7.09,66.62,79.80,84.83
7.68,7.68,63.53,81.72,84.28
11.94,11.94,58.79,81.59,83.68
13.43,13.43,52.83,81.24,82.63
14.15,14.15,46.39,80.86,80.51
13.70,13.70,40.84,81.11,80.53
10.75,10.75,41.02,81.55,79.18
8.22,8.22,47.63,82.20,78.26
4.39,4.39,59.84,77.34,75.66
6.43,6.43,66.70,68.23,73.37
9.01,9.01,68.17,75.46,78.56
11.36,11.36,66.74,80.58,80.86
13.10,13.10,60.84,81.38,79.06
15.03,15.03,55.55,79.16,81.25
14.82,14.82,48.60,80.13,80.32
12.68,12.68,41.88,80.38,78.86
13.17,13.17,38.24,79.80,78.91
11.27,11.27,41.70,80.72,79.13
9.82,9.82,47.84,80.09,78.07
5.77,5.77,43.08,77.92,75.36
7.55,7.55,36.44,75.93,73.68
9.10,9.10,34.51,73.85,70.06
7.65,7.65,39.95,69.94,65.44
8.22,8.22,33.70,66.38,67.11
9.08,9.08,47.53,59.11,65.94
11.39,11.39,50.00,62.73,68.96
8.90,8.90,45.41,62.32,69.96
4.55,4.55,46.67,65.16,67.42
4.42,4.42,55.46,63.32,72.89
9.49,9.49,65.59,76.26,81.07
11.17,11.17,65.74,80.09,82.33
10.70,10.70,61.61,80.49,82.84
8.32,8.32,55.71,81.73,83.47
10.11,10.11,49.51,81.95,80.71
13.75,13.75,44.15,80.68,83.73
14.50,14.50,42.13,80.81,81.83
16.94,16.94,48.71,80.70,78.77
18.47,18.47,58.04,79.41,78.83
15.86,15.86,59.67,71.57,75.55
9.93,9.93,68.89,70.60,72.73
7.83,7.83,67.52,72.34,74.45
15.04,15.04,64.97,77.92,81.83
23.50,23.50,60.01,78.99,81.24
27.42,27.42,55.47,78.93,81.02
29.60,29.60,49.45,79.28,82.51
25.18,25.18,45.72,78.77,80.40
22.51,22.51,42.60,79.34,78.76
22.74,22.74,42.95,78.91,77.55
18.48,18.48,41.28,79.61,77.84
18.30,18.30,42.38,78.28,75.95
19.68,19.68,42.95,75.91,74.92
22.65,22.65,50.28,73.67,72.64
28.89,28.89,45.81,72.55,65.53
28.27,28.27,39.69,69.12,69.04
26.30,26.30,41.77,65.83,69.72
26.67,26.67,45.90,65.12,71.24
29.61,29.61,45.75,65.77,73.13
31.30,31.30,49.42,65.44,73.66
19.24,19.24,52.69,65.34,69.47
10.07,10.07,56.58,62.22,75.41
11.08,11.08,66.77,77.64,80.51
8.77,8.77,64.64,81.12,82.59
11.56,11.56,62.57,82.67,84.11
17.16,17.16,56.04,82.36,83.64
21.54,21.54,50.84,81.86,81.86
23.63,23.63,45.35,80.92,79.82
22.45,22.45,43.26,81.36,79.14
22.11,22.11,46.19,82.05,78.99
11.70,11.70,53.55,80.26,77.20
6.31,6.31,58.15,70.31,72.95
5.54,5.54,70.73,75.24,77.79
3.22,3.22,68.75,79.10,82.80
3.85,3.85,66.22,80.25,83.56
7.10,7.10,63.16,79.85,84.69
9.28,9.28,56.72,81.94,84.83
11.31,11.31,52.42,80.41,81.51
12.16,12.16,47.45,80.14,79.32
13.10,13.10,44.37,81.27,80.49
16.11,16.11,40.22,80.58,80.22
13.51,13.51,39.73,78.87,79.51
13.14,13.14,36.26,76.76,80.57
13.46,13.46,37.74,69.98,78.21
17.02,17.02,34.53,71.11,75.15
21.29,21.29,33.54,67.28,71.52
24.87,24.87,35.36,65.53,74.05
28.17,28.17,37.65,66.57,77.07
28.35,28.35,40.00,66.59,75.86
29.40,29.40,41.22,67.51,76.41
25.28,25.28,50.54,66.34,72.45
15.18,15.18,56.75,64.02,66.73
9.20,9.20,66.54,60.24,76.47
9.61,9.61,75.15,76.32,81.82
9.28,9.28,67.92,82.46,85.16
10.20,10.20,65.80,82.47,82.36
13.98,13.98,61.09,82.06,81.01
18.75,18.75,55.77,82.49,81.33
18.79,18.79,51.13,81.43,80.47
15.67,15.67,48.51,81.84,80.47
13.70,13.70,46.17,82.23,78.73
11.62,11.62,42.32,81.44,80.05
12.39,12.39,41.57,78.13,75.39
17.25,17.25,41.70,76.01,73.11
21.93,21.93,43.49,75.35,72.29
26.03,26.03,45.57,69.91,69.97
30.85,30.85,42.89,63.67,68.74
37.95,37.95,43.64,66.11,68.15
38.45,38.45,47.55,60.17,62.59
39.66,39.66,50.03,58.46,62.45
38.85,38.85,45.60,59.51,63.29
34.34,34.34,51.43,52.03,63.12
24.97,24.97,57.98,53.51,67.73
23.91,23.91,67.97,70.87,80.29
28.54,28.54,71.51,81.16,84.62
32.42,32.42,68.07,81.78,85.01
31.95,31.95,63.54,82.28,84.01
36.16,36.16,58.48,83.56,83.32
44.61,44.61,53.90,83.23,81.96
49.89,49.89,49.56,80.98,81.26
61.35,61.35,46.10,81.39,79.85
65.85,65.85,44.08,82.21,80.31
68.62,68.62,42.49,79.71,77.37
66.74,66.74,49.75,80.18,77.71
67.22,67.22,42.51,77.01,73.98
67.96,67.96,39.25,71.58,69.01
79.53,79.53,34.32,68.41,70.54
82.21,82.21,32.46,65.04,69.11
85.32,85.32,31.57,65.20,69.92
84.18,84.18,31.50,66.30,69.80
85.02,85.02,35.22,66.16,72.38
83.59,83.59,51.22,62.70,70.20
83.41,83.41,59.82,53.00,63.93
83.22,83.22,62.02,43.85,62.98
81.81,81.81,78.93,57.23,73.90
79.56,79.56,87.25,64.82,78.37
76.92,76.92,75.61,65.91,73.58
74.78,74.78,75.70,76.30,79.00
72.19,72.19,83.11,81.30,77.04
72.79,72.79,75.83,75.89,77.17
72.73,72.73,71.71,70.50,71.77
71.73,71.73,73.08,76.05,75.55
72.06,72.06,71.13,77.89,72.73
70.58,70.58,68.18,77.16,67.80
67.07,67.07,65.09,76.51,71.65
51.29,51.29,68.85,74.15,67.20
55.89,55.89,69.80,76.49,77.91
69.77,69.77,62.97,77.14,79.02
71.04,71.04,54.26,80.50,78.37
80.52,80.52,63.09,80.48,78.17
86.53,86.53,55.57,80.00,74.75
87.12,87.12,52.71,81.10,76.67
86.58,86.58,47.53,76.65,75.85
83.20,83.20,44.86,76.57,70.66
68.95,68.95,46.91,75.81,65.98
59.22,59.22,48.52,73.08,65.61
55.05,55.05,50.47,63.61,67.62
57.91,57.91,48.32,62.16,63.50
49.68,49.68,50.86,51.64,61.59
54.07,54.07,49.85,55.34,60.26
47.12,47.12,51.86,52.22,54.27
48.69,48.69,53.82,54.55,50.14
44.45,44.45,49.06,47.27,53.91
48.95,48.95,57.24,32.98,54.73
61.05,61.05,85.60,39.81,66.75
65.45,65.45,80.64,44.33,65.03
70.93,70.93,76.11,49.46,80.01
79.50,79.50,80.07,55.55,79.49
86.15,86.15,76.49,55.65,77.06
84.35,84.35,73.13,58.19,74.05
83.70,83.70,61.74,54.26,76.15
84.00,84.00,68.33,51.28,77.18
81.81,81.81,62.46,48.59,72.61
77.54,77.54,62.58,40.66,70.41
65.07,65.07,72.11,56.40,72.64
71.26,71.26,89.34,73.73,70.48
60.27,60.27,83.26,77.54,75.18
54.04,54.04,83.81,75.23,77.24
55.66,55.66,77.70,73.87,78.37
50.53,50.53,80.08,74.39,74.20
52.27,52.27,77.74,78.37,77.59
50.22,50.22,71.25,78.11,76.01
55.23,55.23,70.69,74.96,75.42
60.43,60.43,67.05,73.83,75.04
67.98,67.98,68.80,73.52,76.06
68.61,68.61,73.04,79.20,74.52
69.47,69.47,68.90,79.47,71.68
74.37,74.37,70.49,79.31,73.61
83.86,83.86,65.31,78.14,73.60
82.52,82.52,54.70,78.75,71.14
82.56,82.56,52.81,74.33,74.38
82.98,82.98,58.63,75.58,68.97
82.87,82.87,54.68,75.87,73.85
83.53,83.53,55.85,74.57,71.31
82.99,82.99,67.48,73.27,70.41
82.82,82.82,67.58,73.78,77.02
81.09,81.09,64.58,71.96,80.02
80.82,80.82,59.92,63.92,75.26
80.51,80.51,57.94,58.43,74.32
80.47,80.47,57.48,50.26,76.81
80.55,80.55,56.42,44.32,75.59
80.82,80.82,52.37,48.60,73.87
81.70,81.70,54.80,43.46,72.60
83.30,83.30,60.91,49.12,70.79
82.79,82.79,70.10,61.11,69.39
83.09,83.09,85.19,72.85,67.82
83.43,83.43,82.23,72.10,69.74
83.12,83.12,76.65,75.89,67.40
83.29,83.29,78.90,77.39,64.71
82.42,82.42,76.31,72.51,66.54
82.69,82.69,70.53,59.07,64.48
83.36,83.36,68.97,54.65,62.32
83.76,83.76,66.75,48.69,62.58
84.05,84.05,63.43,39.09,58.48
84.29,84.29,58.83,39.82,59.52
83.96,83.96,68.01,46.71,65.12
82.23,82.23,80.96,62.90,69.79
81.26,81.26,87.28,76.23,70.26
83.52,83.52,79.71,79.78,67.88
84.78,84.78,74.28,82.89,71.76
85.38,85.38,82.59,83.37,70.09
85.52,85.52,75.84,82.32,68.48
85.49,85.49,73.00,81.03,69.10
83.30,83.30,71.79,80.73,70.17
77.96,77.96,68.90,81.65,67.40
82.38,82.38,66.12,82.38,68.58
84.22,84.22,71.91,81.59,68.41
83.37,83.37,68.21,81.44,63.86
81.96,81.96,70.15,81.65,65.48
81.92,81.92,67.21,80.20,66.75
81.36,81.36,62.51,81.04,64.03
81.64,81.64,57.78,80.50,63.35
80.57,80.57,54.93,79.68,65.00
79.64,79.64,57.90,79.85,58.65
79.95,79.95,53.81,78.38,62.65
78.78,78.78,55.03,80.03,62.34
77.24,77.24,68.01,78.89,66.98
75.27,75.27,66.82,66.59,73.48
75.53,75.53,63.61,58.13,73.68
76.25,76.25,59.92,51.82,71.50
74.98,74.98,57.40,52.85,72.77
74.84,74.84,55.52,46.87,73.68
75.49,75.49,51.10,43.66,69.14
76.20,76.20,51.53,38.08,65.16
75.59,75.59,57.21,26.20,61.80
81.28,81.28,67.04,33.60,59.42
83.53,83.53,84.58,46.48,61.73
83.74,83.74,76.33,56.77,64.84
84.48,84.48,74.53,62.54,72.89
82.86,82.86,79.64,65.04,72.73
80.88,80.88,77.47,57.37,72.40
81.77,81.77,71.54,55.75,71.49
82.05,82.05,66.61,48.35,72.66
81.69,81.69,66.58,41.48,72.92
81.86,81.86,65.69,40.42,73.03
81.19,81.19,60.99,37.87,71.86
79.64,79.64,69.07,41.14,70.16
74.44,74.44,80.63,65.55,71.80
72.81,72.81,83.70,74.62,75.55
67.63,67.63,81.67,78.08,73.93
63.95,63.95,78.17,78.86,74.18
65.23,65.23,79.42,74.57,72.34
71.56,71.56,77.19,80.26,70.13
79.08,79.08,69.30,81.47,75.06
82.96,82.96,70.84,74.46,72.37
85.13,85.13,72.09,75.09,73.42
85.19,85.19,70.45,78.99,66.92
82.39,82.39,70.72,81.98,72.92
80.51,80.51,71.95,79.87,74.56
79.93,79.93,71.26,77.62,75.48
82.48,82.48,65.16,79.45,74.64
84.28,84.28,59.56,79.23,75.17
86.42,86.42,60.79,79.58,75.97
87.58,87.58,54.08,79.38,73.36
84.72,84.72,53.54,78.04,73.43
81.82,81.82,53.92,78.99,73.31
75.72,75.72,54.61,81.44,70.02
66.00,66.00,55.11,78.85,66.77
62.65,62.65,54.03,70.42,69.90
60.60,60.60,49.11,64.35,66.02
59.22,59.22,46.48,52.03,66.12
56.00,56.00,53.63,53.79,64.24
54.99,54.99,46.13,45.43,57.52
56.41,56.41,51.73,47.93,56.39
59.34,59.34,54.78,38.53,52.05
62.17,62.17,58.26,30.27,50.93
66.57,66.57,77.53,21.44,56.05
67.71,67.71,82.86,28.79,61.74
79.15,79.15,79.60,37.82,71.89
84.99,84.99,78.18,36.55,80.76
85.86,85.86,77.65,36.58,76.12
85.32,85.32,75.20,36.76,76.42
84.13,84.13,61.56,35.56,75.63
82.76,82.76,67.67,34.83,76.06
82.12,82.12,60.40,32.03,75.98
79.60,79.60,64.42,28.54,77.02
78.93,78.93,64.94,33.07,73.18
80.01,80.01,69.37,42.25,70.91
78.52,78.52,88.32,63.61,76.82
79.42,79.42,86.83,68.51,79.59
79.65,79.65,79.67,71.54,79.54
78.19,78.19,83.76,77.01,79.21
78.78,78.78,78.70,77.92,77.07
78.90,78.90,77.92,76.57,78.37
79.11,79.11,71.08,75.44,78.97
78.80,78.80,71.78,70.41,77.53
80.91,80.91,64.97,73.85,75.57
82.46,82.46,68.17,75.61,73.48
80.65,80.65,61.79,73.40,72.21
80.97,80.97,69.19,76.95,74.14
78.21,78.21,60.91,77.34,75.66
77.67,77.67,61.92,77.85,79.99
72.91,72.91,55.53,79.35,80.80
67.17,67.17,60.02,79.06,75.58
56.60,56.60,56.02,78.64,74.65
59.95,59.95,53.61,80.19,74.27
61.76,61.76,47.86,79.10,69.13
64.13,64.13,49.71,77.57,63.39
71.42,71.42,48.39,76.69,65.17
70.55,70.55,52.85,78.62,69.10
71.35,71.35,50.11,78.21,63.85
66.17,66.17,48.63,76.27,55.25
52.78,52.78,41.86,71.20,56.50
44.86,44.86,48.56,65.92,54.21
49.49,49.49,50.01,56.30,47.05
47.16,47.16,56.54,52.56,47.88
59.98,59.98,59.01,48.37,54.14
79.33,79.33,73.74,35.43,63.20
80.56,80.56,81.87,43.48,65.35
82.54,82.54,83.79,52.85,79.11
79.24,79.24,74.79,60.68,77.59
81.61,81.61,78.93,60.44,79.22
82.14,82.14,78.45,64.84,77.26
82.14,82.14,67.59,65.89,75.17
81.82,81.82,69.22,65.42,74.47
80.00,80.00,66.07,60.65,73.71
77.60,77.60,64.99,60.91,74.20
75.19,75.19,67.37,55.19,71.94
76.55,76.55,76.08,61.78,73.22
81.29,81.29,87.44,72.13,73.63
75.50,75.50,82.13,75.41,74.66
77.67,77.67,81.61,75.78,79.40
83.20,83.20,79.79,78.53,79.46
84.37,84.37,77.94,74.90,81.14
84.32,84.32,72.75,79.02,81.21
83.94,83.94,73.76,78.09,78.63
79.73,79.73,71.67,80.14,78.70
75.46,75.46,66.51,74.82,77.09
75.16,75.16,69.60,78.20,78.31
75.22,75.22,69.23,80.63,79.82
72.96,72.96,70.68,79.52,79.64
76.63,76.63,69.09,80.01,80.03
82.54,82.54,61.65,78.45,77.85
84.90,84.90,56.64,78.85,77.07
84.71,84.71,53.72,78.65,77.87
85.36,85.36,56.28,77.04,77.02
84.03,84.03,57.46,77.70,77.22
83.60,83.60,61.17,79.05,75.44
81.64,81.64,69.17,77.26,75.62
79.33,79.33,67.09,72.62,76.42
78.54,78.54,63.86,74.66,78.54
82.06,82.06,60.19,73.72,79.79
84.15,84.15,57.35,74.81,79.55
83.81,83.81,55.21,70.25,81.28
81.59,81.59,51.45,67.01,80.52
79.45,79.45,51.24,50.99,80.17
82.03,82.03,54.58,52.23,74.74
82.75,82.75,62.22,33.67,73.62
82.53,82.53,78.58,24.10,73.44
64.18,64.18,78.11,28.75,70.44
57.87,57.87,76.27,27.74,68.89
59.92,59.92,69.73,33.41,69.96
58.88,58.88,80.26,32.89,68.35
59.73,59.73,77.19,41.03,68.37
61.56,61.56,71.70,40.57,67.00
62.15,62.15,70.08,42.67,65.37
62.08,62.08,64.83,40.85,62.16
61.40,61.40,63.97,40.59,60.78
63.43,63.43,66.20,38.43,61.31
62.14,62.14,71.89,37.89,66.72
63.50,63.50,88.46,58.14,81.69
62.15,62.15,84.18,70.17,80.37
60.13,60.13,82.69,72.46,81.73
56.78,56.78,76.52,74.97,82.16
50.63,50.63,74.43,76.24,81.75
49.71,49.71,72.80,78.16,80.15
47.39,47.39,67.65,79.32,79.43
48.02,48.02,71.20,79.78,80.62
58.75,58.75,64.54,77.86,81.43
66.54,66.54,58.06,78.48,78.59
84.29,84.29,67.86,80.35,79.93
87.37,87.37,62.71,80.44,77.23
87.51,87.51,58.39,79.69,74.95
87.65,87.65,54.66,79.30,74.09
87.11,87.11,55.92,78.63,73.06
85.52,85.52,52.14,77.57,73.91
85.40,85.40,54.78,77.68,75.77
84.34,84.34,53.06,78.03,74.68
80.99,80.99,58.62,78.60,72.11
72.89,72.89,69.33,78.65,72.45
67.01,67.01,71.66,77.65,71.47
55.17,55.17,66.43,70.06,64.21
55.84,55.84,61.68,55.64,65.43
49.86,49.86,60.02,59.44,61.51
47.83,47.83,56.63,50.14,63.62
43.89,43.89,55.09,49.72,61.67
44.46,44.46,53.94,52.29,63.49
45.65,45.65,52.34,45.26,60.61
51.85,51.85,57.02,28.65,56.84
64.06,64.06,76.20,35.91,60.29
79.86,79.86,75.77,47.68,69.41
83.13,83.13,79.44,45.44,78.77
81.16,81.16,77.89,56.08,79.03
83.83,83.83,80.25,55.03,80.59
85.88,85.88,75.72,59.96,78.61
85.53,85.53,75.77,59.46,76.92
84.43,84.43,71.76,57.69,77.27
84.92,84.92,65.34,60.76,76.49
86.22,86.22,68.69,58.60,76.56
85.18,85.18,67.06,50.24,73.95
83.46,83.46,73.67,51.71,70.08
83.78,83.78,89.75,64.03,69.89
85.24,85.24,86.57,70.49,73.48
85.99,85.99,78.88,71.08,71.16
85.78,85.78,77.13,73.17,76.91
85.44,85.44,79.09,77.39,76.99
85.92,85.92,77.69,78.16,77.64
86.24,86.24,71.30,77.52,73.32
85.86,85.86,66.11,79.18,69.85
85.55,85.55,62.24,79.43,72.63
83.43,83.43,67.23,79.48,77.10
81.67,81.67,71.62,79.50,74.47
83.40,83.40,67.02,78.21,73.29
84.42,84.42,63.67,75.25,77.09
84.01,84.01,59.72,75.68,75.20
83.82,83.82,55.33,77.19,77.49
83.08,83.08,54.48,75.71,75.98
82.41,82.41,53.84,78.60,75.60
81.53,81.53,49.65,76.49,71.53
74.74,74.74,47.25,76.19,69.68
66.23,66.23,46.66,65.31,74.73
59.64,59.64,49.43,69.00,72.25
61.13,61.13,47.88,77.02,72.83
58.13,58.13,42.31,80.96,72.42
55.87,55.87,41.66,81.40,68.29
56.93,56.93,44.38,82.34,62.98
58.77,58.77,49.19,82.93,61.67
60.36,60.36,51.38,82.33,61.13
58.36,58.36,61.67,81.86,60.00
66.53,66.53,72.49,81.51,64.30
71.15,71.15,82.23,81.84,63.35
79.60,79.60,77.22,81.00,63.14
88.48,88.48,72.50,79.30,66.78
87.46,87.46,74.94,75.52,78.88
87.11,87.11,73.07,75.06,77.00
86.62,86.62,69.80,78.75,74.81
85.96,85.96,62.47,79.62,74.04
85.61,85.61,61.30,80.15,73.57
84.68,84.68,61.89,80.44,69.73
83.29,83.29,59.74,79.90,72.29
84.47,84.47,70.04,75.36,69.80
82.50,82.50,78.00,70.37,70.41
83.30,83.30,89.26,68.72,72.10
82.28,82.28,79.59,63.70,65.88
84.15,84.15,78.19,73.14,70.06
84.26,84.26,79.77,77.74,71.00
84.18,84.18,75.67,77.04,73.74
83.58,83.58,75.32,76.53,73.83
82.98,82.98,73.10,75.30,75.35
83.75,83.75,68.14,75.54,71.78
84.13,84.13,70.89,79.75,71.77
84.58,84.58,63.91,78.85,68.48
85.30,85.30,68.12,76.51,71.79
84.76,84.76,69.28,80.47,74.97
84.66,84.66,63.84,80.02,77.48
83.78,83.78,58.29,78.17,76.77
84.97,84.97,61.72,80.41,75.06
85.31,85.31,55.03,80.46,75.55
85.96,85.96,54.67,80.51,73.48
86.29,86.29,48.15,80.90,68.39
85.21,85.21,49.60,79.47,62.30
84.68,84.68,53.95,79.80,69.13
84.77,84.77,52.19,75.68,66.59
83.94,83.94,46.59,63.40,59.09
82.33,82.33,44.88,56.33,52.41
80.72,80.72,52.01,51.02,56.59
75.92,75.92,53.50,46.60,59.60
74.20,74.20,56.01,49.16,53.14
66.22,66.22,47.35,34.28,54.52
62.37,62.37,52.98,31.59,55.99
70.57,70.57,63.31,18.64,64.65
75.06,75.06,80.11,27.52,72.10
80.36,80.36,82.18,39.08,75.55
82.44,82.44,76.37,42.06,74.38
82.13,82.13,76.91,36.84,74.52
81.91,81.91,77.54,27.74,74.88
81.08,81.08,71.05,22.89,73.71
82.15,82.15,61.57,22.81,70.45
81.08,81.08,67.79,13.83,74.56
82.99,82.99,62.19,11.96,72.75
82.32,82.32,65.15,10.40,68.59
81.93,81.93,63.74,26.22,72.01
80.68,80.68,82.29,47.68,71.23
81.73,81.73,84.89,53.95,71.34
83.16,83.16,80.01,62.13,74.92
83.05,83.05,80.81,73.44,71.81
82.88,82.88,77.44,74.87,67.87
83.22,83.22,71.43,71.13,68.43
82.85,82.85,71.48,68.06,73.68
83.29,83.29,72.02,72.24,72.05
83.71,83.71,66.92,68.73,71.92
84.26,84.26,66.51,74.57,71.48
79.78,79.78,67.00,76.20,71.93
83.96,83.96,65.36,78.57,68.06
84.21,84.21,67.61,77.58,70.04
83.86,83.86,61.20,75.43,66.40
83.86,83.86,64.58,73.62,71.76
84.66,84.66,53.61,74.60,69.40
84.51,84.51,51.58,73.23,65.79
84.90,84.90,51.22,72.50,67.68
84.53,84.53,56.42,72.11,68.85
82.99,82.99,67.59,74.97,69.56
83.14,83.14,70.10,74.61,80.48
82.82,82.82,67.14,69.78,73.99
81.66,81.66,63.19,65.07,76.98
76.85,76.85,60.13,49.75,72.91
73.54,73.54,53.16,46.79,70.55
71.39,71.39,53.12,47.13,76.32
66.56,66.56,49.91,46.09,73.50
58.52,58.52,52.57,40.48,72.47
60.90,60.90,66.71,53.91,71.14
64.31,64.31,67.62,58.42,63.76
74.69,74.69,84.25,59.34,62.54
80.59,80.59,79.77,56.09,61.11
84.47,84.47,73.66,54.64,56.55
83.99,83.99,75.83,49.20,59.16
84.02,84.02,75.65,47.49,60.70
83.89,83.89,74.71,49.54,53.43
84.03,84.03,66.61,45.22,57.57
83.07,83.07,66.07,44.53,49.71
83.88,83.88,61.67,35.92,54.93
83.26,83.26,61.58,42.98,52.04
81.31,81.31,76.01,59.07,63.43
78.61,78.61,80.63,66.51,71.96
81.06,81.06,86.78,71.92,73.20
83.65,83.65,82.85,70.17,74.69
83.91,83.91,77.89,73.64,68.38
83.51,83.51,81.37,74.81,63.94
83.13,83.13,79.07,73.58,69.97
83.14,83.14,68.15,75.76,67.87
83.26,83.26,71.27,76.89,70.75
83.60,83.60,70.44,75.57,69.31
83.82,83.82,68.61,72.73,65.37
83.99,83.99,67.59,72.95,67.08
83.01,83.01,66.63,77.66,66.44
83.50,83.50,62.44,76.88,62.53
83.96,83.96,59.19,73.86,62.37
83.36,83.36,60.39,73.58,59.11
83.56,83.56,52.23,76.87,56.80
83.53,83.53,52.02,76.91,60.66
83.63,83.63,51.24,75.90,64.11
83.38,83.38,50.18,74.85,57.89
83.14,83.14,54.99,75.43,54.08
80.17,80.17,65.23,75.06,58.34
75.45,75.45,66.96,68.98,56.91
72.26,72.26,62.47,65.72,49.57
71.34,71.34,57.67,68.00,47.71
70.30,70.30,53.87,64.98,44.64
79.97,79.97,52.02,56.18,46.91
84.77,84.77,48.91,62.04,47.14
84.75,84.75,53.45,57.63,38.63
83.88,83.88,59.38,49.95,42.10
83.30,83.30,65.22,41.57,55.04
83.81,83.81,86.97,53.77,70.15
86.66,86.66,80.91,63.94,71.54
85.52,85.52,77.97,67.28,73.15
84.87,84.87,79.23,70.20,74.78
85.91,85.91,75.71,64.56,72.11
86.36,86.36,74.61,57.61,72.23
86.03,86.03,65.72,49.04,72.24
85.45,85.45,68.67,47.39,73.36
84.85,84.85,63.77,46.53,72.05
84.31,84.31,64.33,49.56,71.12
84.11,84.11,73.01,69.37,71.39
84.35,84.35,79.96,79.21,69.24
83.55,83.55,87.10,79.82,71.53
82.73,82.73,81.73,79.77,72.55
81.81,81.81,78.58,81.37,71.49
81.22,81.22,80.80,83.41,72.51
82.40,82.40,79.67,81.52,72.87
82.49,82.49,72.65,81.73,67.45
82.20,82.20,72.88,81.38,71.39
82.40,82.40,72.31,80.75,71.23
81.47,81.47,63.62,80.90,70.33
82.14,82.14,69.00,80.93,68.17
81.77,81.77,71.79,81.44,77.41
80.69,80.69,70.85,81.28,80.49
80.43,80.43,67.65,80.57,78.58
83.21,83.21,66.50,79.74,78.66
83.02,83.02,60.25,80.69,80.30
82.01,82.01,55.53,80.68,77.50
80.14,80.14,55.29,79.81,73.86
80.12,80.12,51.50,80.57,71.46
82.05,82.05,48.14,79.54,66.34
77.26,77.26,48.76,77.99,59.11
63.97,63.97,48.87,76.18,59.88
57.10,57.10,48.24,77.84,62.87
52.59,52.59,41.51,70.05,63.28
48.85,48.85,44.26,67.10,61.83
44.99,44.99,45.78,59.13,57.12
42.63,42.63,54.51,51.64,55.44
42.16,42.16,55.04,44.47,57.11
68.45,68.45,57.54,33.94,54.99
71.24,71.24,71.68,29.84,62.79
69.91,69.91,81.45,7.33,67.05
65.87,65.87,77.24,0.80,75.24
64.02,64.02,71.43,8.46,78.29
83.17,83.17,78.40,24.64,75.21
83.30,83.30,75.71,28.16,72.83
83.07,83.07,69.56,29.52,74.41
83.34,83.34,68.14,20.36,75.39
82.74,82.74,63.42,16.65,73.20
82.70,82.70,61.61,29.96,71.28
82.25,82.25,65.98,35.08,71.77
82.18,82.18,66.86,43.64,76.94
80.60,80.60,86.98,57.87,79.49
79.45,79.45,86.24,66.66,72.36
78.64,78.64,82.91,62.56,76.77
79.81,79.81,80.14,72.62,76.84
77.45,77.45,82.00,78.75,75.78
67.67,67.67,77.11,79.15,75.02
59.89,59.89,73.23,79.55,75.36
50.80,50.80,74.74,78.59,74.88
51.48,51.48,69.26,77.41,75.09
53.13,53.13,63.58,78.96,73.20
56.12,56.12,66.06,77.77,73.43
77.08,77.08,68.72,74.22,79.83
79.16,79.16,66.17,76.31,78.90
75.50,75.50,62.10,76.78,76.34
74.35,74.35,50.27,76.55,76.02
74.61,74.61,60.07,78.25,73.65
72.99,72.99,58.02,79.69,74.02
73.33,73.33,48.55,80.28,74.53
70.61,70.61,54.36,80.02,75.54
60.52,60.52,54.57,79.85,76.97
58.86,58.86,55.36,77.33,75.30
55.51,55.51,54.09,77.04,70.67
52.93,52.93,48.44,74.94,65.69
50.65,50.65,58.19,72.76,56.46
50.34,50.34,61.31,69.13,53.10
47.63,47.63,48.11,64.45,51.46
44.32,44.32,59.66,64.95,50.60
45.68,45.68,50.47,57.67,48.79
45.61,45.61,53.58,43.41,51.81
49.75,49.75,63.51,46.66,66.76
64.28,64.28,85.36,56.62,82.98
64.57,64.57,78.37,66.89,79.34
77.83,77.83,77.24,67.82,76.59
81.59,81.59,76.41,76.65,78.75
80.12,80.12,73.79,75.29,77.51
82.48,82.48,71.97,72.30,74.69
83.43,83.43,66.03,72.34,75.44
83.84,83.84,65.12,64.13,74.53
84.50,84.50,59.32,52.41,72.87
84.64,84.64,63.83,44.54,70.48
83.46,83.46,70.24,57.15,72.30
78.25,78.25,86.93,70.55,79.34
81.21,81.21,83.96,74.66,78.89
82.55,82.55,81.75,75.99,77.31
80.10,80.10,73.02,76.28,79.85
80.32,80.32,79.38,79.67,79.20
80.42,80.42,71.50,77.46,78.27
84.65,84.65,72.54,81.68,78.17
85.48,85.48,72.61,80.11,77.44
84.53,84.53,66.11,78.95,76.16
82.79,82.79,67.74,80.51,77.74
81.16,81.16,71.02,80.05,76.98
82.25,82.25,68.76,80.42,79.73
77.26,77.26,66.74,79.86,81.64
75.32,75.32,61.96,81.27,81.49
75.95,75.95,52.92,80.35,80.77
78.45,78.45,52.75,80.34,80.23
81.96,81.96,54.02,80.39,78.41
83.38,83.38,57.80,79.67,78.38
83.40,83.40,61.54,79.70,77.16
84.16,84.16,69.49,78.60,75.83
84.30,84.30,68.44,75.72,76.31
83.35,83.35,66.47,67.18,79.41
82.87,82.87,64.07,59.31,83.14
81.85,81.85,58.75,59.24,79.35
81.84,81.84,56.34,51.92,81.05
79.02,79.02,56.13,51.19,79.73
80.04,80.04,54.06,48.95,77.94
83.04,83.04,60.82,48.12,76.64
84.86,84.86,67.45,50.98,76.22
83.66,83.66,75.54,55.26,72.79
84.18,84.18,80.40,67.06,74.28
82.64,82.64,80.23,71.91,72.97
83.02,83.02,72.64,75.25,72.23
83.43,83.43,79.98,77.37,70.32
82.94,82.94,75.17,79.11,71.40
81.80,81.80,68.99,77.26,71.04
80.37,80.37,65.61,77.93,70.49
80.87,80.87,57.27,79.12,69.76
81.81,81.81,65.22,76.20,68.26
82.99,82.99,65.82,73.78,67.04
83.73,83.73,72.31,70.53,69.81
82.91,82.91,84.81,74.51,76.72
81.70,81.70,85.53,76.22,78.90
79.16,79.16,75.11,74.93,80.71
75.07,75.07,76.34,75.07,78.19
75.58,75.58,79.08,76.13,77.07
77.58,77.58,76.08,77.87,77.24
78.63,78.63,71.64,77.40,78.76
77.83,77.83,63.16,74.99,75.55
79.39,79.39,60.16,75.08,74.39
83.30,83.30,67.18,77.28,73.59
83.56,83.56,71.00,76.92,72.91
83.48,83.48,67.92,77.53,76.42
82.44,82.44,66.59,77.32,78.05
80.71,80.71,67.73,78.97,78.68
76.94,76.94,58.56,79.56,79.12
73.56,73.56,54.94,78.55,77.86
75.29,75.29,51.52,78.07,75.83
77.41,77.41,58.92,78.86,74.95
78.60,78.60,56.66,78.05,73.91
80.38,80.38,59.47,75.82,73.30
82.15,82.15,69.49,74.68,72.26
82.19,82.19,68.38,76.71,76.29
81.32,81.32,65.86,75.56,74.61
78.74,78.74,63.76,60.67,72.52
74.96,74.96,62.33,61.08,67.75
71.91,71.91,59.71,65.92,68.47
72.86,72.86,53.47,67.60,64.22
73.99,73.99,62.81,63.64,64.50
75.55,75.55,66.95,54.38,55.39
78.49,78.49,75.07,45.50,60.19
80.27,80.27,86.17,62.15,66.48
80.92,80.92,82.20,67.60,70.83
78.62,78.62,72.79,74.39,82.42
75.41,75.41,78.63,76.48,82.03
70.85,70.85,73.77,69.21,80.70
70.91,70.91,69.59,65.62,80.03
74.37,74.37,68.66,63.99,80.18
79.40,79.40,66.03,62.02,76.61
83.08,83.08,66.55,58.61,77.19
75.90,75.90,66.51,44.04,75.70
57.69,57.69,69.13,52.99,74.34
69.55,69.55,84.47,70.43,72.55
60.93,60.93,85.34,77.23,71.46
60.21,60.21,83.01,78.36,74.45
54.08,54.08,79.24,82.61,78.07
58.07,58.07,79.57,82.80,77.31
48.16,48.16,76.20,82.26,77.60
48.79,48.79,74.14,82.00,76.33
50.11,50.11,75.75,82.75,77.94
50.49,50.49,70.21,80.69,74.15
48.29,48.29,63.96,80.72,72.46
54.72,54.72,73.03,81.91,75.60
54.98,54.98,70.80,82.72,74.01
54.29,54.29,69.90,82.54,76.89
55.22,55.22,66.40,79.81,81.01
56.71,56.71,59.41,80.98,75.90
58.17,58.17,54.24,82.21,76.68
59.44,59.44,54.61,79.91,78.18
60.86,60.86,54.68,80.19,80.52
62.66,62.66,50.96,78.17,76.36
63.90,63.90,52.59,75.02,74.65
64.81,64.81,54.36,72.99,74.63
65.42,65.42,54.87,76.75,74.04
66.03,66.03,50.67,79.50,72.06
67.73,67.73,46.99,81.82,67.65
69.35,69.35,45.79,81.78,66.85
68.66,68.66,42.93,80.87,65.27
65.21,65.21,44.56,80.53,64.39
58.85,58.85,58.48,79.71,63.05
58.05,58.05,70.39,78.79,61.44
61.79,61.79,79.60,79.62,59.78
72.07,72.07,79.49,80.14,61.61
79.24,79.24,74.90,77.65,68.76
84.11,84.11,69.80,70.28,73.03
85.51,85.51,67.33,66.88,78.07
84.38,84.38,70.90,69.36,80.69
83.14,83.14,64.48,75.20,76.68
83.20,83.20,61.19,78.29,73.34
83.19,83.19,58.08,79.34,76.89
84.25,84.25,63.51,81.56,75.20
82.94,82.94,65.01,81.81,72.44
81.99,81.99,70.73,79.07,71.37
82.66,82.66,87.12,79.29,67.76
83.71,83.71,81.96,79.88,70.90
82.59,82.59,75.86,76.67,71.94
82.66,82.66,74.93,79.94,70.12
83.87,83.87,77.02,78.73,70.22
73.57,73.57,74.80,76.95,67.46
61.79,61.79,71.83,76.83,65.81
58.55,58.55,69.60,77.33,66.66
58.08,58.08,68.45,77.85,67.41
54.11,54.11,62.71,78.64,69.99
68.06,68.06,66.13,82.01,67.22
68.29,68.29,69.73,79.96,67.82
73.51,73.51,66.15,80.10,70.36
85.20,85.20,63.48,79.86,76.99
83.83,83.83,61.49,78.53,81.55
83.61,83.61,58.51,80.49,81.01
83.48,83.48,51.14,78.54,79.83
82.57,82.57,55.66,78.83,78.22
82.38,82.38,52.59,79.66,77.60
82.47,82.47,49.82,79.38,78.84
84.83,84.83,55.37,67.92,82.25
83.77,83.77,52.30,76.91,78.76
83.24,83.24,55.33,74.42,70.78
85.11,85.11,53.30,69.67,67.67
84.60,84.60,52.67,57.26,66.31
82.27,82.27,48.66,56.60,69.63
83.71,83.71,47.71,51.58,67.51
82.75,82.75,55.54,52.11,70.51
78.10,78.10,65.93,39.64,66.76
78.40,78.40,72.73,30.73,68.61
77.27,77.27,82.68,19.42,68.24
78.07,78.07,77.15,38.71,69.01
82.22,82.22,70.79,45.26,76.60
82.04,82.04,80.15,45.73,76.12
84.51,84.51,75.68,40.96,76.37
81.80,81.80,66.16,51.36,75.05
81.99,81.99,67.75,45.80,78.98
83.63,83.63,66.00,48.82,78.20
82.35,82.35,65.36,49.17,75.47
83.03,83.03,71.43,44.32,73.83
83.00,83.00,77.96,47.08,74.02
82.27,82.27,86.27,62.37,75.73
80.13,80.13,82.42,68.34,76.17
82.44,82.44,81.31,73.19,76.77
85.37,85.37,81.22,70.53,77.02
84.68,84.68,68.13,68.35,73.06
84.48,84.48,71.50,70.62,78.54
85.06,85.06,69.27,75.06,75.96
84.10,84.10,65.86,75.01,78.76
81.88,81.88,67.03,75.15,76.28
81.96,81.96,61.72,72.51,78.15
83.21,83.21,66.07,73.85,75.52
83.53,83.53,63.66,78.66,74.63
75.11,75.11,61.55,80.14,75.73
83.19,83.19,55.20,79.03,75.07
82.68,82.68,59.08,78.23,76.28
81.56,81.56,54.63,78.69,73.51
80.65,80.65,54.66,79.11,72.67
79.54,79.54,55.71,78.15,76.48
80.84,80.84,61.09,77.73,75.22
80.82,80.82,68.87,78.80,74.82
78.34,78.34,70.10,81.01,79.97
81.03,81.03,66.82,70.94,83.36
81.69,81.69,61.86,66.38,84.91
84.80,84.80,56.43,49.14,83.69
85.95,85.95,53.57,53.60,80.77
87.30,87.30,51.92,50.97,75.51
86.66,86.66,53.03,49.01,74.79
87.17,87.17,56.58,36.79,73.46
85.63,85.63,63.38,34.85,72.10
87.15,87.15,79.54,43.67,73.27
85.76,85.76,80.88,48.95,73.74
84.67,84.67,74.99,48.97,72.36
86.72,86.72,73.99,50.96,73.93
87.11,87.11,77.90,58.14,72.52
86.82,86.82,72.17,52.51,71.55
86.50,86.50,68.96,45.74,72.50
85.90,85.90,66.61,40.45,74.03
85.67,85.67,62.20,39.00,74.71
85.64,85.64,63.73,39.83,75.07
85.75,85.75,70.15,53.32,74.54
84.58,84.58,74.16,56.84,71.52
82.41,82.41,86.70,64.10,75.35
83.31,83.31,82.48,69.39,72.34
83.03,83.03,77.02,76.39,75.59
85.61,85.61,77.20,78.67,75.74
83.98,83.98,77.40,73.02,73.69
83.67,83.67,72.83,70.41,76.79
83.91,83.91,67.48,69.63,74.59
83.95,83.95,67.82,73.74,76.03
84.24,84.24,64.09,77.12,77.09
82.05,82.05,59.32,73.30,75.44
84.27,84.27,57.42,67.71,75.91
84.76,84.76,60.95,72.14,76.65
85.62,85.62,58.80,74.13,74.76
84.98,84.98,59.73,73.14,78.02
83.47,83.47,59.65,75.24,74.12
84.48,84.48,54.39,76.29,72.32
82.18,82.18,54.49,73.57,75.37
82.92,82.92,53.91,73.60,76.47
73.96,73.96,53.83,75.14,74.82
75.58,75.58,59.31,75.69,75.37
67.59,67.59,67.30,75.84,72.41
82.61,82.61,63.31,68.58,74.81
84.25,84.25,61.55,73.23,74.23
84.95,84.95,56.43,67.36,71.84
85.31,85.31,53.17,65.78,72.41
84.60,84.60,48.74,64.01,73.59
76.06,76.06,54.96,61.13,71.45
70.63,70.63,61.52,57.14,73.51
59.49,59.49,62.20,58.21,70.86
56.85,56.85,77.69,65.21,75.75
58.38,58.38,80.89,70.71,76.24
66.41,66.41,72.70,67.55,76.76
75.99,75.99,76.40,65.23,76.06
82.61,82.61,74.04,58.14,71.86
82.69,82.69,73.70,68.34,74.45
80.81,80.81,71.80,64.89,71.02
80.46,80.46,65.85,62.94,68.98
82.07,82.07,72.34,65.11,73.84
82.93,82.93,64.55,60.28,73.68
85.23,85.23,65.45,54.37,71.92
85.97,85.97,77.20,56.74,72.68
83.90,83.90,88.98,63.88,71.83
84.79,84.79,83.85,67.13,71.91
75.12,75.12,80.36,75.12,73.29
70.43,70.43,79.05,77.61,72.72
65.53,65.53,79.95,72.97,74.03
62.95,62.95,75.86,71.56,75.24
60.61,60.61,71.38,74.83,74.85
71.40,71.40,71.32,75.07,73.10
74.67,74.67,66.28,77.14,71.89
70.32,70.32,67.25,78.65,78.70
73.03,73.03,72.10,77.04,76.20
83.76,83.76,69.98,75.86,78.27
80.10,80.10,67.63,74.01,77.33
77.04,77.04,66.52,75.66,75.79
74.71,74.71,61.79,75.30,77.68
79.13,79.13,57.62,76.57,76.23
78.10,78.10,58.37,74.58,74.13
67.83,67.83,52.07,73.37,75.03
63.71,63.71,52.88,77.65,75.87
66.69,66.69,61.59,78.10,79.82
74.26,74.26,62.35,80.03,77.79
74.56,74.56,60.38,75.77,75.71
73.94,73.94,51.66,69.22,73.72
74.74,74.74,53.40,67.47,75.26
73.46,73.46,54.92,65.88,76.31
73.52,73.52,50.19,54.73,80.22
73.29,73.29,52.58,51.35,77.60
74.41,74.41,61.80,49.31,73.47
73.69,73.69,71.43,46.75,78.59
74.42,74.42,86.07,51.10,79.44
70.64,70.64,81.15,50.55,78.49
73.20,73.20,79.12,47.78,80.74
84.27,84.27,79.39,49.38,78.41
84.91,84.91,77.37,53.13,76.87
85.68,85.68,72.21,53.28,75.10
85.33,85.33,64.93,49.30,77.85
84.95,84.95,65.93,47.69,74.99
84.89,84.89,68.50,47.37,75.73
84.69,84.69,64.82,43.17,75.17
84.28,84.28,70.17,46.69,71.78
84.37,84.37,82.53,58.14,74.43
84.79,84.79,87.53,66.81,75.67
83.79,83.79,74.03,69.48,71.80
81.55,81.55,77.24,73.92,73.44
82.72,82.72,80.83,79.49,73.86
82.56,82.56,76.52,79.33,73.68
81.71,81.71,73.42,75.31,73.02
82.63,82.63,70.82,77.13,73.25
83.89,83.89,66.27,79.45,72.48
83.48,83.48,68.95,80.98,71.27
82.47,82.47,66.74,78.66,79.34
81.96,81.96,71.84,77.40,79.61
81.09,81.09,69.78,80.88,81.17
83.66,83.66,64.69,80.02,79.49
84.51,84.51,63.62,79.99,77.20
82.50,82.50,64.32,80.47,79.37
82.85,82.85,55.18,80.32,73.21
83.58,83.58,55.98,79.68,69.49
83.10,83.10,54.61,80.54,71.80
82.65,82.65,52.62,78.51,72.82
83.93,83.93,58.60,79.81,72.36
83.88,83.88,54.60,72.93,75.92
83.20,83.20,56.10,57.99,73.24
82.41,82.41,56.04,55.66,69.43
73.99,73.99,56.65,53.77,73.47
67.84,67.84,52.82,41.88,75.90
72.62,72.62,55.64,46.90,74.45
75.04,75.04,55.68,41.28,74.62
75.14,75.14,59.46,29.28,73.73
72.33,72.33,67.02,31.58,75.16
74.16,74.16,82.74,46.94,82.78
72.32,72.32,79.15,46.27,83.90
71.00,71.00,73.01,46.13,82.94
76.41,76.41,76.08,48.29,79.68
85.32,85.32,76.22,53.39,77.85
84.44,84.44,76.68,54.43,80.57
85.08,85.08,64.30,48.62,78.12
83.99,83.99,66.31,50.19,76.45
84.36,84.36,59.07,47.36,75.47
85.42,85.42,64.46,35.43,73.50
84.82,84.82,72.58,49.98,74.25
82.33,82.33,88.63,64.41,78.45
82.32,82.32,84.25,74.19,74.56
81.96,81.96,77.43,74.19,73.48
81.70,81.70,78.95,77.06,74.87
81.74,81.74,74.34,78.29,70.64
80.99,80.99,74.46,76.65,75.09
79.58,79.58,65.21,73.10,73.62
79.36,79.36,67.83,74.85,70.77
79.42,79.42,63.95,73.32,73.65
79.09,79.09,62.32,77.29,74.66
79.54,79.54,64.60,80.37,75.04
77.34,77.34,66.21,77.05,78.84
80.20,80.20,61.54,73.79,77.04
79.01,79.01,59.95,79.24,74.71
81.26,81.26,57.35,78.20,77.71
82.00,82.00,57.40,76.86,76.28
78.98,78.98,53.48,78.09,74.35
80.32,80.32,53.05,78.82,75.33
80.14,80.14,58.14,78.18,76.53
80.56,80.56,67.24,78.10,72.76
83.37,83.37,68.84,78.97,75.65
85.68,85.68,67.73,74.56,73.74
84.07,84.07,62.39,64.98,72.95
86.08,86.08,58.40,55.16,75.63
85.93,85.93,56.26,50.85,71.84
85.33,85.33,54.32,52.17,72.82
79.39,79.39,50.31,49.47,75.14
75.54,75.54,57.45,47.69,73.29
76.48,76.48,62.96,52.03,72.15
75.52,75.52,70.90,49.97,72.29
72.71,72.71,86.45,55.37,72.68
70.79,70.79,79.15,61.20,71.65
76.87,76.87,73.86,62.26,71.43
83.20,83.20,76.26,60.45,71.28
81.87,81.87,75.67,58.29,70.99
80.75,80.75,71.31,54.97,70.41
79.36,79.36,67.06,52.10,71.05
78.80,78.80,58.28,48.87,73.96
79.80,79.80,65.79,45.19,73.80
79.41,79.41,66.23,49.30,72.13
76.75,76.75,68.10,58.55,68.86
76.91,76.91,78.00,73.06,74.05
78.76,78.76,88.09,77.72,76.39
79.77,79.77,82.72,77.84,77.41
81.07,81.07,71.80,76.64,75.10
82.62,82.62,76.83,75.44,71.80
82.28,82.28,76.54,78.56,73.55
78.89,78.89,67.67,81.76,72.35
78.69,78.69,70.31,82.38,74.25
80.49,80.49,70.15,80.28,71.95
80.33,80.33,63.65,80.97,73.49
76.89,76.89,68.38,82.74,71.34
76.87,76.87,66.19,81.79,74.00
77.68,77.68,66.22,81.98,72.69
78.04,78.04,60.93,80.84,73.57
82.79,82.79,59.49,81.85,70.39
83.17,83.17,56.27,81.18,71.00
83.22,83.22,46.29,80.85,70.45
82.36,82.36,52.47,81.89,71.84
81.54,81.54,56.96,82.73,72.41
82.39,82.39,61.64,81.23,71.30
74.65,74.65,67.78,78.81,71.45
70.41,70.41,67.96,74.31,71.14
72.03,72.03,63.57,68.90,73.26
70.82,70.82,60.01,66.52,76.68
71.51,71.51,57.71,56.84,74.40
70.29,70.29,54.32,52.33,74.71
71.04,71.04,50.76,52.45,75.74
70.18,70.18,53.70,52.94,76.08
69.61,69.61,63.00,49.05,75.54
69.06,69.06,72.01,48.93,73.86
71.73,71.73,85.67,62.39,74.13
70.20,70.20,77.26,73.15,78.87
67.72,67.72,79.01,83.31,78.50
71.42,71.42,74.98,83.31,79.67
81.57,81.57,75.89,83.41,76.60
82.27,82.27,69.08,82.79,74.39
81.02,81.02,66.18,82.61,74.33
80.22,80.22,65.83,83.30,76.81
82.35,82.35,59.12,83.97,71.93
82.19,82.19,65.80,83.09,74.38
82.07,82.07,69.80,79.86,71.04
82.15,82.15,78.96,74.61,68.28
81.15,81.15,86.10,64.88,73.39
80.90,80.90,85.21,73.32,78.44
79.90,79.90,78.43,72.97,77.90
80.56,80.56,82.50,75.40,77.12
81.69,81.69,76.76,75.91,75.72
83.25,83.25,76.42,75.41,75.42
82.08,82.08,70.28,76.43,75.45
80.96,80.96,68.50,76.87,76.57
82.17,82.17,65.59,78.48,75.96
84.70,84.70,68.31,79.52,77.35
84.77,84.77,72.84,79.48,78.09
84.98,84.98,71.86,77.99,77.33
86.09,86.09,68.63,79.32,77.71
85.88,85.88,62.73,81.81,76.74
85.09,85.09,61.08,82.22,76.17
84.72,84.72,55.40,81.13,77.71
84.60,84.60,60.26,81.11,73.67
84.93,84.93,55.53,79.47,75.19
83.32,83.32,56.77,79.52,71.43
77.12,77.12,62.98,73.16,68.17
73.45,73.45,58.35,61.50,69.02
70.98,70.98,56.43,78.87,72.80
69.20,69.20,51.07,83.14,75.92
75.94,75.94,47.24,81.35,74.12
82.03,82.03,47.85,82.48,71.14
82.35,82.35,44.80,81.07,66.79
83.19,83.19,52.54,81.55,65.10
83.93,83.93,60.07,81.54,66.06
83.82,83.82,78.54,78.32,65.64
81.68,81.68,82.38,76.96,68.92
82.63,82.63,80.28,78.58,70.46
83.05,83.05,73.35,80.97,72.08
81.54,81.54,73.30,78.94,73.27
81.91,81.91,74.60,79.27,75.55
80.83,80.83,67.42,76.57,71.54
79.08,79.08,62.11,78.30,74.21
75.03,75.03,59.72,76.62,72.35
69.29,69.29,62.45,77.12,72.36
65.84,65.84,71.68,75.30,73.16
68.36,68.36,70.85,68.24,70.26
70.58,70.58,83.95,63.57,78.95
72.63,72.63,85.42,62.87,78.29
78.85,78.85,79.79,68.35,78.75
82.60,82.60,75.77,77.12,76.73
78.90,78.90,81.12,77.75,79.20
81.25,81.25,76.07,72.61,78.63
84.49,84.49,72.98,73.54,78.15
83.62,83.62,72.16,75.76,76.71
82.57,82.57,68.01,78.59,75.73
80.80,80.80,66.48,79.60,76.83
78.28,78.28,61.81,76.30,76.67
80.40,80.40,63.89,74.92,75.87
81.83,81.83,69.59,79.66,77.07
83.77,83.77,64.41,79.56,76.38
81.93,81.93,64.83,76.59,77.74
81.24,81.24,63.24,78.65,76.28
83.86,83.86,58.79,79.23,77.01
83.42,83.42,53.44,78.04,75.78
83.12,83.12,53.96,78.18,74.61
82.82,82.82,51.78,79.10,74.08
82.92,82.92,55.16,79.05,70.59
82.25,82.25,54.54,78.59,71.89
82.20,82.20,47.80,76.66,69.39
82.38,82.38,45.07,69.65,68.91
81.93,81.93,51.97,66.62,69.38
82.28,82.28,53.22,58.64,69.32
82.68,82.68,53.53,62.21,69.18
82.23,82.23,59.47,55.81,69.35
82.92,82.92,61.46,44.38,68.34
83.09,83.09,62.86,49.40,66.25
83.09,83.09,84.49,57.56,71.58
83.46,83.46,78.15,68.90,73.22
81.92,81.92,75.87,73.39,82.31
82.58,82.58,77.94,77.88,79.08
83.75,83.75,75.97,74.79,80.30
82.28,82.28,68.39,70.65,78.48
82.60,82.60,69.19,70.29,79.24
83.73,83.73,67.48,71.68,78.14
82.46,82.46,65.03,64.72,77.51
82.92,82.92,67.89,61.46,76.19
82.88,82.88,73.19,54.14,78.03
82.24,82.24,88.71,62.56,74.04
84.39,84.39,81.00,68.51,73.32
84.65,84.65,82.90,76.66,75.96
82.57,82.57,80.45,80.93,77.66
80.82,80.82,78.57,82.02,77.66
82.17,82.17,70.90,78.66,77.58
81.55,81.55,70.63,79.19,76.48
80.33,80.33,76.61,78.25,76.04
82.45,82.45,72.66,78.48,76.41
82.29,82.29,67.51,80.22,75.73
82.21,82.21,72.89,78.12,76.03
82.16,82.16,68.64,77.50,74.86
82.45,82.45,66.20,76.41,74.35
82.69,82.69,64.89,78.46,74.77
84.10,84.10,58.73,79.08,74.52
82.03,82.03,55.31,79.95,71.61
83.34,83.34,54.91,78.78,73.73
84.91,84.91,58.63,77.44,72.99
84.49,84.49,57.85,77.80,69.86
83.91,83.91,69.68,76.21,70.27
84.32,84.32,70.68,73.55,72.41
85.43,85.43,68.82,64.05,81.91
86.23,86.23,63.10,68.47,76.41
85.38,85.38,60.13,69.77,76.41
85.34,85.34,58.48,64.47,74.15
85.18,85.18,54.37,50.24,75.02
85.33,85.33,52.95,50.31,73.44
84.89,84.89,55.22,43.53,68.90
84.82,84.82,57.37,33.74,68.48
85.03,85.03,74.45,41.21,68.45
84.81,84.81,80.15,58.70,67.86
84.82,84.82,81.11,62.94,68.98
84.51,84.51,73.57,68.58,70.26
84.28,84.28,79.78,74.30,72.28
84.10,84.10,75.49,76.04,70.05
84.79,84.79,68.32,77.46,69.64
84.95,84.95,60.90,77.73,70.64
85.05,85.05,56.63,75.51,72.25
84.71,84.71,65.15,73.25,68.04
83.90,83.90,66.25,63.50,62.40
84.63,84.63,66.33,52.82,72.07
85.60,85.60,82.97,63.11,73.87
82.73,82.73,86.87,69.48,74.82
82.74,82.74,83.47,71.13,76.24
84.92,84.92,75.83,72.28,77.77
85.08,85.08,77.05,75.22,77.75
85.30,85.30,73.99,75.41,75.62
84.66,84.66,68.43,75.72,73.36
83.62,83.62,69.30,75.16,73.70
83.04,83.04,66.92,72.57,74.72
83.22,83.22,66.18,72.35,75.81
84.71,84.71,70.73,70.37,76.66
85.57,85.57,69.33,69.23,74.21
85.58,85.58,68.18,67.57,75.09
87.42,87.42,67.55,64.96,74.52
86.45,86.45,55.96,64.66,73.00
86.83,86.83,55.04,67.31,75.09
84.59,84.59,50.84,66.38,72.20
84.98,84.98,55.46,66.95,74.48
84.99,84.99,56.40,62.63,74.59
85.99,85.99,55.77,59.21,74.19
85.77,85.77,67.81,52.29,74.02
85.10,85.10,65.86,54.21,74.42
85.50,85.50,63.91,53.37,77.30
85.52,85.52,59.67,48.84,73.13
84.91,84.91,53.41,49.58,75.92
84.47,84.47,56.73,59.15,71.63
83.97,83.97,55.16,51.31,74.40
84.89,84.89,60.25,47.91,69.94
85.79,85.79,63.46,34.11,74.06
85.41,85.41,77.64,43.85,72.20
85.67,85.67,82.17,42.31,72.91
85.22,85.22,79.10,36.67,70.77
84.91,84.91,75.31,40.72,70.49
84.83,84.83,79.34,35.73,68.48
86.00,86.00,76.93,38.84,69.55
85.77,85.77,68.80,37.53,69.37
85.60,85.60,64.39,38.44,69.30
85.60,85.60,65.49,44.46,66.88
84.67,84.67,63.91,46.60,67.70
84.10,84.10,64.94,34.58,63.12
84.55,84.55,75.96,54.46,69.05
82.41,82.41,86.43,61.96,73.63
76.42,76.42,87.65,73.45,72.01
77.46,77.46,80.58,77.90,72.75
82.70,82.70,79.03,84.11,71.22
84.35,84.35,81.50,82.83,71.65
83.29,83.29,76.91,81.85,70.56
84.04,84.04,73.87,78.34,72.52
83.26,83.26,75.47,81.60,72.67
83.09,83.09,71.31,80.88,70.57
81.70,81.70,67.16,82.44,70.07
81.30,81.30,72.46,81.83,72.56
81.15,81.15,72.57,79.62,72.52
81.53,81.53,72.12,81.75,76.57
82.18,82.18,68.08,80.81,75.43
82.58,82.58,61.10,81.01,78.67
81.95,81.95,56.18,79.63,75.29
82.47,82.47,57.08,81.51,76.05
83.47,83.47,57.19,79.53,73.48
82.85,82.85,54.52,71.38,76.25
82.11,82.11,53.41,66.39,69.35
82.85,82.85,49.08,69.45,67.81
84.24,84.24,47.23,74.31,73.17
83.67,83.67,45.62,82.02,67.64
82.87,82.87,42.16,82.29,69.12
83.46,83.46,37.60,80.43,69.73
83.05,83.05,41.83,80.31,70.12
72.95,72.95,49.67,81.12,69.97
72.73,72.73,53.78,78.61,67.57
73.16,73.16,68.40,80.74,70.09
72.07,72.07,83.75,83.59,71.15
71.37,71.37,78.73,82.76,71.66
71.64,71.64,77.11,79.27,73.58
70.74,70.74,73.62,79.61,76.95
68.95,68.95,72.05,78.03,81.98
66.43,66.43,72.17,78.41,75.33
71.25,71.25,62.99,78.44,77.31
81.66,81.66,57.44,77.93,78.28
85.17,85.17,56.55,77.70,74.25
83.61,83.61,62.82,79.89,77.13
81.79,81.79,70.05,79.26,68.62
81.92,81.92,72.01,72.39,70.42
81.89,81.89,89.89,74.47,74.05
78.81,78.81,84.01,74.67,73.33
79.19,79.19,79.63,79.97,73.18
79.68,79.68,78.20,83.75,74.92
76.79,76.79,80.82,82.76,75.55
78.13,78.13,77.30,81.82,77.07
81.70,81.70,73.70,81.22,77.03
79.99,79.99,71.09,80.90,76.71
81.11,81.11,66.43,80.02,75.22
83.34,83.34,68.51,80.26,75.59
82.12,82.12,68.60,81.05,73.64
78.86,78.86,69.90,80.42,74.04
79.87,79.87,66.81,78.48,79.06
81.58,81.58,66.53,77.99,79.90
79.62,79.62,57.62,79.53,77.85
79.82,79.82,54.87,78.66,77.96
81.59,81.59,52.70,78.16,78.64
80.12,80.12,54.10,77.16,75.22
78.68,78.68,52.84,79.12,76.07
77.66,77.66,52.49,77.45,77.14
80.50,80.50,52.82,73.64,70.80
79.05,79.05,53.16,60.36,71.81
81.50,81.50,53.30,58.99,74.29
81.68,81.68,54.32,61.03,74.62
80.94,80.94,55.99,58.32,73.54
80.44,80.44,47.13,47.28,73.91
79.14,79.14,53.48,33.64,75.71
81.62,81.62,63.25,39.76,71.23
80.44,80.44,68.60,47.14,71.32
79.67,79.67,82.07,57.23,72.89
79.66,79.66,80.57,63.06,72.55
76.97,76.97,77.89,62.90,77.92
76.25,76.25,73.88,67.61,78.46
77.26,77.26,74.56,71.76,78.71
75.96,75.96,70.84,72.76,78.91
73.59,73.59,65.73,74.23,79.44
71.78,71.78,60.88,75.60,78.52
73.47,73.47,55.37,73.79,78.21
69.95,69.95,65.35,72.07,77.99
61.84,61.84,71.63,68.03,73.65
62.03,62.03,79.57,67.35,75.15
62.42,62.42,84.57,74.78,75.46
56.55,56.55,80.62,75.30,74.23
57.50,57.50,79.72,73.44,80.42
61.69,61.69,75.37,70.22,79.30
66.13,66.13,75.95,75.87,76.01
72.51,72.51,75.42,78.68,81.34
72.74,72.74,74.45,78.69,77.71
70.26,70.26,68.36,78.59,80.19
59.96,59.96,72.19,78.81,78.32
55.80,55.80,72.45,79.29,82.06
55.31,55.31,69.39,80.89,81.35
58.50,58.50,64.84,79.07,79.79
52.46,52.46,65.94,74.06,77.20
49.55,49.55,64.78,80.17,78.67
57.55,57.55,61.33,78.43,83.18
68.05,68.05,63.31,78.26,77.10
70.62,70.62,61.30,81.94,83.55
67.36,67.36,59.30,73.34,77.05
56.57,56.57,65.55,72.70,78.47
44.22,44.22,67.87,80.81,74.60
48.19,48.19,66.32,80.09,76.36
58.37,58.37,65.08,81.01,81.43
60.77,60.77,60.36,83.18,83.53
59.53,59.53,57.89,80.36,82.78
58.04,58.04,55.57,81.01,82.14
62.20,62.20,53.78,82.43,81.50
59.13,59.13,56.30,81.55,82.26
53.63,53.63,62.64,79.83,77.50
50.01,50.01,73.75,80.38,76.66
42.33,42.33,81.13,82.22,76.19
41.81,41.81,82.14,81.07,77.26
38.67,38.67,72.62,78.32,79.27
34.43,34.43,72.59,79.74,79.26
38.44,38.44,69.38,78.71,79.31
42.47,42.47,72.25,75.18,79.51
45.41,45.41,67.92,78.95,79.54
46.86,46.86,65.46,78.94,77.29
49.70,49.70,62.81,77.69,77.92
50.94,50.94,61.76,80.65,77.25
55.12,55.12,65.02,78.27,74.63
61.61,61.61,68.07,77.04,77.21
68.93,68.93,64.69,72.17,77.97
66.50,66.50,55.78,73.71,76.76
65.52,65.52,59.57,75.56,79.45
60.53,60.53,52.93,76.25,77.27
57.89,57.89,48.47,72.07,80.39
58.04,58.04,48.83,74.50,76.64
57.43,57.43,46.29,76.12,77.09
58.06,58.06,40.37,79.73,74.85
61.11,61.11,42.02,77.20,72.97
68.40,68.40,41.04,77.12,71.88
84.58,84.58,37.46,79.31,71.73
87.69,87.69,36.01,79.33,72.55
85.45,85.45,36.89,78.72,72.40
84.34,84.34,50.31,76.90,67.21
84.91,84.91,54.09,73.95,68.41
83.13,83.13,47.54,72.30,69.58
82.56,82.56,49.00,63.18,72.47
79.98,79.98,57.41,62.02,71.40
79.96,79.96,56.33,54.57,64.78
79.95,79.95,57.36,57.48,65.25
80.72,80.72,55.99,53.55,64.49
82.60,82.60,54.28,49.07,62.10
82.64,82.64,46.82,53.93,63.41
81.87,81.87,46.09,53.30,64.84
79.59,79.59,41.37,51.71,63.89
79.02,79.02,42.93,50.44,65.04
78.63,78.63,40.92,50.17,64.83
77.02,77.02,38.53,44.89,63.00
76.43,76.43,41.28,42.93,61.53
76.06,76.06,35.94,35.40,61.67
76.29,76.29,41.11,29.71,59.65
78.52,78.52,42.44,25.91,60.02
79.14,79.14,42.96,23.62,58.61
80.36,80.36,44.38,25.92,58.25
81.50,81.50,39.01,23.08,57.61
80.86,80.86,37.33,25.31,58.56
82.43,82.43,36.85,24.86,59.40
83.83,83.83,34.64,25.12,52.36
84.37,84.37,38.21,24.63,51.60
84.35,84.35,43.14,26.94,56.10
84.65,84.65,42.01,19.63,52.01
82.77,82.77,40.63,25.82,52.79
80.57,80.57,44.75,24.68,55.07
82.39,82.39,43.15,22.93,49.83
82.58,82.58,43.72,25.84,50.58
81.89,81.89,47.70,18.14,50.12
83.12,83.12,43.09,25.85,48.28
82.94,82.94,45.44,26.92,49.24
82.68,82.68,45.34,24.15,45.24
82.95,82.95,43.54,25.96,43.37
83.99,83.99,43.62,22.13,47.00
86.19,86.19,43.31,23.86,49.19
86.59,86.59,42.93,30.40,44.34
86.28,86.28,43.24,22.79,48.80
86.24,86.24,42.72,26.64,47.09
86.27,86.27,42.56,34.51,46.11
86.09,86.09,43.24,32.25,46.51
85.84,85.84,42.42,27.85,39.93
85.09,85.09,37.92,32.22,48.18
83.03,83.03,40.98,32.69,48.33
83.01,83.01,36.02,25.50,40.49
83.40,83.40,40.72,25.69,42.07
83.36,83.36,49.92,28.43,48.70
86.00,86.00,69.35,27.74,57.69
84.50,84.50,65.30,27.80,49.18
82.03,82.03,52.39,20.42,43.66
81.89,81.89,43.31,21.64,40.58
83.71,83.71,40.62,15.95,36.57
82.81,82.81,37.28,18.30,33.41
82.73,82.73,36.93,18.41,33.18
82.87,82.87,41.73,33.02,38.85
82.04,82.04,40.15,43.29,42.63
83.30,83.30,50.44,53.38,48.57
83.09,83.09,53.17,70.30,54.16
82.27,82.27,47.12,72.63,53.76
83.95,83.95,43.53,68.66,52.86
84.21,84.21,37.68,58.84,52.14
84.78,84.78,33.42,57.12,53.02
85.50,85.50,37.90,54.27,44.10
85.78,85.78,46.53,43.78,42.00
85.92,85.92,62.82,43.13,49.16
84.51,84.51,75.89,53.60,68.90
81.87,81.87,86.93,66.42,74.00
84.63,84.63,85.10,63.86,77.38
82.11,82.11,75.02,73.83,72.76
80.20,80.20,79.49,79.54,70.38
83.13,83.13,77.39,78.59,71.28
83.60,83.60,74.07,74.94,68.59
84.39,84.39,67.92,74.81,71.39
84.27,84.27,70.10,77.90,67.08
83.14,83.14,65.63,79.67,69.28
83.27,83.27,62.05,78.37,72.15
82.61,82.61,68.15,76.87,80.80
84.19,84.19,66.82,79.39,79.06
84.88,84.88,66.65,80.08,78.92
85.20,85.20,65.23,78.73,77.48
84.72,84.72,58.77,79.23,76.23
83.63,83.63,64.68,79.09,78.70
81.71,81.71,61.79,77.99,72.66
84.32,84.32,58.73,79.78,71.21
81.07,81.07,60.66,79.74,69.17
67.98,67.98,62.43,76.64,72.04
66.88,66.88,66.51,80.27,74.52
61.78,61.78,64.21,81.37,71.27
60.94,60.94,59.47,78.38,73.61
56.84,56.84,57.85,78.61,71.25
55.94,55.94,57.04,80.63,70.75
56.96,56.96,56.61,78.68,71.69
59.70,59.70,50.53,77.59,71.13
56.96,56.96,58.72,80.00,71.54
57.32,57.32,64.55,80.00,71.34
60.33,60.33,83.41,79.58,74.24
65.06,65.06,77.26,77.74,81.41
69.99,69.99,75.87,78.76,78.62
81.95,81.95,75.05,79.22,79.65
84.90,84.90,74.80,80.12,75.88
83.01,83.01,73.28,78.09,76.12
81.42,81.42,61.13,77.70,75.60
79.26,79.26,66.58,77.91,77.12
80.65,80.65,64.11,80.86,74.63
82.25,82.25,62.62,81.22,76.14
82.15,82.15,71.29,78.42,74.34
76.56,76.56,87.05,81.02,76.28
73.37,73.37,84.19,73.43,73.88
72.33,72.33,85.18,77.80,77.17
72.99,72.99,77.59,73.46,79.12
71.89,71.89,77.97,76.39,78.87
72.77,72.77,76.70,78.30,78.52
72.28,72.28,72.77,81.51,80.25
71.59,71.59,73.31,79.89,79.29
70.68,70.68,67.20,79.86,81.54
66.63,66.63,69.80,77.45,81.13
64.42,64.42,70.57,80.06,78.82
59.91,59.91,71.18,80.91,78.29
57.45,57.45,70.34,80.97,78.54
53.73,53.73,66.46,81.02,75.98
52.58,52.58,59.37,78.53,77.66
51.34,51.34,56.06,77.51,79.05
55.88,55.88,57.18,77.10,78.98
57.98,57.98,55.45,79.24,78.18
66.86,66.86,58.54,78.25,76.49
74.53,74.53,67.21,79.58,76.45
84.31,84.31,68.41,77.46,75.99
84.71,84.71,69.86,79.45,81.02
83.37,83.37,67.20,82.74,80.59
84.82,84.82,64.43,82.63,80.13
86.01,86.01,59.97,77.75,78.16
85.82,85.82,55.05,73.39,77.67
86.23,86.23,53.21,75.85,76.71
86.25,86.25,53.67,78.37,73.22
85.76,85.76,62.31,78.31,71.34
85.57,85.57,72.84,73.83,69.17
86.75,86.75,81.16,69.59,72.45
87.08,87.08,78.59,66.54,70.85
86.07,86.07,74.76,54.69,70.62
84.89,84.89,79.47,53.25,71.41
85.61,85.61,74.74,53.87,71.66
86.22,86.22,69.09,41.23,71.74
85.70,85.70,62.89,40.97,73.41
85.72,85.72,63.49,43.08,72.91
84.52,84.52,64.74,41.87,70.86
84.95,84.95,63.40,45.66,69.63
87.67,87.67,73.04,61.19,69.51
84.99,84.99,85.38,68.71,74.42
82.10,82.10,86.12,74.03,76.26
82.76,82.76,80.28,74.67,76.78
83.69,83.69,71.25,75.63,76.62
84.49,84.49,82.55,76.82,77.24
83.04,83.04,77.51,75.90,78.54
81.68,81.68,72.01,73.79,77.67
78.95,78.95,65.92,69.58,76.27
75.91,75.91,63.98,64.76,76.30
63.79,63.79,69.81,68.77,75.19
68.67,68.67,70.69,70.93,74.18
83.67,83.67,68.35,70.10,75.45
86.19,86.19,69.34,69.66,75.76
86.42,86.42,66.67,68.01,74.48
86.24,86.24,60.69,69.26,74.73
85.71,85.71,59.47,69.84,75.53
86.28,86.28,57.03,68.07,76.41
85.57,85.57,57.50,66.30,77.18
85.68,85.68,55.07,63.36,73.93
85.47,85.47,59.33,64.59,75.01
85.63,85.63,65.88,62.27,76.66
82.52,82.52,67.16,63.60,77.75
74.61,74.61,67.66,64.72,78.93
62.76,62.76,62.38,61.96,78.83
62.02,62.02,58.59,61.55,75.13
62.53,62.53,56.10,53.71,76.32
62.77,62.77,54.48,60.66,75.40
62.53,62.53,53.03,57.65,74.72
64.92,64.92,61.34,58.60,74.12
63.99,63.99,68.95,59.25,73.62
63.54,63.54,85.35,61.62,73.39
65.08,65.08,77.34,64.94,77.78
62.70,62.70,77.45,68.51,76.96
61.82,61.82,79.98,70.54,76.58
59.65,59.65,76.71,69.43,78.60
52.92,52.92,71.25,69.16,76.36
56.95,56.95,66.00,68.75,75.01
70.30,70.30,67.65,68.58,75.84
81.63,81.63,65.23,65.86,72.96
86.52,86.52,65.35,64.53,73.26
84.93,84.93,69.98,62.02,75.48
82.64,82.64,79.31,65.86,77.26
81.59,81.59,86.77,73.89,71.46
82.55,82.55,84.49,78.49,74.43
79.99,79.99,72.18,80.41,73.90
73.28,73.28,82.50,79.81,76.64
64.75,64.75,78.08,77.31,77.29
69.60,69.60,73.71,79.53,72.77
72.39,72.39,70.74,80.06,75.58
70.94,70.94,66.38,81.06,71.00
71.45,71.45,66.24,81.35,76.08
72.12,72.12,70.82,78.79,73.28
70.09,70.09,69.97,77.85,79.39
70.43,70.43,67.14,75.58,79.99
70.42,70.42,67.71,80.12,81.75
63.04,63.04,59.69,80.11,82.44
53.03,53.03,53.33,80.02,79.70
51.71,51.71,56.96,77.85,79.65
57.12,57.12,56.21,77.25,79.16
69.41,69.41,57.81,78.08,76.89
76.45,76.45,58.26,77.96,76.29
85.34,85.34,60.48,79.40,70.08
85.79,85.79,61.79,76.42,69.05
85.40,85.40,63.79,76.22,70.21
83.44,83.44,60.63,77.69,69.97
76.33,76.33,54.84,80.12,71.42
66.31,66.31,51.21,79.06,73.44
63.68,63.68,51.50,79.32,73.19
59.76,59.76,55.09,78.65,73.57
62.30,62.30,70.47,74.11,74.67
58.93,58.93,76.73,69.23,74.61
59.23,59.23,79.94,68.27,74.47
64.30,64.30,77.90,71.72,75.87
71.76,71.76,78.16,76.08,77.70
65.12,65.12,76.81,80.34,82.16
65.58,65.58,70.32,79.57,79.02
65.34,65.34,62.81,77.36,79.46
61.97,61.97,64.13,66.97,78.55
62.06,62.06,68.02,65.64,76.69
64.35,64.35,62.50,53.16,74.98
73.94,73.94,71.90,41.29,74.66
85.14,85.14,70.69,50.35,71.01
80.71,80.71,88.01,69.81,73.34
81.87,81.87,85.55,75.53,67.80
81.34,81.34,79.35,76.14,73.13
80.67,80.67,76.90,78.75,69.93
81.64,81.64,76.25,80.21,69.45
80.24,80.24,75.34,79.03,70.68
82.03,82.03,72.08,79.30,69.81
82.26,82.26,74.65,78.05,69.23
81.54,81.54,65.71,76.97,70.62
82.38,82.38,61.14,74.79,67.67
82.36,82.36,66.79,78.42,70.52
84.24,84.24,69.35,78.40,70.46
83.95,83.95,66.87,78.29,75.47
84.85,84.85,67.67,76.93,81.56
83.65,83.65,59.58,76.32,76.08
83.81,83.81,55.80,77.28,79.95
83.50,83.50,56.76,76.23,80.35
81.90,81.90,56.68,75.85,78.02
83.42,83.42,57.16,77.42,76.69
82.95,82.95,57.19,77.70,77.78
82.28,82.28,61.55,77.09,75.81
82.66,82.66,65.50,77.89,75.98
82.23,82.23,62.66,77.88,72.24
82.41,82.41,59.22,78.81,71.80
81.58,81.58,57.28,76.33,72.76
82.23,82.23,54.25,77.91,73.41
83.33,83.33,54.75,76.86,72.26
82.05,82.05,59.55,74.03,69.91
82.41,82.41,63.15,71.57,74.22
82.78,82.78,76.48,68.73,69.35
83.38,83.38,81.90,64.31,73.69
82.55,82.55,78.78,57.35,72.54
82.89,82.89,77.28,56.78,81.72
83.22,83.22,78.17,58.52,81.11
82.69,82.69,77.49,62.17,84.02
82.27,82.27,65.80,62.70,81.49
81.27,81.27,70.54,60.43,80.26
81.07,81.07,67.75,55.32,79.38
79.88,79.88,63.63,47.67,79.59
80.12,80.12,63.58,50.54,76.13
77.14,77.14,79.33,65.10,79.53
75.07,75.07,86.98,73.13,77.75
73.51,73.51,78.03,77.78,73.00
67.96,67.96,81.97,74.91,79.13
61.70,61.70,78.90,73.92,73.93
57.96,57.96,76.31,73.64,76.90
58.81,58.81,69.08,76.20,78.52
61.98,61.98,67.94,72.42,78.95
54.98,54.98,67.45,75.89,75.74
51.57,51.57,66.93,74.11,78.07
55.61,55.61,64.94,77.25,78.49
54.55,54.55,68.26,80.76,77.87
54.60,54.60,66.46,76.31,78.70
51.51,51.51,63.13,75.77,80.84
49.77,49.77,59.78,78.94,77.80
44.62,44.62,62.60,79.41,78.55
45.45,45.45,51.50,76.76,80.20
45.97,45.97,49.47,75.94,75.21
47.35,47.35,54.20,79.38,77.92
60.11,60.11,64.46,79.83,74.94
69.19,69.19,68.53,78.20,76.90
66.15,66.15,67.84,81.21,72.04
73.66,73.66,68.73,79.62,82.14
85.96,85.96,64.93,77.01,83.93
85.92,85.92,63.32,79.28,83.53
85.37,85.37,60.37,80.32,83.40
85.79,85.79,58.74,79.08,82.51
86.33,86.33,59.51,80.03,83.79
85.15,85.15,57.95,79.55,78.99
85.55,85.55,61.07,78.84,71.86
85.05,85.05,78.43,78.08,66.19
86.14,86.14,81.51,79.04,69.65
86.32,86.32,75.74,77.50,70.90
86.62,86.62,72.31,76.87,69.55
86.76,86.76,77.70,80.39,74.11
87.55,87.55,70.95,76.77,71.66
85.79,85.79,66.76,74.53,71.98
83.52,83.52,60.26,77.65,70.40
83.23,83.23,64.52,75.59,70.68
83.55,83.55,60.65,73.05,70.76
84.06,84.06,62.34,71.78,71.57
85.84,85.84,73.94,68.18,70.31
86.40,86.40,86.14,69.78,75.97
85.18,85.18,83.90,69.38,79.33
84.72,84.72,73.19,73.77,79.32
83.20,83.20,69.54,77.94,81.00
80.40,80.40,76.56,77.79,81.57
77.36,77.36,71.32,75.64,82.44
71.77,71.77,71.35,74.18,81.29
71.99,71.99,66.71,76.63,79.31
68.85,68.85,62.80,73.32,80.95
64.38,64.38,61.38,74.15,80.46
69.43,69.43,58.87,73.49,77.25
75.35,75.35,60.67,74.08,78.64
83.25,83.25,57.00,74.59,77.13
83.95,83.95,56.50,72.96,77.46
83.95,83.95,50.10,71.63,78.62
86.05,86.05,45.47,73.36,76.94
85.46,85.46,43.89,74.56,78.43
85.75,85.75,47.38,75.03,73.28
85.38,85.38,54.49,73.11,75.57
85.72,85.72,59.99,71.73,75.10
85.93,85.93,69.44,74.00,71.55
85.21,85.21,69.50,77.75,68.20
82.35,82.35,66.76,73.74,66.47
78.18,78.18,62.05,72.94,68.23
65.56,65.56,57.50,74.72,69.64
62.49,62.49,54.64,74.62,71.83
63.53,63.53,52.16,74.04,72.43
64.60,64.60,55.99,73.23,69.88
67.49,67.49,68.04,69.06,69.52
69.04,69.04,79.14,70.20,70.23
66.46,66.46,82.84,69.41,73.79
65.43,65.43,73.77,63.70,79.64
62.34,62.34,73.16,70.67,81.52
59.97,59.97,77.59,72.46,79.79
57.83,57.83,72.06,70.84,80.09
57.29,57.29,71.84,74.80,80.91
60.02,60.02,65.51,73.42,79.35
62.06,62.06,58.19,68.49,77.65
63.51,63.51,60.33,72.09,78.32
69.55,69.55,73.19,68.53,76.46
73.95,73.95,77.64,64.64,75.05
84.01,84.01,87.45,58.04,71.81
84.25,84.25,85.02,66.27,74.61
83.77,83.77,76.53,74.58,74.89
84.16,84.16,76.16,73.81,74.50
84.64,84.64,82.06,74.81,72.65
85.06,85.06,74.36,76.27,74.47
84.50,84.50,74.19,75.95,70.89
85.62,85.62,71.83,77.36,70.74
84.19,84.19,69.98,78.47,70.36
84.92,84.92,68.95,78.87,77.66
84.80,84.80,70.41,77.88,78.00
85.13,85.13,70.47,77.20,76.73
84.89,84.89,69.67,78.66,79.29
84.32,84.32,66.01,78.72,77.64
83.51,83.51,58.33,78.49,74.79
85.72,85.72,53.96,77.03,75.51
83.54,83.54,56.68,79.42,76.95
82.50,82.50,57.53,77.35,73.98
77.71,77.71,55.63,77.12,75.35
81.91,81.91,56.92,76.93,77.07
87.30,87.30,61.42,75.82,74.27
86.78,86.78,62.76,77.78,75.08
85.60,85.60,61.37,77.87,74.72
85.43,85.43,58.45,76.71,74.50
85.94,85.94,52.49,76.46,73.60
85.56,85.56,49.15,77.94,72.54
85.63,85.63,54.71,76.62,72.05
84.50,84.50,57.27,78.33,71.82
85.63,85.63,69.56,78.56,74.63
82.25,82.25,81.95,78.53,73.48
82.03,82.03,77.99,76.14,74.56
86.06,86.06,76.64,75.27,73.59
85.21,85.21,73.64,77.79,74.28
83.90,83.90,76.48,78.47,74.12
83.47,83.47,72.38,77.93,73.22
84.52,84.52,63.90,76.76,73.29
84.73,84.73,63.05,78.32,73.17
85.90,85.90,58.19,75.45,72.71
86.14,86.14,63.39,74.23,70.75
85.50,85.50,73.27,66.92,74.40
81.73,81.73,79.72,60.08,74.37
75.65,75.65,90.56,65.24,72.90
79.00,79.00,85.72,69.85,71.14
84.66,84.66,76.39,68.28,74.16
85.17,85.17,77.62,67.18,71.83
82.18,82.18,77.23,68.66,73.16
81.82,81.82,72.22,71.48,71.95
83.18,83.18,73.06,73.76,75.09
83.58,83.58,66.48,75.72,74.09
80.71,80.71,63.56,76.31,72.33
80.84,80.84,70.43,77.96,77.20
83.85,83.85,71.94,78.78,79.50
85.45,85.45,68.16,76.66,75.40
82.31,82.31,62.07,71.74,74.77
81.06,81.06,58.62,69.81,76.33
84.03,84.03,59.33,73.36,75.64
84.39,84.39,56.49,75.66,73.73
83.33,83.33,57.86,76.69,72.17
81.76,81.76,55.78,78.13,71.59
82.73,82.73,61.55,79.19,73.85
84.28,84.28,58.40,79.44,70.71
84.99,84.99,62.74,79.36,71.32
84.95,84.95,63.56,79.06,71.44
84.73,84.73,61.11,78.40,73.86
85.24,85.24,57.07,77.55,73.40
86.16,86.16,54.59,78.15,73.65
85.05,85.05,51.08,78.75,72.03
83.12,83.12,56.12,78.99,72.02
80.65,80.65,62.10,78.52,74.96
80.38,80.38,68.60,76.90,75.62
70.94,70.94,80.13,73.14,77.03
78.40,78.40,79.32,67.96,79.49
83.29,83.29,73.12,68.49,80.51
85.47,85.47,70.75,74.84,78.72
84.39,84.39,76.32,77.69,80.46
84.00,84.00,74.04,78.09,77.58
81.08,81.08,67.83,77.69,80.17
83.10,83.10,61.84,76.40,78.27
82.44,82.44,65.12,76.31,77.51
83.80,83.80,68.02,75.33,76.38
81.17,81.17,69.00,70.77,76.61
81.63,81.63,81.00,71.07,76.05
83.70,83.70,83.48,68.07,79.22
84.96,84.96,81.49,71.85,76.43
84.18,84.18,82.83,71.90,76.43
82.83,82.83,81.52,71.11,76.06
82.00,82.00,70.72,74.58,79.17
82.11,82.11,70.46,75.35,76.28
83.52,83.52,70.20,75.59,78.91
83.52,83.52,71.60,77.85,78.92
83.91,83.91,70.79,79.31,76.04
84.02,84.02,71.47,77.94,79.01
83.72,83.72,69.62,76.65,77.46
81.05,81.05,69.31,77.42,79.57
83.21,83.21,66.08,79.41,77.11
84.88,84.88,59.42,78.53,78.44
85.09,85.09,59.07,76.70,78.96
85.00,85.00,54.30,78.18,76.80
79.27,79.27,56.78,77.97,79.51
76.58,76.58,57.11,77.90,79.70
67.34,67.34,63.52,78.64,82.60
66.26,66.26,67.34,79.94,78.48
63.90,63.90,66.87,79.72,79.23
64.35,64.35,65.70,78.47,79.39
72.46,72.46,62.63,77.23,78.44
85.22,85.22,59.37,76.78,75.92
84.74,84.74,57.56,76.20,78.07
85.37,85.37,55.05,78.09,78.32
86.55,86.55,52.17,76.66,77.29
87.02,87.02,56.29,76.84,76.21
85.19,85.19,64.03,76.94,74.82
84.18,84.18,81.12,77.93,72.53
84.67,84.67,79.22,77.54,75.26
85.24,85.24,75.90,78.45,77.35
85.10,85.10,75.56,80.56,74.73
84.92,84.92,77.42,79.61,77.18
84.78,84.78,72.47,79.75,76.84
84.98,84.98,66.98,77.84,75.93
85.24,85.24,62.96,78.08,76.21
86.13,86.13,60.65,77.30,78.21
85.29,85.29,63.00,67.97,77.05
85.49,85.49,62.81,53.40,76.68
86.35,86.35,75.31,51.18,76.19
86.01,86.01,84.75,52.72,74.28
86.19,86.19,79.88,62.57,76.94
84.74,84.74,77.60,71.77,75.88
82.49,82.49,80.03,78.57,78.06
83.95,83.95,70.34,79.59,76.40
84.22,84.22,67.87,75.78,78.97
80.01,80.01,66.95,76.75,78.43
75.70,75.70,67.11,77.11,77.35
74.74,74.74,63.66,76.69,76.72
75.06,75.06,65.08,77.76,75.66
77.86,77.86,64.15,78.92,75.45
78.08,78.08,66.80,78.72,76.41
81.90,81.90,58.05,76.62,73.01
81.90,81.90,61.47,77.58,72.90
84.28,84.28,54.57,78.47,73.00
84.39,84.39,60.17,79.68,72.84
81.53,81.53,49.88,80.73,73.84
79.53,79.53,56.17,79.69,74.27
80.08,80.08,59.86,78.77,74.75
81.58,81.58,70.04,77.81,75.01
82.24,82.24,70.24,73.12,76.66
81.63,81.63,66.99,59.94,76.76
82.73,82.73,63.32,58.97,76.38
80.43,80.43,60.72,55.52,75.27
75.21,75.21,57.47,47.78,76.83
69.86,69.86,53.57,38.46,73.65
66.90,66.90,56.62,48.20,72.83
66.32,66.32,57.86,37.80,71.09
63.82,63.82,68.27,29.50,75.22
65.07,65.07,85.61,32.61,72.15
64.49,64.49,82.09,39.52,75.74
64.18,64.18,77.96,43.12,79.22
61.05,61.05,73.90,41.88,78.13
64.42,64.42,73.25,48.71,78.39
65.13,65.13,70.60,47.21,78.08
66.24,66.24,68.08,48.93,79.35
60.01,60.01,67.47,54.24,78.66
68.96,68.96,69.71,59.42,78.65
63.45,63.45,68.72,56.83,75.13
75.28,75.28,69.28,49.14,73.61
76.04,76.04,75.57,64.57,73.27
80.61,80.61,90.63,75.20,72.78
82.79,82.79,82.91,77.57,71.72
79.43,79.43,82.12,80.24,73.93
81.34,81.34,78.58,81.86,71.75
81.15,81.15,79.95,81.98,72.76
78.56,78.56,74.09,81.48,71.90
78.39,78.39,77.74,80.80,72.26
78.71,78.71,76.13,80.86,71.84
78.27,78.27,71.06,78.72,71.37
67.91,67.91,72.65,80.40,75.93
64.34,64.34,73.08,80.86,78.20
70.32,70.32,71.82,81.82,77.64
64.42,64.42,66.70,80.69,79.03
64.12,64.12,64.43,79.75,79.47
62.79,62.79,60.87,81.13,77.10
60.22,60.22,69.47,80.63,75.59
58.92,58.92,71.07,79.60,73.83
65.64,65.64,72.28,80.30,72.17
66.61,66.61,68.54,79.76,70.23
75.52,75.52,62.66,79.45,73.93
83.79,83.79,63.48,80.52,73.26
83.69,83.69,61.54,79.50,71.87
83.61,83.61,62.08,77.98,68.24
84.32,84.32,61.96,79.29,69.20
76.59,76.59,53.84,78.53,70.91
73.02,73.02,50.43,79.62,70.17
64.69,64.69,59.29,77.32,73.39
65.07,65.07,67.90,76.95,72.09
61.30,61.30,76.63,74.17,71.89
61.77,61.77,83.12,74.23,73.74
62.23,62.23,80.63,74.89,77.48
62.66,62.66,76.84,77.08,77.54
60.80,60.80,76.59,77.12,79.53
56.77,56.77,70.03,71.54,78.85
57.77,57.77,67.95,61.77,76.02
59.32,59.32,65.44,58.40,79.34
68.88,68.88,59.51,56.48,75.59
72.03,72.03,62.92,50.75,74.45
72.99,72.99,66.38,51.77,72.34
85.20,85.20,74.16,51.65,73.53
81.78,81.78,84.53,62.88,75.81
80.40,80.40,87.58,69.25,76.70
81.86,81.86,80.88,64.81,79.28
81.68,81.68,82.41,66.32,77.77
80.27,80.27,79.66,73.11,79.13
78.54,78.54,71.28,67.06,78.25
79.69,79.69,71.90,67.44,77.50
80.07,80.07,72.47,66.48,77.71
80.23,80.23,70.84,70.65,76.09
80.35,80.35,62.31,75.03,74.72
81.65,81.65,65.03,76.09,74.01
82.84,82.84,67.40,78.87,80.55
80.25,80.25,66.44,76.86,79.64
78.20,78.20,61.62,74.59,78.35
77.25,77.25,59.03,72.65,72.20
76.87,76.87,58.31,71.54,77.13
76.18,76.18,59.36,72.73,75.98
77.66,77.66,63.24,72.50,72.57
84.22,84.22,59.28,74.11,73.94
85.70,85.70,54.83,73.12,71.03
86.57,86.57,60.27,73.84,72.60
86.36,86.36,64.93,74.56,71.76
80.82,80.82,64.97,72.22,73.24
78.22,78.22,57.49,72.08,71.61
74.56,74.56,53.47,74.09,73.44
61.99,61.99,48.28,73.58,73.31
57.73,57.73,48.52,75.47,71.35
51.36,51.36,50.27,71.39,74.70
55.93,55.93,62.07,72.54,74.31
61.14,61.14,66.33,69.51,74.02
76.93,76.93,85.52,67.49,77.27
84.24,84.24,79.62,58.79,78.19
85.05,85.05,73.80,60.83,79.05
86.94,86.94,78.66,71.83,75.41
87.61,87.61,77.86,72.98,76.12
86.81,86.81,74.23,68.12,75.92
87.62,87.62,67.52,58.11,79.02
87.87,87.87,64.38,47.72,80.20
87.09,87.09,67.72,52.29,81.02
87.48,87.48,69.44,46.53,81.16
87.93,87.93,69.73,55.77,81.10
86.09,86.09,88.43,71.32,76.64
85.47,85.47,82.32,74.91,77.05
84.52,84.52,77.85,77.34,77.87
83.51,83.51,81.64,78.61,78.01
83.66,83.66,73.41,78.22,78.19
84.76,84.76,73.38,77.23,77.68
85.38,85.38,68.86,75.64,78.83
85.70,85.70,75.12,77.91,76.92
86.55,86.55,69.25,78.32,77.69
85.87,85.87,67.49,77.48,78.61
83.65,83.65,65.88,78.19,80.32
83.00,83.00,68.12,78.40,81.63
82.30,82.30,65.66,80.17,83.87
83.42,83.42,62.65,76.75,83.95
83.82,83.82,58.28,77.92,84.71
83.93,83.93,55.98,79.46,84.69
80.94,80.94,54.28,76.99,84.44
80.36,80.36,58.37,79.92,84.97
79.23,79.23,61.86,78.53,84.15
80.84,80.84,65.31,79.33,84.34
79.87,79.87,66.52,79.50,83.57
80.41,80.41,68.55,78.34,82.80
80.80,80.80,66.70,80.29,81.72
81.94,81.94,64.51,78.47,79.52
79.42,79.42,58.34,80.31,78.51
80.90,80.90,58.77,80.27,73.88
83.28,83.28,59.64,78.47,77.98
83.72,83.72,58.13,80.44,74.72
83.10,83.10,64.09,77.80,76.08
82.36,82.36,73.65,70.46,74.88
82.38,82.38,78.75,65.45,77.65
82.95,82.95,78.57,65.11,74.97
82.37,82.37,75.54,51.92,73.73
82.05,82.05,77.55,48.65,74.08
81.54,81.54,74.45,43.62,74.31
81.86,81.86,68.22,41.99,75.09
81.92,81.92,67.64,42.74,73.23
82.04,82.04,62.41,42.73,74.58
78.79,78.79,63.87,42.54,74.65
75.78,75.78,65.64,33.27,74.54
73.55,73.55,72.10,48.84,73.05
74.31,74.31,83.20,67.08,78.05
71.86,71.86,84.73,71.97,80.58
69.66,69.66,76.72,75.86,80.51
69.93,69.93,74.86,81.69,79.81
70.28,70.28,81.66,83.16,81.87
69.17,69.17,75.45,82.62,79.02
69.84,69.84,71.84,79.92,78.48
68.50,68.50,70.86,81.93,81.62
68.25,68.25,66.63,80.33,77.65
67.45,67.45,63.31,82.07,79.05
68.59,68.59,71.05,81.84,78.20
75.63,75.63,68.02,82.54,78.08
82.67,82.67,67.34,82.33,79.59
83.37,83.37,69.09,80.95,77.53
83.43,83.43,61.54,82.13,77.73
83.41,83.41,57.40,81.15,77.78
83.75,83.75,55.07,82.56,76.31
84.21,84.21,57.74,81.07,76.39
82.95,82.95,58.20,81.53,76.55
83.24,83.24,62.98,78.40,74.81
82.51,82.51,67.41,74.23,74.93
82.00,82.00,68.61,74.94,74.48
81.41,81.41,66.75,78.69,74.64
80.99,80.99,62.99,80.85,71.91
80.31,80.31,58.09,79.94,74.71
79.62,79.62,54.12,78.48,75.51
80.00,80.00,50.18,76.32,76.35
79.54,79.54,54.57,78.54,74.88
81.11,81.11,59.88,77.63,75.03
80.01,80.01,72.88,80.46,76.26
82.08,82.08,81.00,79.87,75.68
82.49,82.49,81.56,80.54,78.12
82.08,82.08,74.35,77.83,81.02
82.76,82.76,80.21,74.75,79.33
83.71,83.71,76.30,73.67,80.37
85.56,85.56,70.30,77.48,80.32
83.93,83.93,63.96,79.73,82.49
82.87,82.87,57.06,77.81,80.67
78.52,78.52,62.79,78.42,79.95
79.36,79.36,64.97,70.04,77.03
81.50,81.50,69.09,58.52,76.00
80.04,80.04,80.86,62.66,77.36
81.52,81.52,84.40,60.03,76.56
81.91,81.91,83.05,68.57,76.21
78.86,78.86,75.12,73.38,76.31
81.14,81.14,83.25,75.31,75.20
82.20,82.20,78.49,72.37,76.31
85.97,85.97,75.31,68.60,75.61
87.30,87.30,74.96,71.59,73.43
85.69,85.69,68.28,71.43,72.13
78.70,78.70,65.07,70.12,72.58
65.34,65.34,70.62,66.90,78.89
59.77,59.77,67.85,65.85,77.67
54.84,54.84,66.89,65.45,79.58
59.32,59.32,68.25,69.33,77.91
50.45,50.45,62.42,70.38,79.42
56.47,56.47,54.92,70.96,77.93
56.98,56.98,49.74,71.33,76.23
53.17,53.17,57.95,74.75,79.42
61.67,61.67,56.62,73.71,78.65
72.77,72.77,53.10,73.79,74.71
82.27,82.27,59.50,73.69,74.93
81.21,81.21,61.36,71.45,73.88
80.58,80.58,58.21,74.02,73.48
81.10,81.10,54.55,72.27,72.97
81.15,81.15,53.18,70.76,74.87
82.22,82.22,48.76,72.39,74.07
83.05,83.05,47.16,74.37,73.44
82.22,82.22,52.44,72.79,74.18
80.92,80.92,61.50,70.47,72.09
79.94,79.94,79.00,66.78,73.67
77.75,77.75,79.69,63.03,81.28
79.30,79.30,77.08,67.97,81.21
78.69,78.69,69.46,71.77,81.31
80.29,80.29,72.27,72.65,81.66
80.30,80.30,67.95,70.71,81.21
82.61,82.61,61.95,69.80,80.76
84.00,84.00,58.86,69.65,81.75
83.71,83.71,57.51,72.48,78.72
84.01,84.01,60.43,74.65,78.26
83.01,83.01,67.43,76.31,78.72
85.72,85.72,75.01,75.73,75.20
82.61,82.61,85.05,73.16,74.84
82.89,82.89,86.04,72.04,73.57
81.06,81.06,80.33,73.62,75.91
82.93,82.93,76.56,72.93,75.41
82.74,82.74,77.33,72.35,70.09
83.99,83.99,77.42,72.86,73.00
82.90,82.90,78.77,78.16,74.11
81.80,81.80,73.64,78.73,75.71
82.83,82.83,70.83,76.62,71.68
83.77,83.77,64.76,79.01,71.66
82.92,82.92,67.01,78.74,73.90
83.57,83.57,70.59,77.42,82.78
84.38,84.38,70.27,79.63,76.44
85.09,85.09,65.62,78.79,77.56
86.22,86.22,62.17,77.28,77.69
85.07,85.07,60.41,80.15,77.25
83.98,83.98,58.95,80.42,76.40
85.82,85.82,58.94,80.38,74.20
86.49,86.49,59.89,78.78,73.62
83.19,83.19,62.86,80.64,74.53
74.98,74.98,65.67,80.18,74.80
73.68,73.68,68.38,77.76,77.94
72.52,72.52,63.28,80.99,79.60
70.88,70.88,63.86,81.25,78.39
71.31,71.31,55.69,79.56,78.29
71.87,71.87,55.75,81.88,77.39
69.88,69.88,50.00,80.92,73.75
63.11,63.11,55.03,78.45,73.76
60.25,60.25,63.10,80.43,72.89
63.99,63.99,73.57,79.67,72.48
75.60,75.60,83.85,76.95,77.66
82.65,82.65,78.43,79.07,79.50
82.70,82.70,75.41,77.33,81.37
83.15,83.15,77.06,73.41,76.27
82.27,82.27,77.15,75.61,78.18
81.36,81.36,70.82,78.31,77.86
82.95,82.95,65.42,75.96,78.42
82.80,82.80,64.74,71.65,77.08
83.88,83.88,66.50,67.22,75.83
84.36,84.36,68.20,57.18,74.22
84.73,84.73,79.02,57.46,74.08
84.33,84.33,84.80,69.14,75.09
84.32,84.32,85.81,72.03,73.11
84.84,84.84,84.31,78.12,72.62
83.21,83.21,81.93,82.15,71.96
82.31,82.31,79.94,80.80,74.01
84.68,84.68,76.10,79.28,74.25
84.86,84.86,76.57,80.18,73.87
85.32,85.32,73.84,80.13,75.31
85.04,85.04,70.35,79.98,74.40
85.10,85.10,72.48,80.60,74.45
85.07,85.07,71.42,77.20,73.84
86.40,86.40,71.51,79.17,77.99
86.54,86.54,69.58,78.08,77.78
86.97,86.97,63.04,79.17,76.66
86.42,86.42,55.71,79.52,76.83
85.58,85.58,55.76,79.99,78.37
86.28,86.28,60.06,78.76,76.05
82.32,82.32,63.63,79.84,74.25
67.33,67.33,66.45,80.07,74.23
74.86,74.86,70.79,79.85,75.02
82.48,82.48,70.49,80.96,74.57
81.08,81.08,68.57,76.45,80.03
82.47,82.47,66.24,72.87,79.40
81.58,81.58,64.18,73.81,80.53
82.79,82.79,64.76,80.48,77.86
80.10,80.10,62.84,81.35,79.48
80.02,80.02,56.84,82.04,77.60
79.80,79.80,53.99,78.66,74.48
80.56,80.56,59.71,78.89,73.11
81.41,81.41,78.98,78.81,72.99
80.82,80.82,81.61,77.27,76.87
80.75,80.75,75.64,77.58,76.67
81.86,81.86,77.32,75.24,76.35
81.13,81.13,78.97,75.82,76.25
82.73,82.73,73.33,76.34,75.23
83.16,83.16,68.90,79.48,76.70
84.30,84.30,65.38,75.80,74.13
84.01,84.01,63.15,76.66,74.57
83.93,83.93,63.33,76.95,73.56
83.68,83.68,70.75,73.58,70.80
83.16,83.16,71.86,71.85,73.54
81.53,81.53,84.98,67.24,77.01
80.77,80.77,81.80,67.44,79.37
82.81,82.81,81.13,72.10,79.84
84.84,84.84,76.63,77.15,77.66
83.96,83.96,75.96,77.11,76.92
83.64,83.64,74.48,74.18,77.28
83.96,83.96,71.39,78.75,78.77
80.91,80.91,69.26,78.31,73.85
81.97,81.97,67.01,79.33,77.02
75.07,75.07,70.07,80.52,76.42
69.90,69.90,66.69,78.69,75.36
80.91,80.91,63.02,78.57,75.17
83.92,83.92,62.72,81.27,75.57
81.28,81.28,61.74,79.82,76.44
81.60,81.60,61.95,78.43,76.40
82.18,82.18,57.14,80.30,74.90
81.16,81.16,53.43,81.29,77.34
80.50,80.50,52.67,80.59,78.05
81.05,81.05,54.87,79.28,77.00
83.03,83.03,61.22,81.72,78.60
83.23,83.23,67.74,81.00,72.97
82.27,82.27,65.94,79.28,72.18
76.74,76.74,63.13,80.87,70.78
72.30,72.30,59.00,80.84,71.55
69.06,69.06,56.62,79.08,72.49
59.98,59.98,51.90,81.11,72.55
60.46,60.46,50.70,81.26,76.18
57.08,57.08,58.36,78.50,75.94
60.50,60.50,67.61,78.80,75.50
64.32,64.32,80.10,77.87,73.30
65.52,65.52,81.63,78.78,74.20
65.77,65.77,76.07,75.38,79.97
62.74,62.74,77.38,76.18,79.33
62.43,62.43,77.28,76.91,79.35
63.86,63.86,74.08,80.27,77.68
64.88,64.88,68.35,70.32,77.65
63.37,63.37,71.16,62.83,77.10
66.10,66.10,71.17,70.29,75.68
66.29,66.29,68.36,62.28,75.67
67.97,67.97,69.85,55.38,74.17
66.03,66.03,74.17,54.20,71.35
77.49,77.49,89.07,63.47,72.61
80.77,80.77,83.84,58.03,72.68
88.53,88.53,80.82,66.86,71.97
85.13,85.13,74.77,68.41,72.12
83.20,83.20,76.83,65.21,73.71
83.66,83.66,72.44,66.82,76.06
83.31,83.31,66.45,68.03,74.91
83.14,83.14,69.26,69.64,75.17
82.47,82.47,63.38,68.61,77.16
79.86,79.86,64.85,73.88,76.24
83.13,83.13,68.49,75.66,74.58
84.96,84.96,71.30,74.19,78.68
85.41,85.41,66.99,75.14,80.43
85.51,85.51,63.83,74.53,77.52
84.79,84.79,57.95,75.18,81.51
85.58,85.58,60.03,75.06,75.46
86.79,86.79,56.40,74.67,77.71
85.98,85.98,62.28,75.07,77.82
87.11,87.11,56.56,71.81,74.45
82.51,82.51,64.79,73.25,75.36
85.96,85.96,66.33,69.95,75.41
82.64,82.64,65.19,75.21,73.58
81.20,81.20,61.63,74.42,74.84
82.16,82.16,61.33,75.94,74.94
80.75,80.75,61.86,72.40,74.47
80.47,80.47,57.06,74.76,70.99
83.60,83.60,56.12,72.19,69.96
83.32,83.32,65.48,73.03,70.40
83.20,83.20,68.88,73.36,71.26
82.31,82.31,79.91,70.13,72.74
81.76,81.76,76.36,72.81,72.27
84.03,84.03,75.28,76.24,70.15
85.18,85.18,79.01,73.68,75.88
86.38,86.38,76.80,75.65,71.57
86.83,86.83,71.47,74.47,72.41
86.68,86.68,63.60,74.47,74.86
87.20,87.20,61.98,72.68,74.48
86.50,86.50,63.64,76.42,73.18
86.85,86.85,63.62,71.06,72.61
87.27,87.27,68.75,65.01,70.91
86.01,86.01,72.93,53.41,71.98
80.61,80.61,86.19,63.01,72.14
81.00,81.00,80.75,61.08,73.26
82.28,82.28,83.14,65.66,73.67
81.92,81.92,79.71,66.96,68.87
81.58,81.58,79.21,57.62,72.15
82.67,82.67,67.71,62.68,68.92
83.41,83.41,72.88,65.51,68.83
83.49,83.49,68.22,65.36,69.80
85.00,85.00,66.59,70.72,70.47
85.52,85.52,64.24,71.81,69.14
86.73,86.73,66.52,71.15,67.95
87.61,87.61,66.33,68.93,70.36
87.97,87.97,68.53,72.30,76.33
86.37,86.37,64.12,71.98,79.49
85.72,85.72,58.38,75.94,76.27
84.95,84.95,59.27,72.29,77.07
85.16,85.16,55.71,71.89,73.44
85.41,85.41,58.64,74.05,74.10
85.19,85.19,51.95,73.81,71.45
86.02,86.02,53.79,73.49,68.73
86.37,86.37,61.05,71.68,69.27
87.53,87.53,63.56,70.22,69.50
86.42,86.42,66.86,73.87,72.02
85.28,85.28,64.23,76.25,72.74
84.62,84.62,58.08,73.48,71.48
85.45,85.45,57.82,73.43,69.77
85.72,85.72,58.49,75.33,70.59
86.73,86.73,58.74,74.50,66.48
87.23,87.23,70.53,69.58,63.29
86.21,86.21,79.28,58.60,65.38
82.05,82.05,82.88,64.48,65.29
79.86,79.86,78.53,71.55,74.43
78.49,78.49,76.13,71.63,78.31
85.38,85.38,71.68,66.07,80.95
86.37,86.37,73.56,70.54,78.78
85.82,85.82,70.22,69.90,79.35
84.13,84.13,59.76,71.25,78.99
82.00,82.00,63.27,71.91,79.61
83.62,83.62,61.93,64.61,78.56
83.94,83.94,66.02,66.55,76.99
83.65,83.65,82.87,60.34,79.91
83.42,83.42,83.52,64.58,76.37
81.85,81.85,80.94,69.90,78.84
82.35,82.35,77.49,71.10,79.22
83.26,83.26,75.75,71.88,77.45
84.92,84.92,74.98,73.87,76.21
83.95,83.95,73.15,77.59,77.69
81.82,81.82,72.45,78.43,76.24
83.03,83.03,60.01,76.34,76.89
84.60,84.60,65.67,77.47,77.58
84.08,84.08,67.21,79.23,75.91
83.38,83.38,69.30,79.10,75.38
84.52,84.52,66.91,77.26,76.91
85.24,85.24,61.56,77.52,74.31
84.27,84.27,59.72,77.40,73.17
85.81,85.81,61.99,78.59,73.53
86.53,86.53,51.59,79.71,72.75
87.05,87.05,54.28,80.03,73.30
86.43,86.43,61.00,78.66,72.95
85.75,85.75,64.39,80.45,74.35
86.53,86.53,66.51,80.31,72.97
86.44,86.44,67.20,77.26,73.37
86.33,86.33,70.09,79.87,78.23
87.76,87.76,63.05,80.47,78.24
83.44,83.44,62.03,79.94,78.09
82.90,82.90,60.52,79.96,76.78
85.05,85.05,56.85,81.43,78.06
85.82,85.82,60.39,80.68,75.77
87.20,87.20,64.13,78.92,71.14
86.50,86.50,67.37,81.29,70.62
85.43,85.43,83.85,82.27,74.45
85.04,85.04,78.08,79.99,73.15
85.57,85.57,76.37,78.97,72.29
86.02,86.02,73.35,76.73,72.64
86.08,86.08,71.65,75.89,75.06
85.85,85.85,68.98,79.02,77.19
84.29,84.29,60.77,78.48,76.23
84.95,84.95,65.15,77.10,75.51
85.11,85.11,60.48,76.91,75.18
85.92,85.92,58.54,75.70,77.38
86.37,86.37,69.40,71.26,74.86
84.47,84.47,75.25,73.71,76.14
82.97,82.97,86.72,76.57,75.44
83.35,83.35,82.81,76.79,81.21
83.82,83.82,73.91,79.44,79.83
84.63,84.63,79.69,82.08,77.41
82.71,82.71,78.07,80.31,79.81
74.94,74.94,67.30,79.36,77.39
62.32,62.32,67.80,79.55,78.03
61.49,61.49,70.57,79.95,77.07
66.30,66.30,64.19,80.35,79.38
66.06,66.06,66.82,80.57,76.83
68.34,68.34,67.07,81.01,76.39
79.18,79.18,67.62,80.82,77.09
85.28,85.28,63.47,80.27,73.86
82.74,82.74,60.35,79.40,74.06
83.74,83.74,53.83,79.46,73.86
81.58,81.58,55.93,79.31,75.84
82.19,82.19,55.52,78.53,71.05
81.35,81.35,53.49,78.84,69.58
83.94,83.94,55.04,78.29,72.22
82.71,82.71,62.61,78.02,70.25
83.53,83.53,66.74,76.73,74.28
83.58,83.58,66.10,75.95,76.61
84.11,84.11,61.18,77.37,77.02
83.51,83.51,56.81,74.96,76.62
65.30,65.30,53.39,76.46,76.00
62.23,62.23,51.18,74.88,74.56
64.84,64.84,53.48,77.80,74.52
60.39,60.39,59.23,74.14,73.52
64.90,64.90,67.24,75.32,70.24
62.84,62.84,83.45,75.52,75.46
67.20,67.20,79.60,76.38,73.23
65.01,65.01,73.82,77.08,74.03
62.99,62.99,76.98,79.11,76.97
58.02,58.02,76.74,79.47,77.41
54.97,54.97,73.81,77.35,78.77
56.49,56.49,65.75,76.69,78.04
57.65,57.65,65.12,77.60,76.97
63.23,63.23,59.13,76.75,76.71
67.10,67.10,63.02,67.34,74.25
82.58,82.58,71.16,63.78,74.29
87.01,87.01,79.52,65.88,73.57
80.36,80.36,87.33,69.53,76.30
77.57,77.57,80.31,70.03,73.34
79.07,79.07,77.15,74.70,73.94
81.18,81.18,77.32,75.98,72.89
84.75,84.75,77.50,73.70,75.41
84.11,84.11,69.00,71.28,72.88
85.32,85.32,70.91,73.29,70.94
84.82,84.82,71.21,73.64,72.39
83.97,83.97,66.56,76.61,69.50
84.70,84.70,70.24,75.45,73.33
85.10,85.10,68.49,72.06,78.61
84.76,84.76,66.91,70.11,78.84
84.28,84.28,65.29,69.85,81.29
84.33,84.33,66.25,72.84,77.56
77.21,77.21,62.05,76.18,77.88
69.04,69.04,56.35,70.25,79.01
69.83,69.83,57.70,71.98,77.47
73.68,73.68,56.37,71.07,75.10
81.88,81.88,54.72,72.07,76.91
83.17,83.17,53.02,71.98,76.01
82.21,82.21,57.22,69.67,76.21
81.83,81.83,54.65,68.99,74.76
81.25,81.25,50.47,70.76,75.18
82.37,82.37,49.29,73.61,75.46
82.67,82.67,51.45,73.98,74.02
82.94,82.94,53.27,71.68,72.36
83.06,83.06,61.08,69.63,74.56
82.73,82.73,63.55,71.83,72.80
78.28,78.28,76.78,67.89,72.85
69.09,69.09,81.32,62.37,75.09
58.85,58.85,78.61,65.36,78.84
57.02,57.02,73.74,66.84,77.97
63.85,63.85,75.53,69.58,74.79
63.65,63.65,71.35,70.94,77.21
63.29,63.29,68.11,71.45,76.66
67.22,67.22,68.17,69.38,76.60
71.45,71.45,59.58,69.73,75.81
69.97,69.97,59.18,71.52,75.92
69.95,69.95,65.39,68.00,74.11
87.87,87.87,74.78,69.17,70.69
85.53,85.53,82.63,63.84,73.97
82.01,82.01,85.60,69.82,75.53
80.81,80.81,85.15,65.37,76.70
80.52,80.52,74.60,62.77,77.34
83.82,83.82,78.91,61.21,77.43
83.34,83.34,73.33,69.37,73.89
82.16,82.16,67.26,71.19,74.11
82.71,82.71,70.80,76.00,75.14
83.78,83.78,69.34,76.53,73.64
82.74,82.74,64.34,76.15,73.27
83.90,83.90,63.83,77.59,73.84
85.15,85.15,67.43,78.12,73.06
86.31,86.31,66.16,76.04,75.80
86.41,86.41,63.02,75.35,77.78
86.08,86.08,63.72,76.34,78.18
86.66,86.66,57.60,74.95,75.60
84.77,84.77,58.76,76.16,76.28
85.68,85.68,53.38,75.20,76.18
86.14,86.14,51.29,76.49,75.62
84.83,84.83,58.22,78.95,75.23
85.91,85.91,58.72,79.47,74.71
85.91,85.91,62.21,78.12,74.26
86.34,86.34,60.46,76.86,75.30
85.67,85.67,55.94,75.87,74.08
85.97,85.97,52.53,77.48,76.71
86.85,86.85,51.92,78.92,74.37
86.71,86.71,47.71,78.77,72.00
86.62,86.62,54.28,78.53,72.89
78.04,78.04,62.26,77.79,73.09
66.65,66.65,71.77,75.30,74.40
67.25,67.25,84.85,71.27,74.26
72.59,72.59,80.52,68.86,80.51
70.78,70.78,71.15,67.96,80.88
68.46,68.46,74.71,73.81,83.06
81.54,81.54,73.90,73.58,82.03
85.58,85.58,69.61,77.82,79.72
86.59,86.59,64.56,77.42,78.67
86.00,86.00,60.60,76.41,77.48
85.76,85.76,65.97,77.93,79.30
85.73,85.73,69.79,77.50,76.38
85.47,85.47,76.56,73.43,74.66
85.09,85.09,85.60,65.43,74.86
85.62,85.62,82.25,71.66,73.95
85.62,85.62,79.82,75.11,77.30
86.20,86.20,77.23,76.28,77.43
86.39,86.39,83.33,75.60,78.36
86.39,86.39,78.45,77.62,78.83
86.41,86.41,71.47,77.65,78.42
86.55,86.55,65.96,78.81,77.95
86.21,86.21,69.27,80.46,77.27
86.65,86.65,71.52,80.25,77.35
87.40,87.40,72.26,78.23,78.30
87.18,87.18,70.08,78.40,81.55
87.00,87.00,68.70,80.48,81.39
86.55,86.55,65.41,80.42,76.90
86.25,86.25,63.49,78.81,79.28
86.52,86.52,59.36,79.69,78.92
84.47,84.47,58.24,79.27,78.27
77.42,77.42,58.29,80.96,80.02
74.44,74.44,57.36,79.50,79.46
72.35,72.35,66.53,81.80,77.82
79.45,79.45,64.99,80.35,77.75
85.23,85.23,64.97,80.52,80.88
87.13,87.13,62.69,78.56,78.81
87.78,87.78,58.47,76.37,80.08
87.17,87.17,55.62,75.74,81.39
83.23,83.23,51.72,78.10,79.82
82.53,82.53,52.48,78.97,76.68
85.01,85.01,54.58,77.56,77.48
85.93,85.93,60.03,78.10,76.11
87.04,87.04,71.65,78.27,76.62
86.09,86.09,81.57,78.90,77.50
85.75,85.75,77.00,76.06,75.76
85.09,85.09,68.60,79.39,73.44
85.29,85.29,77.70,80.74,76.55
83.09,83.09,74.90,79.80,75.67
83.95,83.95,67.43,78.41,77.50
85.45,85.45,62.08,78.17,75.48
86.13,86.13,58.16,75.04,75.27
85.39,85.39,60.49,69.10,74.22
86.18,86.18,65.28,67.46,71.46
86.18,86.18,77.13,60.69,73.05
84.23,84.23,83.82,64.95,72.25
82.32,82.32,84.03,68.17,75.61
81.47,81.47,77.24,70.96,75.70
79.88,79.88,80.88,75.31,75.01
82.64,82.64,79.30,79.98,72.54
80.70,80.70,70.69,78.81,74.17
78.89,78.89,61.40,76.17,75.08
80.07,80.07,64.61,74.73,74.98
76.06,76.06,67.30,74.96,72.16
75.00,75.00,70.51,78.12,73.33
85.26,85.26,61.14,75.36,74.54
86.14,86.14,66.39,76.73,77.16
85.14,85.14,63.51,77.94,79.53
85.84,85.84,62.56,80.14,76.65
86.51,86.51,56.44,78.95,76.67
86.06,86.06,59.73,78.81,76.26
86.17,86.17,54.67,79.62,74.15
86.41,86.41,53.83,80.18,71.57
87.86,87.86,55.62,79.71,73.15
87.15,87.15,60.49,79.00,75.22
85.34,85.34,67.67,75.59,76.25
85.48,85.48,68.67,78.15,72.75
86.36,86.36,67.22,69.04,71.06
85.83,85.83,61.14,56.58,68.29
85.86,85.86,59.66,58.25,71.60
86.00,86.00,58.10,45.30,70.31
86.11,86.11,56.33,47.57,72.90
86.25,86.25,55.41,40.54,72.84
86.72,86.72,57.00,31.10,70.55
86.76,86.76,73.60,25.68,72.28
86.52,86.52,85.29,42.56,76.03
87.12,87.12,83.29,46.46,76.28
87.30,87.30,76.81,53.85,71.48
86.80,86.80,82.17,58.51,74.78
85.79,85.79,79.03,58.36,74.32
87.15,87.15,73.67,54.08,73.25
87.48,87.48,70.72,43.37,73.00
86.83,86.83,66.61,50.10,74.37
86.92,86.92,65.14,53.44,74.23
87.12,87.12,63.79,51.63,71.28
86.82,86.82,77.09,51.89,75.90
86.32,86.32,80.29,63.92,77.62
84.91,84.91,84.19,70.12,77.90
86.34,86.34,83.30,70.88,77.30
86.58,86.58,80.77,70.20,76.01
85.69,85.69,72.44,72.58,74.59
84.49,84.49,70.30,71.93,73.05
84.75,84.75,70.89,73.06,73.84
86.86,86.86,72.34,73.13,72.10
88.03,88.03,72.26,74.55,70.90
87.89,87.89,63.74,76.22,70.94
87.58,87.58,71.62,78.73,73.38
84.33,84.33,74.52,77.41,74.60
80.27,80.27,71.32,75.59,76.65
82.79,82.79,66.74,75.35,75.29
84.05,84.05,60.73,76.30,74.85
82.52,82.52,60.35,75.34,72.54
82.95,82.95,53.32,75.47,71.57
84.48,84.48,56.67,75.85,71.08
85.48,85.48,52.51,76.75,69.46
84.40,84.40,52.98,78.13,73.03
84.20,84.20,61.23,78.24,73.24
83.08,83.08,63.95,77.80,74.91
84.20,84.20,60.68,78.15,71.13
84.58,84.58,59.33,77.95,70.57
83.96,83.96,52.82,78.12,69.10
84.46,84.46,49.33,78.07,70.10
83.94,83.94,51.94,77.05,71.61
81.98,81.98,52.90,76.90,70.05
83.92,83.92,66.79,76.95,69.45
84.33,84.33,79.94,75.96,70.43
84.85,84.85,77.14,71.15,70.72
85.72,85.72,75.83,67.06,73.28
85.94,85.94,77.25,67.32,76.98
84.67,84.67,77.49,66.18,77.43
81.06,81.06,74.76,62.85,74.95
80.47,80.47,65.18,57.14,73.91
80.51,80.51,62.46,51.21,74.34
81.49,81.49,67.34,59.05,73.22
79.84,79.84,67.73,58.17,71.10
79.07,79.07,62.78,55.47,70.83
79.14,79.14,76.90,63.64,72.56
78.27,78.27,89.01,67.53,72.58
77.95,77.95,86.68,70.32,74.10
78.97,78.97,77.09,71.53,73.92
81.35,81.35,79.47,71.80,73.55
81.93,81.93,80.40,74.68,73.53
81.85,81.85,75.69,76.50,74.76
81.72,81.72,75.87,72.47,76.12
81.16,81.16,70.81,71.67,74.01
81.15,81.15,62.28,71.65,74.26
80.65,80.65,62.46,68.51,71.19
81.73,81.73,63.36,71.64,73.90
81.87,81.87,67.55,76.77,81.40
83.28,83.28,59.77,73.37,74.54
81.89,81.89,60.84,71.73,74.63
82.30,82.30,60.45,68.68,72.74
82.39,82.39,57.22,69.89,73.04
81.60,81.60,59.97,73.55,74.08
81.84,81.84,51.22,74.66,73.07
80.91,80.91,47.99,74.60,71.64
81.85,81.85,50.27,75.03,70.74
82.51,82.51,60.12,75.75,74.09
82.17,82.17,60.72,74.56,76.16
79.80,79.80,57.05,74.29,76.40
81.50,81.50,51.56,76.61,76.56
79.12,79.12,51.68,76.74,76.20
81.72,81.72,48.58,76.69,73.89
81.75,81.75,59.10,73.96,71.89
81.08,81.08,54.97,69.19,70.65
81.65,81.65,59.48,55.12,69.61
81.52,81.52,78.32,51.75,74.03
79.94,79.94,84.17,47.61,74.50
80.52,80.52,83.86,39.56,75.22
82.95,82.95,77.30,37.89,75.85
82.26,82.26,77.70,35.93,72.35
83.09,83.09,75.40,35.37,74.02
83.26,83.26,68.96,30.80,74.66
83.01,83.01,64.85,39.01,72.89
83.43,83.43,70.78,53.97,74.75
81.36,81.36,69.14,53.99,71.00
80.55,80.55,65.77,42.58,71.42
80.75,80.75,81.70,68.26,71.73
79.02,79.02,86.04,76.63,71.36
79.52,79.52,81.66,77.59,72.63
80.52,80.52,78.54,81.43,76.30
80.52,80.52,81.75,81.05,77.58
82.03,82.03,73.94,77.62,76.57
82.27,82.27,73.42,76.84,78.61
83.21,83.21,73.77,77.42,78.39
84.24,84.24,67.90,79.61,75.92
83.76,83.76,62.36,77.48,79.33
83.26,83.26,64.81,80.47,77.87
82.50,82.50,64.99,80.24,74.86
81.76,81.76,67.38,79.41,78.73
81.84,81.84,63.09,80.85,79.68
82.40,82.40,61.88,78.48,80.41
81.61,81.61,62.27,80.32,78.17
81.89,81.89,52.29,79.27,79.69
81.87,81.87,54.51,78.68,79.10
83.84,83.84,55.37,80.98,77.83
80.53,80.53,62.56,79.28,74.59
82.38,82.38,68.00,80.89,76.19
81.79,81.79,68.72,79.75,79.29
83.64,83.64,66.72,80.12,80.87
81.34,81.34,62.80,81.18,77.66
80.25,80.25,58.25,79.66,72.96
84.77,84.77,57.30,80.46,76.16
84.85,84.85,56.23,79.17,75.08
82.40,82.40,56.47,80.74,72.79
82.20,82.20,63.77,80.82,71.08
78.89,78.89,64.34,70.51,70.73
81.48,81.48,80.78,64.07,71.23
80.95,80.95,80.27,61.97,71.80
78.65,78.65,71.70,50.49,71.85
80.56,80.56,73.94,39.44,71.16
82.75,82.75,79.07,38.73,72.98
82.44,82.44,74.18,41.08,72.67
79.93,79.93,66.98,34.17,71.81
79.89,79.89,70.83,42.60,70.88
82.76,82.76,62.55,38.73,72.80
80.11,80.11,64.64,40.81,70.71
79.92,79.92,69.90,53.41,69.48
84.81,84.81,81.60,58.84,72.05
84.77,84.77,85.85,68.75,77.57
82.15,82.15,80.67,73.29,77.70
82.14,82.14,76.90,79.77,77.43
79.06,79.06,76.79,83.87,79.63
79.73,79.73,80.00,81.72,79.66
79.78,79.78,75.63,79.64,78.75
81.65,81.65,70.16,77.45,77.26
80.84,80.84,70.80,80.52,76.39
80.17,80.17,67.52,79.55,74.54
65.54,65.54,67.84,81.26,75.32
61.19,61.19,69.84,77.17,72.24
56.62,56.62,67.74,75.49,76.59
56.84,56.84,66.66,75.46,78.79
61.51,61.51,63.19,76.21,73.73
57.09,57.09,54.61,78.70,78.29
60.57,60.57,49.15,77.15,77.72
60.60,60.60,53.97,76.08,74.62
60.22,60.22,53.70,74.34,77.85
60.20,60.20,57.61,78.19,73.75
60.15,60.15,64.90,78.70,73.46
61.82,61.82,68.89,80.67,72.18
59.89,59.89,66.79,76.69,73.33
59.57,59.57,63.78,76.95,75.91
59.06,59.06,59.31,77.35,75.03
62.09,62.09,56.15,78.00,73.49
62.68,62.68,52.28,77.64,73.11
67.67,67.67,49.75,78.29,72.05
62.50,62.50,56.73,76.49,72.33
58.95,58.95,68.93,75.00,70.39
70.58,70.58,78.62,76.53,68.95
81.15,81.15,79.94,75.84,73.39
83.50,83.50,74.76,77.29,73.39
83.26,83.26,77.53,77.94,76.53
82.72,82.72,79.71,80.92,77.91
83.76,83.76,73.48,77.35,78.99
83.79,83.79,68.59,75.26,78.09
84.26,84.26,61.21,74.36,77.55
83.32,83.32,61.62,74.95,75.68
85.78,85.78,66.42,74.59,74.17
86.05,86.05,69.39,69.59,73.09
84.22,84.22,69.58,62.53,73.05
83.20,83.20,86.71,68.51,73.75
83.44,83.44,84.68,68.72,74.70
83.52,83.52,78.69,76.70,72.65
83.04,83.04,78.65,79.29,73.54
79.19,79.19,79.31,76.28,74.04
82.19,82.19,73.29,71.54,73.28
83.49,83.49,68.92,69.33,73.52
84.44,84.44,73.31,76.87,71.56
85.42,85.42,62.35,76.31,69.61
85.08,85.08,67.14,73.54,74.47
85.66,85.66,69.07,72.91,74.38
86.75,86.75,66.78,71.83,76.70
84.14,84.14,68.41,73.21,76.77
86.03,86.03,64.71,72.84,74.90
86.29,86.29,54.40,72.70,75.22
85.47,85.47,51.69,77.66,74.87
85.56,85.56,50.63,75.64,73.65
85.93,85.93,49.99,77.41,74.73
84.47,84.47,53.07,76.07,74.48
85.07,85.07,56.03,75.91,72.25
83.99,83.99,64.54,76.09,71.93
84.57,84.57,63.49,78.82,73.40
83.75,83.75,57.58,74.75,75.12
83.22,83.22,54.31,76.16,76.84
85.60,85.60,50.24,77.08,76.80
86.51,86.51,49.96,76.46,75.85
85.63,85.63,51.98,78.49,74.81
86.03,86.03,56.27,77.19,72.11
85.79,85.79,68.77,72.81,66.64
82.27,82.27,83.95,66.61,63.21
78.68,78.68,77.78,71.24,64.78
82.29,82.29,74.78,71.48,64.06
80.42,80.42,72.38,71.19,63.91
80.20,80.20,70.30,72.70,64.21
74.49,74.49,66.41,72.61,61.66
60.40,60.40,66.70,71.45,61.90
60.17,60.17,66.60,74.56,61.94
61.11,61.11,69.19,75.73,69.98
67.96,67.96,72.35,73.74,73.75
71.68,71.68,75.30,71.04,74.75
75.44,75.44,87.68,72.18,76.32
78.05,78.05,82.87,74.07,72.88
85.31,85.31,78.04,73.43,76.67
80.30,80.30,81.93,71.20,77.34
79.54,79.54,75.61,68.64,79.15
80.47,80.47,73.58,74.02,77.74
80.80,80.80,74.88,76.64,76.18
83.66,83.66,72.66,74.61,74.76
83.81,83.81,72.17,72.66,75.72
83.83,83.83,67.87,75.66,75.52
77.01,77.01,68.73,79.09,72.37
71.63,71.63,70.58,79.10,72.56
73.14,73.14,65.94,76.00,74.55
70.07,70.07,68.91,76.92,74.97
70.02,70.02,66.54,74.27,76.02
70.48,70.48,63.55,72.93,71.78
70.46,70.46,55.08,68.51,72.47
69.72,69.72,63.49,64.43,70.68
68.35,68.35,59.81,45.48,68.08
64.93,64.93,54.04,48.27,69.39
83.42,83.42,55.15,38.18,67.48
87.03,87.03,58.87,44.23,66.78
87.08,87.08,60.28,40.14,68.58
86.58,86.58,57.17,43.16,64.76
86.10,86.10,52.21,37.06,65.31
86.27,86.27,52.66,31.85,66.86
85.98,85.98,53.72,36.16,66.68
85.40,85.40,49.46,33.75,65.52
85.72,85.72,49.57,33.66,64.13
85.24,85.24,49.57,30.67,65.08
78.59,78.59,46.75,34.06,60.40
81.81,81.81,48.11,33.33,59.20
85.42,85.42,49.03,40.00,59.20
84.60,84.60,47.50,37.86,56.93
84.16,84.16,47.13,39.26,58.49
84.74,84.74,46.51,40.50,58.72
84.83,84.83,49.66,43.62,59.84
84.91,84.91,46.29,43.35,56.54
84.15,84.15,48.67,44.25,55.02
82.45,82.45,46.44,43.95,57.27
78.29,78.29,42.38,39.80,55.52
73.65,73.65,44.93,33.86,51.80
73.06,73.06,42.25,33.21,49.52
72.18,72.18,45.30,35.47,47.83
71.51,71.51,40.07,36.92,43.76
70.14,70.14,43.98,40.89,45.11
55.07,55.07,46.03,41.54,46.69
46.92,46.92,45.32,41.51,45.97
44.19,44.19,47.31,35.54,44.04
45.23,45.23,46.05,35.40,44.04
66.88,66.88,48.47,36.75,47.46
70.77,70.77,40.62,33.44,43.77
65.56,65.56,41.81,35.84,40.51
70.40,70.40,39.23,26.91,37.33
86.69,86.69,41.81,31.15,35.81
85.19,85.19,36.66,28.18,34.88
82.56,82.56,40.75,28.76,33.75
75.96,75.96,37.80,26.71,31.23
58.10,58.10,33.18,25.05,33.51
51.54,51.54,36.06,26.63,40.83
42.67,42.67,39.88,26.24,36.01
45.56,45.56,34.60,24.93,39.07
40.12,40.12,36.38,26.24,38.39
39.34,39.34,38.09,24.31,33.59
40.16,40.16,38.62,23.54,35.06
40.05,40.05,39.53,29.99,33.06
37.91,37.91,39.31,21.26,34.72
38.00,38.00,40.85,27.31,37.94
38.04,38.04,39.36,27.10,37.97
35.54,35.54,36.99,26.19,37.76
35.93,35.93,36.39,24.08,32.82
36.18,36.18,35.89,26.27,27.39
41.80,41.80,29.27,26.51,24.22
49.25,49.25,38.98,32.29,28.11
75.36,75.36,38.87,31.99,31.89
88.09,88.09,44.25,24.21,30.45
88.40,88.40,42.01,20.32,30.22
87.44,87.44,37.77,18.05,30.82
86.35,86.35,37.83,18.74,35.65
85.94,85.94,45.15,18.91,43.94
85.35,85.35,52.16,13.87,52.01
86.22,86.22,66.38,1.78,68.17
85.57,85.57,89.32,-0.00,73.45
82.44,82.44,76.20,2.05,78.86
79.30,79.30,83.77,4.74,80.93
79.74,79.74,83.86,15.58,80.95
76.88,76.88,76.94,25.37,78.37
76.50,76.50,76.35,31.84,77.69
78.25,78.25,72.79,30.60,80.13
77.56,77.56,69.98,25.42,77.72
77.94,77.94,72.68,20.73,77.36
76.72,76.72,65.89,21.13,76.56
81.95,81.95,75.52,21.05,76.57
81.66,81.66,71.33,13.38,74.01
83.50,83.50,67.30,10.30,74.90
83.35,83.35,62.13,9.56,74.29
83.65,83.65,63.26,1.04,72.15
82.80,82.80,59.16,0.03,75.24
81.40,81.40,60.66,-0.00,73.33
81.18,81.18,59.86,-0.00,70.98
81.95,81.95,60.53,3.28,70.10
81.04,81.04,58.37,11.54,66.93
81.84,81.84,58.91,10.75,60.61
81.79,81.79,60.87,17.08,57.11
83.51,83.51,57.34,30.59,58.44
83.56,83.56,62.96,37.02,58.10
83.26,83.26,56.58,35.27,59.43
84.12,84.12,56.49,33.56,57.70
83.77,83.77,52.82,32.68,56.63
84.03,84.03,55.70,40.72,56.25
83.47,83.47,49.23,39.38,55.01
84.01,84.01,50.95,40.28,54.44
83.01,83.01,44.11,37.74,54.25
83.08,83.08,45.62,37.11,50.77
82.53,82.53,44.44,30.79,53.71
82.50,82.50,42.29,27.42,50.73
81.26,81.26,42.99,38.89,46.39
79.90,79.90,42.88,34.55,49.06
80.27,80.27,44.39,38.84,45.32
80.90,80.90,44.55,34.18,46.11
80.74,80.74,45.44,30.38,45.67
79.83,79.83,42.91,30.34,49.48
80.83,80.83,44.60,39.60,49.23
80.93,80.93,43.87,32.79,45.24
80.91,80.91,43.07,37.71,44.22
81.51,81.51,39.94,34.01,44.03
79.32,79.32,41.63,34.74,46.18
77.46,77.46,33.86,27.86,47.58
73.00,73.00,42.60,33.26,46.50
69.47,69.47,42.34,37.00,46.79
70.76,70.76,45.13,34.94,49.16
71.15,71.15,42.07,30.32,48.92
72.11,72.11,43.24,33.12,44.25
71.67,71.67,41.72,31.41,43.23
73.01,73.01,41.67,28.57,41.76
71.96,71.96,41.05,30.46,37.92
72.09,72.09,37.91,22.18,35.55
79.47,79.47,33.71,30.41,39.29
83.61,83.61,34.65,34.16,37.93
80.86,80.86,35.01,28.01,34.97
82.00,82.00,35.10,26.82,33.69
83.19,83.19,35.36,26.05,33.92
82.88,82.88,35.36,19.94,32.66
82.45,82.45,34.53,22.85,31.02
82.20,82.20,35.56,25.09,36.88
81.78,81.78,33.30,24.14,35.99
82.04,82.04,36.07,25.76,33.22
81.61,81.61,32.83,25.04,33.43
81.31,81.31,34.32,22.60,35.35
81.45,81.45,32.69,23.04,37.04
80.51,80.51,32.79,24.35,39.24
80.64,80.64,34.00,20.82,38.62
80.60,80.60,32.86,19.51,43.10
80.22,80.22,31.23,20.46,51.51
80.44,80.44,32.35,18.81,62.15
82.00,82.00,38.66,20.42,78.39
83.97,83.97,34.01,14.66,81.06
84.51,84.51,31.60,13.91,75.03
83.33,83.33,31.05,12.80,75.33
82.18,82.18,31.27,27.11,76.95
82.07,82.07,31.64,37.82,75.70
83.41,83.41,38.91,39.40,74.38
82.70,82.70,53.40,35.81,73.99
81.86,81.86,61.68,47.62,70.14
81.76,81.76,85.94,63.87,74.42
80.29,80.29,84.26,64.55,71.23
83.82,83.82,83.33,66.93,71.04
84.04,84.04,75.12,71.86,72.62
85.22,85.22,77.33,75.35,73.75
84.61,84.61,75.34,74.52,72.38
82.91,82.91,74.83,74.28,71.90
82.94,82.94,71.01,76.65,71.50
82.45,82.45,63.79,77.55,71.00
84.78,84.78,67.39,78.33,71.30
81.40,81.40,65.54,78.63,70.72
78.35,78.35,65.87,78.03,74.23
80.60,80.60,64.68,73.42,77.85
78.34,78.34,59.20,73.01,73.81
79.31,79.31,56.25,73.68,71.92
80.43,80.43,54.48,78.04,76.01
79.74,79.74,55.46,78.97,75.90
79.18,79.18,47.57,79.03,75.49
80.13,80.13,53.09,78.85,72.81
79.46,79.46,53.55,78.69,68.77
80.06,80.06,61.28,78.12,71.03
80.53,80.53,63.62,77.87,68.20
80.73,80.73,62.06,78.63,64.77
81.51,81.51,56.19,79.51,64.26
81.75,81.75,52.88,80.05,62.51
82.01,82.01,48.48,79.73,64.40
83.00,83.00,47.16,79.14,65.01
83.95,83.95,49.17,78.90,64.30
83.81,83.81,65.38,78.45,63.19
84.40,84.40,72.47,77.82,64.98
84.21,84.21,81.53,75.80,69.55
84.38,84.38,74.58,74.02,67.71
83.10,83.10,71.90,76.06,77.42
83.66,83.66,76.44,79.35,79.91
74.44,74.44,70.98,79.23,75.80
65.48,65.48,69.82,78.28,76.15
57.66,57.66,65.09,77.05,78.44
59.33,59.33,65.93,77.26,78.90
58.57,58.57,65.51,76.83,76.49
57.94,57.94,61.52,70.26,76.31
67.92,67.92,72.06,57.25,75.08
69.02,69.02,89.71,71.94,72.96
77.46,77.46,79.69,73.79,75.81
82.98,82.98,81.95,80.22,74.26
82.58,82.58,81.84,82.19,73.40
81.78,81.78,78.30,81.09,74.51
82.89,82.89,70.88,82.32,74.42
80.93,80.93,74.36,80.04,74.11
80.86,80.86,74.99,81.37,74.89
82.99,82.99,68.11,80.65,70.98
83.24,83.24,68.39,80.00,73.72
81.48,81.48,70.76,81.50,76.13
80.52,80.52,70.22,80.79,76.35
79.26,79.26,67.57,79.77,75.15
80.60,80.60,63.47,79.21,75.52
78.73,78.73,54.08,80.06,73.84
81.11,81.11,53.15,79.49,73.32
83.61,83.61,55.51,78.79,72.14
85.75,85.75,52.48,77.87,71.63
84.32,84.32,54.95,79.62,73.09
83.53,83.53,69.28,78.37,72.70
83.79,83.79,67.21,77.98,70.96
84.48,84.48,67.90,79.24,73.28
82.72,82.72,65.91,78.34,74.41
82.98,82.98,61.93,78.14,71.88
81.56,81.56,59.13,74.86,74.74
80.59,80.59,56.09,77.43,74.44
80.28,80.28,52.68,72.35,69.67
77.86,77.86,52.85,76.05,65.58
74.42,74.42,60.50,71.75,64.43
66.92,66.92,76.51,76.26,67.88
66.17,66.17,82.09,74.92,65.84
65.48,65.48,76.96,71.22,67.04
66.36,66.36,74.10,75.58,65.11
65.14,65.14,78.84,76.84,66.91
63.74,63.74,76.58,77.58,66.70
63.66,63.66,68.16,72.33,65.33
62.03,62.03,65.67,77.35,67.59
63.45,63.45,60.70,71.12,70.09
62.88,62.88,60.20,66.39,66.74
61.52,61.52,60.45,64.12,62.04
63.90,63.90,77.86,67.39,65.76
63.99,63.99,87.21,72.50,70.89
64.77,64.77,88.15,74.44,77.65
81.02,81.02,78.54,72.95,75.22
85.08,85.08,79.94,72.33,73.72
84.26,84.26,77.31,76.07,75.83
84.03,84.03,77.18,75.48,77.37
84.85,84.85,68.04,77.38,75.45
84.46,84.46,64.59,78.94,70.23
83.46,83.46,60.75,79.04,71.98
82.92,82.92,66.88,79.38,74.94
81.95,81.95,67.09,79.99,75.97
82.38,82.38,65.41,78.38,71.38
83.26,83.26,62.29,74.13,70.00
82.59,82.59,59.88,75.42,73.93
82.87,82.87,55.08,76.08,74.87
83.37,83.37,53.36,76.49,73.88
83.44,83.44,51.52,78.04,70.47
83.22,83.22,49.94,78.67,71.99
83.33,83.33,48.99,79.38,72.80
83.94,83.94,54.88,78.55,72.19
83.93,83.93,69.00,78.40,69.94
83.92,83.92,68.61,78.64,63.30
83.36,83.36,65.35,79.08,64.37
83.32,83.32,60.95,79.55,69.44
85.14,85.14,55.77,79.48,66.52
85.80,85.80,52.59,79.87,65.34
85.61,85.61,50.12,79.01,62.28
85.02,85.02,54.06,79.19,61.25
85.19,85.19,61.88,78.87,62.65
87.39,87.39,78.66,74.44,64.65
87.56,87.56,80.88,69.98,68.03
86.92,86.92,75.42,70.77,65.88
85.98,85.98,73.54,76.19,63.54
84.93,84.93,79.63,81.05,63.96
87.53,87.53,74.30,80.11,63.82
88.64,88.64,67.32,74.88,61.46
89.11,89.11,63.55,78.86,63.73
88.38,88.38,58.83,79.00,63.30
87.65,87.65,65.77,78.55,61.26
88.13,88.13,68.00,71.42,61.13
82.75,82.75,68.65,66.32,59.91
80.48,80.48,84.79,71.44,62.46
82.06,82.06,85.95,75.16,62.75
81.28,81.28,83.16,72.45,62.48
80.40,80.40,74.75,73.46,68.58
81.17,81.17,75.51,75.49,69.20
83.00,83.00,78.15,76.59,66.65
81.78,81.78,75.92,77.45,64.75
82.75,82.75,75.46,78.02,64.49
83.35,83.35,74.72,78.51,63.50
82.57,82.57,69.25,80.55,68.97
82.23,82.23,73.01,76.98,71.71
82.52,82.52,73.21,77.84,70.53
81.33,81.33,69.59,78.58,69.79
81.67,81.67,65.05,78.35,71.72
78.10,78.10,60.74,79.86,74.05
80.64,80.64,58.39,78.38,75.21
77.66,77.66,64.20,80.04,73.96
70.90,70.90,61.42,80.06,72.65
71.59,71.59,58.59,79.04,71.39
74.00,74.00,57.35,81.13,67.78
73.06,73.06,63.07,79.86,68.70
84.29,84.29,62.45,80.38,68.58
87.82,87.82,58.22,77.87,66.62
85.78,85.78,53.53,78.91,73.19
85.34,85.34,50.29,80.45,74.90
84.82,84.82,46.73,78.85,75.53
85.67,85.67,50.76,80.38,74.02
85.23,85.23,56.96,78.57,74.88
85.22,85.22,71.56,77.44,74.16
85.67,85.67,79.69,70.50,73.96
84.40,84.40,76.37,70.15,73.00
83.12,83.12,78.39,76.84,74.03
84.15,84.15,74.98,74.99,75.60
83.82,83.82,75.79,76.46,76.50
82.54,82.54,73.62,78.25,76.02
84.00,84.00,62.65,78.11,76.82
85.45,85.45,57.07,79.94,76.52
85.11,85.11,57.65,77.37,76.06
81.74,81.74,65.50,79.10,75.53
81.24,81.24,73.51,71.90,76.07
78.22,78.22,76.38,64.32,74.26
81.17,81.17,88.97,73.37,73.64
78.87,78.87,83.64,75.82,73.42
80.73,80.73,77.53,75.04,75.05
83.32,83.32,79.90,75.11,74.28
82.06,82.06,80.67,77.67,74.94
83.50,83.50,79.55,80.83,76.86
83.07,83.07,73.56,81.71,77.86
83.94,83.94,76.35,81.34,78.08
84.23,84.23,59.91,80.80,77.45
83.99,83.99,66.65,80.25,74.28
83.83,83.83,66.71,79.94,76.75
82.65,82.65,66.54,81.08,78.57
82.82,82.82,68.89,80.66,79.65
82.24,82.24,61.20,79.44,76.83
84.14,84.14,65.88,79.95,77.37
82.99,82.99,57.58,80.17,73.15
82.20,82.20,57.07,79.95,75.96
82.12,82.12,54.90,80.80,75.80
81.94,81.94,56.57,80.79,75.02
80.93,80.93,55.68,81.93,73.28
80.41,80.41,61.75,80.37,76.10
82.25,82.25,61.48,80.86,75.33
81.04,81.04,57.67,81.71,76.54
81.82,81.82,56.46,82.63,76.77
82.07,82.07,52.85,79.72,77.70
81.88,81.88,50.61,79.60,78.04
81.95,81.95,48.00,78.96,76.01
80.80,80.80,54.45,80.64,75.79
79.89,79.89,68.63,78.89,74.83
78.67,78.67,78.00,77.43,76.24
80.38,80.38,80.36,77.41,78.24
79.08,79.08,78.33,78.21,77.88
77.89,77.89,74.80,78.47,78.19
74.97,74.97,77.61,78.77,77.01
75.65,75.65,74.20,77.69,79.97
74.96,74.96,68.02,79.34,77.45
74.69,74.69,65.03,79.70,78.28
75.44,75.44,60.98,79.04,78.28
74.83,74.83,64.25,77.38,80.24
75.26,75.26,67.89,70.48,81.75
69.04,69.04,81.67,69.56,79.50
68.31,68.31,85.98,74.91,78.06
70.00,70.00,82.08,73.97,77.96
69.06,69.06,78.36,74.31,77.57
69.96,69.96,82.13,76.92,78.16
74.53,74.53,74.31,79.19,79.62
86.06,86.06,70.29,79.43,77.95
86.57,86.57,68.66,76.56,76.40
85.03,85.03,63.20,75.60,76.47
87.17,87.17,64.76,78.63,74.13
87.65,87.65,70.02,78.51,77.79
84.62,84.62,67.93,77.41,76.57
80.71,80.71,69.11,78.05,78.04
86.35,86.35,69.26,79.41,78.14
88.81,88.81,57.34,79.12,77.70
89.04,89.04,55.98,78.72,76.42
87.23,87.23,53.34,78.10,77.94
83.71,83.71,57.11,78.97,76.29
81.87,81.87,54.98,79.23,76.89
81.36,81.36,60.43,78.54,77.57
85.02,85.02,65.44,78.57,78.53
88.93,88.93,65.70,77.42,77.67
89.81,89.81,64.36,75.07,78.62
88.76,88.76,60.25,76.50,78.26
88.16,88.16,57.56,78.81,78.00
86.63,86.63,57.37,79.72,76.08
82.16,82.16,55.62,79.66,74.96
83.17,83.17,56.67,79.21,77.44
85.26,85.26,56.84,78.47,76.07
88.58,88.58,61.27,78.54,79.13
87.53,87.53,77.71,78.69,78.05
87.22,87.22,78.81,76.81,77.41
87.53,87.53,77.13,76.21,76.82
84.23,84.23,75.47,76.62,76.73
81.06,81.06,77.56,77.96,75.76
78.40,78.40,71.52,78.66,71.72
77.28,77.28,63.12,77.92,73.28
82.59,82.59,55.89,76.46,75.75
84.61,84.61,60.63,75.96,73.09
84.28,84.28,65.28,72.75,73.32
81.27,81.27,60.61,56.97,73.02
86.82,86.82,77.79,66.68,73.47
88.29,88.29,83.85,69.18,70.74
84.47,84.47,80.31,77.22,71.08
85.68,85.68,78.89,80.14,73.19
87.84,87.84,75.40,80.14,74.64
86.78,86.78,75.56,79.21,75.31
84.55,84.55,69.85,79.77,77.97
86.47,86.47,68.51,78.77,75.58
86.67,86.67,67.96,79.36,76.02
87.28,87.28,65.70,80.72,77.17
86.48,86.48,66.24,81.04,76.40
83.65,83.65,67.67,79.05,74.16
87.77,87.77,68.05,79.26,74.53
88.27,88.27,64.19,80.81,73.65
85.50,85.50,62.93,82.45,75.06
86.46,86.46,56.40,81.06,75.61
89.63,89.63,50.28,80.19,75.58
89.19,89.19,47.16,80.80,77.39
88.79,88.79,49.45,81.10,75.62
88.30,88.30,51.67,80.49,79.24
88.82,88.82,57.32,80.58,74.80
90.17,90.17,64.58,81.23,75.55
89.65,89.65,63.66,80.35,75.13
86.76,86.76,60.70,80.51,78.58
84.86,84.86,55.58,74.42,75.56
85.00,85.00,51.45,56.15,75.38
83.56,83.56,47.94,40.22,77.94
84.74,84.74,46.57,44.10,73.98
85.94,85.94,49.90,41.88,74.38
87.11,87.11,58.59,51.59,73.01
88.72,88.72,80.48,58.88,76.37
89.48,89.48,77.63,65.39,78.01
86.69,86.69,77.42,78.49,76.55
83.38,83.38,72.88,81.68,78.70
84.92,84.92,76.39,80.38,79.17
84.89,84.89,69.00,78.59,77.55
84.81,84.81,64.12,79.64,77.61
82.21,82.21,59.05,79.29,76.57
80.86,80.86,59.40,80.20,77.16
78.40,78.40,58.50,65.45,75.87
73.39,73.39,65.62,62.29,73.19
84.67,84.67,72.08,63.22,73.06
83.47,83.47,85.00,75.92,77.89
87.54,87.54,77.09,75.21,77.35
86.47,86.47,78.49,76.30,77.23
85.90,85.90,75.25,79.59,77.55
87.14,87.14,76.29,78.77,76.93
87.22,87.22,73.17,76.43,77.45
87.20,87.20,70.77,77.69,76.44
87.46,87.46,70.83,77.69,74.95
85.86,85.86,64.75,79.31,73.54
84.18,84.18,65.31,80.06,75.81
81.65,81.65,69.78,79.13,77.39
79.88,79.88,68.54,79.70,76.87
78.53,78.53,64.92,79.35,77.75
78.66,78.66,64.65,78.47,75.15
75.24,75.24,60.50,79.33,75.96
81.10,81.10,54.97,80.55,72.82
81.69,81.69,53.25,78.70,76.26
81.46,81.46,52.82,76.93,76.63
81.22,81.22,52.55,64.19,77.75
81.66,81.66,57.86,60.37,78.14
81.78,81.78,63.49,68.11,79.90
81.60,81.60,63.92,80.85,80.11
81.75,81.75,60.63,80.34,80.19
81.49,81.49,60.61,81.07,80.19
81.35,81.35,59.89,81.95,80.68
79.61,79.61,58.08,81.23,80.01
77.90,77.90,57.05,81.12,79.74
73.68,73.68,59.58,79.68,80.18
68.57,68.57,73.08,75.65,80.15
69.68,69.68,78.58,74.55,80.36
72.48,72.48,79.41,78.98,79.29
75.86,75.86,75.39,80.32,79.65
77.42,77.42,78.82,79.95,78.67
78.81,78.81,75.67,79.59,79.47
79.66,79.66,68.97,81.60,80.56
81.27,81.27,63.74,81.79,80.43
80.43,80.43,57.86,81.45,79.95
83.04,83.04,59.81,81.92,78.56
83.32,83.32,62.25,81.67,78.83
83.87,83.87,64.41,79.96,79.97
83.05,83.05,76.33,77.20,79.80
81.43,81.43,79.95,73.19,77.23
77.90,77.90,82.20,70.65,78.16
79.11,79.11,78.01,68.91,77.49
83.37,83.37,77.22,65.33,77.97
83.90,83.90,76.94,69.18,75.29
85.05,85.05,69.45,72.50,76.14
85.05,85.05,69.76,75.76,76.56
84.86,84.86,69.86,77.18,75.89
84.73,84.73,66.55,77.42,74.67
84.61,84.61,61.57,78.81,76.98
83.08,83.08,66.82,79.17,75.85
82.74,82.74,62.94,76.60,76.92
82.90,82.90,62.46,75.34,77.06
83.40,83.40,58.96,76.95,78.26
84.07,84.07,59.09,78.01,74.67
84.57,84.57,60.81,77.88,77.28
85.21,85.21,57.85,78.24,76.46
86.15,86.15,52.21,79.05,76.91
86.76,86.76,56.93,79.63,75.96
85.74,85.74,56.04,78.55,74.38
86.33,86.33,61.23,78.27,75.39
85.91,85.91,62.12,78.18,75.40
86.73,86.73,56.52,78.71,76.49
87.00,87.00,52.05,78.95,76.31
85.81,85.81,49.00,79.08,74.95
84.93,84.93,49.32,79.02,73.12
85.22,85.22,48.12,79.48,74.61
84.91,84.91,60.41,79.32,73.78
82.70,82.70,64.64,78.84,75.44
86.59,86.59,80.30,75.55,75.67
86.30,86.30,74.53,73.06,77.93
87.04,87.04,73.34,75.07,77.63
82.96,82.96,73.16,78.68,74.19
83.93,83.93,74.95,79.54,77.02
82.06,82.06,70.97,78.21,75.67
81.34,81.34,61.61,76.65,77.14
85.21,85.21,61.97,76.08,75.51
85.35,85.35,59.44,77.34,75.58
85.44,85.44,64.47,74.06,76.31
85.64,85.64,71.29,66.48,77.09
82.15,82.15,86.74,75.84,75.90
76.21,76.21,81.00,76.98,76.19
80.47,80.47,81.55,75.76,77.81
81.54,81.54,79.11,78.42,77.93
82.62,82.62,77.98,78.92,78.93
82.25,82.25,73.70,78.69,78.63
81.27,81.27,70.81,79.30,79.46
78.10,78.10,76.51,78.88,80.06
78.78,78.78,71.32,77.46,79.99
75.93,75.93,67.28,76.94,79.31
66.59,66.59,71.13,78.15,78.29
64.24,64.24,71.74,79.52,77.72
66.86,66.86,70.08,78.48,78.49
68.34,68.34,66.71,79.54,79.65
75.23,75.23,56.78,78.88,77.70
73.47,73.47,53.85,78.72,74.35
81.28,81.28,56.57,78.90,75.14
82.66,82.66,55.16,79.41,74.08
83.59,83.59,56.62,79.08,73.09
83.07,83.07,64.58,78.68,76.19
80.13,80.13,65.98,78.07,75.00
82.03,82.03,65.25,76.73,75.09
83.20,83.20,62.04,77.11,75.62
83.23,83.23,58.13,78.19,75.42
82.89,82.89,56.29,76.68,76.87
81.68,81.68,55.56,77.93,75.98
78.96,78.96,54.33,75.39,75.50
77.90,77.90,53.18,77.80,76.05
78.93,78.93,66.15,76.47,74.61
77.73,77.73,68.50,68.62,73.95
74.31,74.31,82.19,66.54,73.57
72.98,72.98,77.38,58.61,72.85
74.38,74.38,73.73,50.30,76.09
75.22,75.22,76.77,49.67,76.07
75.92,75.92,74.02,41.27,75.88
78.24,78.24,69.55,23.41,74.59
77.30,77.30,65.21,20.14,72.89
74.68,74.68,61.75,37.68,74.03
74.64,74.64,59.42,48.07,76.01
73.95,73.95,60.20,55.53,77.37
74.67,74.67,75.98,68.99,79.14
76.04,76.04,82.32,71.70,76.24
82.68,82.68,83.95,74.60,75.00
81.38,81.38,79.64,71.06,74.90
82.42,82.42,71.90,72.95,74.15
83.36,83.36,82.57,75.54,76.22
82.23,82.23,76.53,77.33,79.17
82.22,82.22,69.73,76.61,78.53
82.36,82.36,68.34,75.33,78.98
82.30,82.30,62.38,75.59,78.32
83.01,83.01,66.02,76.38,76.44
83.81,83.81,67.82,76.83,77.90
83.88,83.88,67.74,77.62,74.37
83.61,83.61,67.75,77.88,75.00
83.75,83.75,67.24,79.16,72.97
82.46,82.46,59.60,79.67,74.91
82.22,82.22,56.10,78.87,71.89
82.00,82.00,52.90,77.42,73.39
81.70,81.70,57.49,77.89,71.17
80.92,80.92,50.41,77.53,74.14
81.12,81.12,55.27,77.88,73.00
79.70,79.70,64.27,77.29,73.48
82.41,82.41,64.94,77.35,74.14
84.74,84.74,64.46,78.60,74.74
84.22,84.22,59.93,78.60,75.36
85.58,85.58,57.74,77.99,77.03
86.80,86.80,56.02,76.88,76.90
86.68,86.68,52.66,76.99,76.82
86.71,86.71,53.10,76.27,78.55
88.48,88.48,55.58,76.88,78.23
88.53,88.53,61.88,77.93,75.95
87.63,87.63,84.04,77.83,72.50
86.32,86.32,77.15,75.62,74.46
87.64,87.64,75.24,74.51,75.58
88.37,88.37,78.28,76.21,73.78
84.32,84.32,75.78,79.05,72.02
78.01,78.01,71.77,79.56,73.21
77.11,77.11,63.92,77.79,74.54
76.08,76.08,53.59,76.28,72.64
74.65,74.65,59.47,76.33,71.60
78.21,78.21,62.51,75.25,69.67
78.36,78.36,72.94,69.19,67.60
83.25,83.25,77.95,66.00,66.79
83.24,83.24,84.12,76.77,67.84
84.54,84.54,83.40,79.59,67.21
84.34,84.34,80.97,81.39,70.91
83.55,83.55,78.94,82.13,70.33
83.56,83.56,78.36,82.12,68.76
82.75,82.75,70.68,80.17,70.61
83.32,83.32,73.95,80.65,73.71
84.95,84.95,72.83,81.87,75.65
84.15,84.15,68.35,82.11,73.81
83.92,83.92,71.29,81.88,74.15
83.52,83.52,69.44,81.92,76.00
83.70,83.70,68.37,82.33,77.52
84.72,84.72,67.61,81.21,76.04
83.50,83.50,62.57,81.38,74.50
83.59,83.59,56.32,81.36,74.38
74.12,74.12,53.70,81.55,73.65
70.56,70.56,53.69,82.01,75.12
68.96,68.96,50.39,81.68,74.88
70.46,70.46,53.19,81.59,73.77
69.17,69.17,60.18,82.56,71.68
80.31,80.31,61.69,82.17,71.82
82.97,82.97,59.20,81.39,70.09
83.37,83.37,53.97,81.41,71.78
79.87,79.87,50.89,80.79,73.47
81.37,81.37,46.98,80.86,73.88
84.09,84.09,47.10,80.40,75.22
84.66,84.66,54.21,80.21,76.34
84.67,84.67,59.47,79.90,76.66
82.74,82.74,78.10,77.87,75.01
81.37,81.37,78.62,76.53,73.85
81.55,81.55,77.29,78.09,75.65
83.61,83.61,76.07,78.90,76.59
83.40,83.40,78.49,78.58,77.72
83.59,83.59,74.12,79.53,77.99
81.90,81.90,70.04,80.41,79.32
83.87,83.87,56.91,80.76,79.06
83.76,83.76,57.23,81.16,79.02
84.99,84.99,57.83,73.61,79.31
85.89,85.89,67.52,65.69,77.87
86.49,86.49,66.24,62.00,76.25
83.17,83.17,83.74,68.64,74.63
81.53,81.53,83.40,73.82,76.01
80.84,80.84,80.37,79.30,78.63
83.00,83.00,78.59,80.58,77.33
83.40,83.40,75.72,79.82,76.07
81.85,81.85,73.19,79.22,77.63
81.76,81.76,71.43,77.95,76.84
80.89,80.89,72.87,76.59,75.43
76.67,76.67,66.97,79.75,77.07
79.54,79.54,65.37,80.85,77.68
83.14,83.14,66.01,81.97,78.05
83.79,83.79,69.02,80.34,78.30
84.28,84.28,64.63,78.33,77.98
81.43,81.43,66.77,80.38,78.27
81.37,81.37,65.95,80.92,77.65
81.16,81.16,63.41,80.88,79.23
82.54,82.54,52.43,79.88,77.95
82.50,82.50,53.36,80.58,80.19
82.60,82.60,53.51,80.38,80.44
83.27,83.27,52.82,79.94,78.80
84.71,84.71,60.93,81.08,78.73
83.48,83.48,64.22,81.48,79.01
81.97,81.97,61.65,80.95,78.48
80.75,80.75,56.54,79.54,77.29
82.36,82.36,54.67,79.78,75.61
80.79,80.79,53.01,81.60,79.10
79.21,79.21,50.85,80.62,81.51
80.05,80.05,54.14,76.71,81.80
79.07,79.07,60.65,74.28,82.01
78.56,78.56,69.90,73.61,78.67
80.16,80.16,81.14,68.54,80.11
80.25,80.25,78.67,61.65,81.95
82.81,82.81,72.04,61.15,80.94
83.60,83.60,78.22,57.38,79.97
83.85,83.85,73.55,59.10,79.46
81.43,81.43,67.56,63.30,77.15
79.18,79.18,65.88,65.45,77.15
78.88,78.88,63.16,64.46,80.75
81.29,81.29,62.01,60.37,80.29
80.48,80.48,68.79,60.75,79.73
79.22,79.22,81.59,63.79,79.88
80.55,80.55,86.89,73.58,77.18
83.86,83.86,77.29,71.10,78.61
80.67,80.67,80.15,74.81,80.30
83.38,83.38,82.10,77.49,79.42
84.15,84.15,74.36,76.38,76.88
77.88,77.88,73.44,76.05,78.53
79.83,79.83,69.16,76.68,78.29
82.75,82.75,66.39,77.94,77.68
82.96,82.96,69.52,78.14,77.94
78.66,78.66,64.46,78.46,77.58
81.33,81.33,73.08,79.10,78.21
84.64,84.64,68.45,78.90,78.81
86.85,86.85,68.12,79.14,77.65
85.26,85.26,63.97,80.34,77.68
82.07,82.07,57.91,80.01,78.57
84.35,84.35,56.03,78.19,79.84
88.24,88.24,57.19,77.66,77.52
88.42,88.42,56.10,77.56,79.19
86.78,86.78,58.64,77.91,76.06
84.56,84.56,65.51,78.41,77.26
86.06,86.06,66.62,78.12,79.55
86.08,86.08,65.13,77.76,81.26
82.03,82.03,60.71,76.65,78.70
76.05,76.05,57.59,76.19,79.86
82.31,82.31,53.76,77.90,80.89
83.85,83.85,51.04,78.57,79.61
84.95,84.95,51.73,79.02,78.41
86.19,86.19,58.43,78.10,82.13
85.15,85.15,67.36,77.47,82.06
83.80,83.80,76.98,77.84,81.83
83.93,83.93,79.47,76.45,79.77
83.57,83.57,75.92,73.17,83.02
83.58,83.58,71.32,73.36,79.17
83.65,83.65,79.55,75.80,81.68
82.56,82.56,73.02,77.80,79.93
83.90,83.90,68.40,76.88,79.32
82.78,82.78,66.02,75.86,79.87
83.67,83.67,63.47,75.00,76.79
84.98,84.98,65.84,72.91,76.01
84.99,84.99,62.52,69.02,74.19
78.34,78.34,71.44,78.31,75.31
72.88,72.88,85.07,79.19,75.75
75.04,75.04,82.21,78.98,78.65
74.07,74.07,74.05,76.27,77.84
75.94,75.94,73.08,75.38,79.01
72.12,72.12,77.62,77.49,78.05
84.61,84.61,73.16,78.31,78.65
84.49,84.49,66.21,80.20,75.37
83.04,83.04,70.48,79.65,75.19
84.41,84.41,67.08,77.99,74.17
85.94,85.94,62.35,79.60,74.81
84.84,84.84,65.93,81.40,76.21
85.54,85.54,67.69,80.59,77.05
86.30,86.30,63.88,79.25,75.65
86.89,86.89,60.32,78.10,74.90
86.20,86.20,60.02,79.26,74.23
85.65,85.65,54.25,78.00,75.73
85.71,85.71,50.91,78.95,77.00
86.27,86.27,52.85,79.28,76.90
85.13,85.13,55.00,79.44,76.32
84.79,84.79,59.18,79.02,74.89
86.03,86.03,67.45,78.56,72.97
86.60,86.60,67.06,79.27,74.15
86.98,86.98,65.54,77.87,73.74
86.54,86.54,60.51,77.66,73.38
86.67,86.67,56.24,78.41,76.34
86.23,86.23,52.26,79.37,75.85
85.67,85.67,50.15,78.67,77.37
85.45,85.45,53.56,78.13,76.74
85.87,85.87,56.12,78.43,76.47
85.38,85.38,75.85,81.13,77.93
83.12,83.12,79.38,78.51,79.32
83.28,83.28,74.76,75.75,80.39
84.66,84.66,73.06,74.21,77.80
84.36,84.36,77.43,75.35,79.58
83.46,83.46,72.42,77.24,77.34
85.32,85.32,68.40,78.41,76.43
86.68,86.68,62.89,78.14,76.36
83.62,83.62,58.68,79.02,77.14
82.29,82.29,61.85,77.13,75.28
86.10,86.10,67.87,72.55,73.40
85.65,85.65,69.28,65.91,72.47
86.76,86.76,84.73,67.25,72.84
85.86,85.86,83.22,64.49,68.71
85.62,85.62,77.00,70.21,75.26
86.82,86.82,78.61,76.35,73.89
87.63,87.63,80.90,76.43,72.67
88.18,88.18,77.16,76.43,72.61
88.09,88.09,68.67,77.08,74.08
86.71,86.71,67.81,79.35,74.47
84.72,84.72,64.22,79.53,71.96
82.42,82.42,65.57,78.16,71.68
81.94,81.94,71.51,78.83,77.71
81.12,81.12,69.27,81.28,77.11
82.07,82.07,68.21,81.75,72.53
81.12,81.12,67.94,82.03,77.77
78.96,78.96,56.47,81.41,75.49
75.86,75.86,55.66,80.16,77.18
75.24,75.24,55.18,78.69,75.45
75.12,75.12,54.58,78.92,73.42
72.33,72.33,52.21,79.05,71.52
70.44,70.44,54.41,79.63,66.12
76.76,76.76,59.94,80.01,72.02
74.92,74.92,62.82,79.08,71.30
74.10,74.10,60.19,78.02,69.80
71.62,71.62,56.59,78.97,66.88
77.61,77.61,53.84,77.59,69.41
72.96,72.96,49.28,70.22,73.94
78.39,78.39,47.81,59.97,72.03
78.70,78.70,54.55,53.34,71.42
76.87,76.87,65.43,52.11,69.08
79.44,79.44,79.68,66.52,69.90
80.61,80.61,75.58,67.72,74.45
77.57,77.57,68.48,76.83,73.06
75.23,75.23,77.73,74.84,72.28
72.95,72.95,77.36,74.24,73.83
71.47,71.47,75.32,75.69,76.13
73.90,73.90,70.48,73.15,75.54
78.38,78.38,68.27,72.93,73.13
77.41,77.41,58.37,65.58,70.04
78.04,78.04,60.38,57.79,76.58
79.05,79.05,65.55,54.38,79.55
79.27,79.27,72.48,61.18,81.25
85.49,85.49,85.73,72.26,80.63
87.08,87.08,77.22,76.51,79.61
85.90,85.90,76.94,76.08,80.96
85.14,85.14,75.16,75.37,82.24
85.80,85.80,74.10,76.23,80.88
85.29,85.29,72.15,74.55,82.48
84.56,84.56,68.53,73.69,80.42
84.01,84.01,70.50,74.70,80.68
83.17,83.17,63.48,75.07,79.54
82.09,82.09,63.26,72.09,79.83
80.25,80.25,66.55,77.42,80.20
81.15,81.15,65.80,77.83,79.20
80.43,80.43,61.42,76.60,77.80
80.10,80.10,61.61,74.14,75.63
81.92,81.92,63.14,77.17,75.79
82.79,82.79,61.37,78.58,77.98
82.44,82.44,58.95,74.56,74.78
83.30,83.30,57.15,78.54,75.41
83.53,83.53,56.48,77.93,75.70
83.62,83.62,59.24,77.14,77.77
83.86,83.86,64.56,77.37,76.47
82.62,82.62,65.03,77.49,75.22
83.63,83.63,63.94,79.86,77.66
84.04,84.04,62.35,77.94,76.14
83.57,83.57,61.16,79.68,76.13
83.77,83.77,60.35,78.46,76.02
82.69,82.69,59.17,77.40,75.52
82.98,82.98,60.27,79.63,75.35
81.71,81.71,63.51,79.09,75.20
80.23,80.23,77.78,81.21,73.72
80.31,80.31,81.11,79.21,73.62
79.82,79.82,76.41,78.55,74.49
75.41,75.41,73.05,79.88,77.47
75.20,75.20,75.44,78.85,75.89
75.39,75.39,74.09,78.51,75.81
75.39,75.39,68.70,77.91,76.63
67.81,67.81,64.64,77.40,77.87
65.55,65.55,61.96,78.39,75.80
66.49,66.49,62.03,71.13,76.49
68.35,68.35,66.74,63.64,75.10
80.61,80.61,79.07,64.00,77.60
83.26,83.26,84.09,64.60,75.84
81.57,81.57,80.11,74.03,76.28
85.21,85.21,75.07,76.54,76.07
85.54,85.54,81.17,78.28,78.92
82.55,82.55,75.74,79.47,81.70
81.67,81.67,69.72,79.06,81.28
81.36,81.36,71.61,79.49,80.97
83.25,83.25,66.02,79.44,79.46
82.64,82.64,67.81,78.32,79.80
83.05,83.05,70.47,78.80,78.21
83.30,83.30,69.09,79.31,77.34
83.19,83.19,69.58,79.76,77.96
83.22,83.22,67.53,80.73,78.54
83.25,83.25,59.29,81.25,78.18
83.40,83.40,58.82,80.70,79.93
84.19,84.19,52.91,79.12,78.62
85.12,85.12,58.76,78.46,73.84
85.47,85.47,54.66,78.29,74.18
85.68,85.68,58.14,78.17,74.90
85.40,85.40,63.49,79.43,74.76
87.07,87.07,65.17,80.80,78.17
87.48,87.48,62.30,80.62,79.02
88.44,88.44,58.81,79.56,76.76
86.85,86.85,54.89,77.84,76.88
85.93,85.93,53.21,77.18,76.44
82.07,82.07,49.58,75.92,77.66
84.68,84.68,48.03,74.20,77.75
87.03,87.03,51.70,74.30,74.56
87.14,87.14,69.94,72.50,73.40
85.24,85.24,80.31,73.20,73.80
76.13,76.13,78.02,68.66,73.76
74.20,74.20,72.83,70.15,76.09
73.20,73.20,74.18,73.86,76.31
72.72,72.72,78.13,77.00,76.34
72.14,72.14,75.14,70.77,76.11
71.96,71.96,64.61,67.91,76.12
73.15,73.15,68.21,71.06,76.88
72.15,72.15,61.03,70.22,77.54
72.62,72.62,59.05,64.43,76.20
71.44,71.44,69.77,58.29,78.56
72.42,72.42,80.01,64.96,76.40
79.51,79.51,84.88,73.29,77.76
83.61,83.61,79.05,74.22,79.30
84.21,84.21,78.76,73.69,79.74
87.05,87.05,76.52,74.17,80.19
86.03,86.03,70.97,69.81,80.46
85.16,85.16,67.84,70.05,79.62
86.88,86.88,68.18,73.45,80.90
87.19,87.19,64.60,74.62,80.70
85.22,85.22,64.69,77.10,79.39
84.75,84.75,57.89,78.33,80.76
84.99,84.99,66.65,77.99,78.64
85.79,85.79,64.33,75.58,79.00
84.12,84.12,56.31,74.75,77.58
83.10,83.10,54.03,76.76,77.45
84.28,84.28,55.56,76.98,76.26
85.60,85.60,53.82,78.23,73.60
85.00,85.00,55.00,79.16,72.23
84.09,84.09,55.10,77.92,73.74
83.74,83.74,56.92,77.29,75.25
84.30,84.30,62.99,78.55,75.79
84.48,84.48,67.66,78.80,80.01
84.38,84.38,67.94,77.36,78.54
83.72,83.72,62.35,79.15,77.36
82.83,82.83,59.53,73.90,78.86
84.06,84.06,57.31,67.00,79.52
85.11,85.11,53.98,52.29,78.30
84.55,84.55,52.74,43.57,77.33
84.99,84.99,61.03,44.22,77.73
85.95,85.95,64.90,54.31,75.34
85.52,85.52,83.94,64.95,79.73
86.41,86.41,77.65,59.76,79.13
85.64,85.64,75.26,65.10,80.25
85.04,85.04,70.89,73.17,78.83
85.50,85.50,76.52,76.15,79.01
85.31,85.31,67.95,73.76,81.28
84.42,84.42,64.59,73.65,80.19
86.04,86.04,60.47,75.98,79.13
86.50,86.50,60.06,75.66,78.64
86.95,86.95,61.09,73.00,78.39
87.33,87.33,64.66,74.23,78.07
86.44,86.44,78.88,71.05,76.61
86.04,86.04,88.58,70.96,75.50
84.78,84.78,78.93,61.73,75.96
83.46,83.46,76.06,72.23,78.26
83.75,83.75,79.82,77.85,78.52
84.40,84.40,75.78,77.29,78.87
86.97,86.97,73.85,76.70,79.06
86.57,86.57,69.13,75.65,77.30
85.15,85.15,70.52,72.48,77.81
85.31,85.31,64.13,75.26,78.73
85.00,85.00,62.47,72.54,76.91
85.95,85.95,65.08,73.44,79.09
85.69,85.69,66.12,73.97,81.54
86.23,86.23,64.84,76.59,80.79
86.14,86.14,62.81,75.72,78.34
86.14,86.14,58.95,75.89,80.36
85.17,85.17,55.13,75.22,78.89
84.68,84.68,55.67,78.88,77.88
85.00,85.00,51.03,77.23,77.82
83.94,83.94,52.50,77.63,76.02
82.68,82.68,56.88,71.07,77.48
84.31,84.31,61.83,74.02,77.27
84.51,84.51,61.03,77.90,77.40
86.15,86.15,58.81,81.61,78.43
86.52,86.52,56.14,81.19,77.06
86.07,86.07,55.86,81.06,77.90
86.09,86.09,54.01,80.26,77.66
86.48,86.48,53.90,79.78,76.88
85.49,85.49,61.63,80.23,76.04
84.77,84.77,74.58,76.82,75.28
83.56,83.56,77.61,68.52,74.19
85.34,85.34,74.03,69.05,75.79
85.33,85.33,68.84,77.04,75.17
86.87,86.87,74.76,79.59,76.79
86.51,86.51,73.02,79.66,76.12
86.12,86.12,62.47,77.24,77.95
86.48,86.48,65.66,73.89,76.34
83.29,83.29,61.82,69.23,79.17
81.24,81.24,54.58,65.02,77.45
84.06,84.06,59.60,62.46,76.99
84.87,84.87,65.04,59.08,76.52
85.04,85.04,81.62,64.79,76.01
85.15,85.15,84.93,72.21,75.57
84.33,84.33,79.68,71.22,80.97
85.51,85.51,78.99,73.94,81.64
78.35,78.35,79.55,77.59,81.57
81.77,81.77,74.44,77.08,81.52
82.17,82.17,71.21,74.53,80.36
83.68,83.68,71.09,75.50,79.29
84.95,84.95,68.61,76.11,79.67
84.42,84.42,66.68,75.41,78.24
83.56,83.56,63.65,76.74,79.67
82.57,82.57,68.01,78.89,79.26
81.59,81.59,61.39,79.75,79.63
81.22,81.22,58.33,77.86,78.81
81.87,81.87,56.98,77.50,78.79
79.77,79.77,53.81,77.83,76.91
80.26,80.26,48.11,77.71,76.32
80.07,80.07,49.92,75.91,76.07
81.06,81.06,49.33,75.95,78.13
81.77,81.77,50.45,76.65,76.12
82.81,82.81,57.55,76.89,75.73
82.98,82.98,62.43,74.96,75.61
82.14,82.14,60.85,76.39,74.92
80.72,80.72,56.58,74.50,75.61
82.07,82.07,53.22,72.93,75.96
81.56,81.56,52.06,73.22,74.92
81.91,81.91,53.16,73.21,74.47
82.76,82.76,51.39,73.59,74.81
83.14,83.14,57.58,73.22,75.45
83.16,83.16,71.29,72.18,73.35
84.99,84.99,81.97,67.84,74.89
80.87,80.87,77.04,65.54,76.82
77.15,77.15,73.35,60.14,76.04
76.70,76.70,78.06,70.48,76.24
77.14,77.14,75.07,63.67,77.06
78.75,78.75,69.79,57.23,78.24
80.16,80.16,63.46,44.28,76.45
83.00,83.00,67.73,47.94,75.44
85.67,85.67,59.27,40.01,77.80
84.75,84.75,64.93,39.61,75.57
84.52,84.52,69.21,48.58,77.17
83.99,83.99,87.07,64.50,76.13
85.87,85.87,84.20,73.26,73.83
86.84,86.84,77.71,72.73,73.32
86.21,86.21,75.25,74.45,76.07
85.66,85.66,77.55,75.27,76.73
84.63,84.63,75.77,76.25,77.64
82.71,82.71,72.30,77.52,73.61
81.81,81.81,69.02,76.37,77.19
82.83,82.83,66.80,77.45,77.82
83.92,83.92,63.68,77.47,76.42
84.03,84.03,66.34,78.97,77.19
83.80,83.80,66.83,79.21,77.73
82.85,82.85,65.80,78.63,79.28
83.45,83.45,61.24,75.21,77.74
84.71,84.71,57.39,77.21,77.11
83.38,83.38,54.88,77.41,76.73
82.35,82.35,55.78,77.97,77.15
82.16,82.16,54.09,77.43,77.27
81.30,81.30,52.99,76.51,77.27
81.43,81.43,59.83,78.05,78.09
83.49,83.49,62.38,77.98,79.79
84.55,84.55,64.12,78.24,79.24
85.29,85.29,60.72,77.13,80.25
83.72,83.72,55.87,77.86,78.31
83.19,83.19,53.66,75.66,78.65
84.07,84.07,51.03,75.08,79.43
83.84,83.84,49.15,77.31,76.13
84.61,84.61,59.83,77.16,78.29
84.09,84.09,68.19,73.72,76.37
83.01,83.01,81.32,74.07,77.75
83.33,83.33,83.56,73.11,73.24
83.92,83.92,81.31,73.23,74.91
83.68,83.68,74.75,75.95,72.64
84.06,84.06,79.22,74.65,73.18
83.70,83.70,76.43,75.06,73.83
86.35,86.35,68.42,69.41,75.28
87.08,87.08,72.69,65.19,74.76
86.80,86.80,71.88,57.83,76.49
88.30,88.30,69.34,55.55,72.43
86.93,86.93,70.82,40.78,74.04
85.99,85.99,74.82,54.63,77.11
85.55,85.55,80.99,72.33,78.68
84.22,84.22,81.00,74.46,78.17
82.93,82.93,76.36,74.12,77.32
83.85,83.85,71.48,77.08,75.05
82.66,82.66,77.87,78.27,78.20
83.60,83.60,73.57,77.05,77.62
85.65,85.65,69.77,76.07,76.42
84.40,84.40,64.17,75.97,78.63
81.87,81.87,66.11,76.67,77.41
83.02,83.02,64.73,79.23,78.66
82.46,82.46,68.11,78.03,77.87
81.73,81.73,61.67,74.01,77.48
82.46,82.46,59.18,76.90,75.89
83.37,83.37,62.71,78.81,74.76
82.35,82.35,57.27,76.82,75.23
83.19,83.19,55.53,74.30,74.89
83.14,83.14,55.90,75.29,75.45
81.98,81.98,50.50,75.68,73.68
83.48,83.48,54.83,76.67,75.89
83.78,83.78,56.61,76.73,75.69
85.23,85.23,59.95,75.90,75.38
84.76,84.76,64.41,75.83,78.42
85.84,85.84,62.67,76.53,75.14
85.42,85.42,59.43,77.51,78.91
84.87,84.87,56.53,77.66,77.81
85.71,85.71,53.91,74.83,77.99
84.97,84.97,52.27,77.37,78.59
84.44,84.44,53.45,77.87,80.89
85.93,85.93,61.98,77.09,77.97
85.23,85.23,72.66,69.69,76.28
85.07,85.07,78.57,71.74,77.44
84.03,84.03,74.40,72.38,75.93
83.93,83.93,69.03,71.05,79.13
84.74,84.74,75.44,81.77,78.84
85.59,85.59,71.31,77.49,75.35
80.15,80.15,66.44,75.64,77.44
67.91,67.91,66.35,78.01,76.23
63.63,63.63,65.72,75.05,75.76
64.16,64.16,66.66,81.17,76.75
63.43,63.43,71.02,78.71,76.35
57.82,57.82,75.85,76.10,78.04
72.04,72.04,81.32,79.71,78.04
81.90,81.90,80.73,77.76,76.49
82.08,82.08,75.78,75.97,77.20
82.98,82.98,72.37,71.90,78.83
82.52,82.52,70.27,69.55,76.88
80.48,80.48,72.69,74.79,79.36
82.32,82.32,70.10,76.11,78.13
81.73,81.73,66.23,74.11,78.62
81.00,81.00,60.04,71.43,77.31
82.50,82.50,62.69,74.71,78.87
82.97,82.97,64.84,78.10,77.96
80.65,80.65,68.99,78.05,79.34
81.50,81.50,65.25,74.21,79.65
81.96,81.96,59.20,75.21,81.67
83.33,83.33,59.12,74.99,81.16
83.98,83.98,61.03,75.18,79.94
80.68,80.68,54.53,77.93,83.33
84.22,84.22,51.44,72.02,76.25
83.60,83.60,51.71,78.83,78.14
80.49,80.49,50.57,80.76,76.71
79.15,79.15,55.72,81.83,75.49
75.72,75.72,58.21,79.40,77.97
61.49,61.49,56.62,81.70,78.51
59.54,59.54,52.42,79.30,76.65
57.28,57.28,49.49,78.09,78.42
57.50,57.50,47.20,78.94,76.86
56.52,56.52,48.33,77.73,77.52
55.69,55.69,55.02,77.18,78.12
56.95,56.95,67.77,73.13,79.38
55.65,55.65,76.67,71.21,77.20
55.24,55.24,78.82,68.73,77.90
56.04,56.04,73.89,71.79,78.18
55.36,55.36,76.92,67.51,80.24
58.33,58.33,77.06,70.12,83.78
59.53,59.53,72.42,69.62,84.18
63.17,63.17,66.26,72.08,83.32
66.53,66.53,61.30,73.77,81.72
62.62,62.62,62.56,73.04,80.17
60.06,60.06,63.37,74.82,81.73
62.72,62.72,68.10,72.88,80.08
66.12,66.12,69.44,70.86,81.70
70.34,70.34,87.20,69.70,80.33
80.96,80.96,81.80,76.03,81.68
82.31,82.31,76.51,77.01,83.99
84.08,84.08,76.55,78.47,81.24
82.56,82.56,75.94,77.58,79.50
81.65,81.65,73.69,73.61,81.14
82.03,82.03,72.17,73.53,79.31
83.63,83.63,69.44,75.01,82.20
84.36,84.36,69.60,77.22,82.05
82.08,82.08,64.86,76.15,79.04
81.29,81.29,69.49,77.21,83.05
81.04,81.04,74.24,77.25,85.17
82.03,82.03,71.13,77.70,80.76
81.36,81.36,58.90,77.10,81.33
80.88,80.88,62.20,73.11,76.16
79.09,79.09,55.54,78.67,79.97
80.84,80.84,53.80,77.81,78.22
80.52,80.52,59.12,76.78,79.07
81.48,81.48,57.09,78.13,76.59
81.40,81.40,54.47,77.15,74.50
82.31,82.31,62.31,77.04,77.60
81.79,81.79,61.72,66.73,75.14
81.58,81.58,63.69,62.40,79.18
81.29,81.29,59.22,56.22,78.33
81.42,81.42,56.96,49.10,75.32
79.78,79.78,52.50,52.34,75.55
79.84,79.84,54.77,51.66,74.31
81.08,81.08,55.98,41.53,74.86
78.91,78.91,66.95,48.29,76.48
78.00,78.00,72.36,51.31,74.69
78.85,78.85,83.25,52.34,71.94
78.34,78.34,83.35,59.22,76.52
77.06,77.06,73.73,57.39,76.37
79.29,79.29,80.20,56.90,78.18
78.88,78.88,76.21,58.98,78.92
79.70,79.70,68.00,53.14,77.05
76.90,76.90,67.09,46.75,76.18
79.29,79.29,67.27,38.50,74.60
81.48,81.48,63.87,46.65,75.60
80.41,80.41,69.64,53.33,74.18
80.28,80.28,74.28,61.78,75.24
78.77,78.77,84.13,69.53,74.07
82.43,82.43,81.06,70.81,71.95
84.34,84.34,80.54,73.62,71.51
86.07,86.07,79.50,75.08,73.18
85.60,85.60,72.59,77.17,72.13
84.64,84.64,69.60,77.20,73.82
84.14,84.14,73.16,77.64,75.89
84.55,84.55,70.81,78.12,72.92
84.26,84.26,64.70,77.42,73.21
84.25,84.25,66.07,77.45,75.09
84.85,84.85,67.37,77.46,75.68
86.15,86.15,64.77,78.09,71.75
85.63,85.63,63.54,79.46,72.83
84.80,84.80,60.54,77.83,72.75
84.63,84.63,60.23,78.18,71.90
84.52,84.52,55.42,76.78,74.09
85.24,85.24,55.72,77.89,73.96
84.10,84.10,54.23,76.77,71.55
84.49,84.49,56.01,76.78,70.09
83.63,83.63,63.15,76.72,75.86
84.81,84.81,63.61,79.29,77.32
85.18,85.18,62.72,78.51,77.62
86.11,86.11,60.03,71.11,74.25
85.47,85.47,57.49,65.78,75.62
84.69,84.69,56.21,61.51,75.92
84.85,84.85,53.03,51.22,74.49
83.63,83.63,53.45,50.54,74.93
82.12,82.12,55.51,37.63,71.53
81.73,81.73,63.42,33.07,72.88
81.62,81.62,76.84,41.79,73.05
80.49,80.49,81.69,51.98,74.41
79.20,79.20,79.19,58.32,72.21
79.99,79.99,72.59,53.57,73.02
81.50,81.50,79.44,58.09,72.50
83.29,83.29,71.06,56.01,72.20
85.43,85.43,66.68,51.56,73.36
85.07,85.07,63.92,43.79,70.22
84.74,84.74,64.90,40.45,69.37
85.35,85.35,61.96,46.35,67.79
83.87,83.87,72.18,51.06,69.67
85.65,85.65,72.01,52.93,67.99
85.78,85.78,84.20,71.22,70.67
84.88,84.88,80.87,74.86,72.94
83.16,83.16,74.94,72.01,73.02
86.15,86.15,75.36,77.31,75.29
86.46,86.46,76.42,76.68,74.94
84.66,84.66,75.23,71.07,75.18
86.04,86.04,68.74,77.11,73.81
87.03,87.03,68.59,78.15,72.99
87.17,87.17,67.12,80.63,73.45
86.45,86.45,64.62,77.99,74.55
86.45,86.45,64.67,77.59,71.20
86.67,86.67,71.67,76.29,74.48
85.09,85.09,64.04,74.09,74.02
87.53,87.53,65.06,78.14,72.08
86.47,86.47,64.81,78.11,72.75
86.46,86.46,61.00,78.52,71.80
85.90,85.90,51.29,78.61,75.32
84.65,84.65,52.77,80.71,71.65
83.11,83.11,52.98,79.84,71.19
84.80,84.80,58.87,78.89,70.67
86.56,86.56,65.09,76.89,74.02
88.14,88.14,66.15,63.33,80.49
86.57,86.57,62.27,58.39,82.68
83.74,83.74,58.68,49.85,82.30
84.80,84.80,56.51,51.12,81.40
85.81,85.81,53.12,46.59,79.79
85.60,85.60,55.78,43.65,78.47
86.69,86.69,61.41,41.62,78.81
85.71,85.71,62.07,33.98,75.59
87.56,87.56,74.11,28.03,75.91
86.67,86.67,78.19,25.60,76.09
83.67,83.67,81.43,29.35,75.10
74.68,74.68,75.81,32.59,77.84
74.14,74.14,78.87,38.14,75.69
73.00,73.00,74.21,35.47,75.76
72.31,72.31,69.76,34.91,73.95
72.55,72.55,65.79,29.51,76.64
71.39,71.39,62.40,38.10,76.95
72.33,72.33,65.03,41.38,74.55
71.82,71.82,68.61,44.83,73.78
71.30,71.30,73.67,51.06,73.49
69.68,69.68,87.50,71.41,77.40
74.86,74.86,85.12,72.46,79.37
80.55,80.55,80.77,73.22,78.88
81.03,81.03,82.88,77.17,76.87
79.91,79.91,77.11,78.08,77.43
84.46,84.46,74.81,78.59,76.03
84.65,84.65,76.52,79.29,77.46
84.30,84.30,67.17,78.48,76.79
84.84,84.84,67.33,78.43,75.69
84.59,84.59,70.78,78.43,75.20
84.15,84.15,67.94,77.35,75.35
84.79,84.79,71.20,78.76,74.25
83.78,83.78,67.46,79.43,77.17
82.89,82.89,59.99,78.77,76.40
84.18,84.18,59.26,78.41,74.49
84.55,84.55,59.93,78.60,74.93
85.48,85.48,54.10,78.30,81.57
85.99,85.99,51.93,78.47,80.05
84.13,84.13,56.18,78.78,76.62
83.85,83.85,57.60,75.96,75.89
83.92,83.92,62.27,76.94,77.95
84.31,84.31,61.53,75.37,76.31
82.56,82.56,54.32,81.77,74.97
83.38,83.38,52.75,81.72,78.06
84.58,84.58,54.10,80.75,76.50
84.09,84.09,59.65,80.25,77.03
85.31,85.31,62.15,80.91,76.36
86.72,86.72,62.14,79.04,75.32
86.88,86.88,69.68,77.75,75.63
84.11,84.11,82.35,77.97,79.12
84.01,84.01,79.68,75.44,75.19
85.43,85.43,76.54,75.41,73.05
84.48,84.48,76.00,76.91,76.52
85.91,85.91,74.30,75.65,75.51
87.66,87.66,74.22,76.30,74.04
85.43,85.43,69.54,77.75,76.21
87.77,87.77,66.28,77.62,75.54
87.55,87.55,61.18,77.56,76.45
82.96,82.96,69.34,76.25,74.46
83.29,83.29,73.28,69.15,74.81
83.21,83.21,73.40,60.82,74.49
80.58,80.58,87.61,72.63,71.31
85.98,85.98,80.00,70.95,73.81
85.86,85.86,75.09,69.02,76.50
85.39,85.39,77.69,74.34,75.03
86.57,86.57,75.16,75.13,75.39
85.16,85.16,72.77,74.97,76.21
84.50,84.50,69.35,74.99,74.76
86.95,86.95,68.68,76.51,75.56
82.54,82.54,68.89,76.11,76.06
82.40,82.40,66.82,77.15,75.73
81.58,81.58,67.08,75.30,77.46
79.62,79.62,69.13,76.53,79.14
77.47,77.47,64.06,76.61,80.04
78.26,78.26,62.99,77.98,81.24
79.11,79.11,64.63,79.24,81.21
77.77,77.77,61.27,75.44,80.43
78.83,78.83,58.10,79.80,79.52
79.20,79.20,57.15,78.85,77.12
80.27,80.27,59.00,76.75,79.41
79.75,79.75,63.03,78.99,78.45
81.95,81.95,68.61,78.62,78.07
82.11,82.11,68.76,66.27,78.68
81.31,81.31,66.46,62.33,76.52
82.30,82.30,67.00,46.39,80.44
82.39,82.39,61.23,41.68,77.84
82.81,82.81,60.92,47.09,78.84
83.07,83.07,61.86,37.42,77.71
84.24,84.24,60.18,38.63,76.64
82.58,82.58,63.86,43.59,77.36
82.24,82.24,82.15,50.51,77.86
82.79,82.79,79.09,52.45,80.30
82.39,82.39,77.85,45.51,82.55
83.37,83.37,76.32,42.10,81.61
83.73,83.73,78.76,46.02,82.60
83.43,83.43,73.19,47.10,80.05
81.71,81.71,68.91,42.81,81.75
82.96,82.96,66.74,44.63,80.28
83.08,83.08,64.90,42.49,81.44
82.49,82.49,64.15,47.34,82.30
82.31,82.31,69.31,55.65,80.69
83.12,83.12,81.11,66.46,80.71
71.04,71.04,82.81,70.12,81.35
81.74,81.74,76.26,70.44,78.88
83.60,83.60,77.50,76.17,78.13
81.15,81.15,77.88,79.61,78.91
81.24,81.24,74.58,80.85,79.28
80.42,80.42,72.98,81.62,78.34
80.23,80.23,76.45,81.82,79.35
80.45,80.45,73.48,81.01,80.16
78.22,78.22,70.76,81.75,79.78
79.12,79.12,72.66,82.19,80.83
79.66,79.66,71.70,81.41,78.63
80.68,80.68,66.72,80.85,79.04
77.87,77.87,73.09,80.87,81.88
76.89,76.89,67.38,80.52,79.76
78.28,78.28,65.40,80.64,80.95
78.70,78.70,68.79,80.32,80.18
77.96,77.96,63.22,79.44,81.90
76.23,76.23,66.61,79.66,78.66
76.99,76.99,67.86,79.95,82.99
79.00,79.00,66.46,80.10,80.62
81.48,81.48,64.86,77.49,81.38
81.22,81.22,65.37,75.35,78.93
77.59,77.59,64.43,69.96,81.43
78.44,78.44,63.84,66.16,81.04
78.31,78.31,64.69,60.09,81.63
79.15,79.15,66.03,59.44,81.63
79.79,79.79,67.06,58.40,81.24
81.43,81.43,62.91,53.32,82.81
81.97,81.97,77.36,56.45,80.74
80.73,80.73,83.00,58.35,82.97
78.62,78.62,80.23,55.00,82.58
77.03,77.03,74.55,54.05,82.50
76.10,76.10,76.86,61.78,81.51
75.28,75.28,76.48,62.74,79.82
76.89,76.89,73.77,57.52,80.51
79.00,79.00,71.11,53.89,82.07
78.79,78.79,66.19,46.43,83.19
77.88,77.88,67.76,47.93,81.02
80.28,80.28,71.98,57.28,84.33
83.42,83.42,71.32,66.35,80.28
85.83,85.83,78.96,73.31,82.05
82.74,82.74,83.67,72.49,79.62
82.37,82.37,79.44,69.64,79.52
82.66,82.66,74.58,71.92,81.12
79.60,79.60,66.06,73.72,81.08
83.86,83.86,61.24,73.55,79.42
83.13,83.13,59.93,73.98,79.75
85.17,85.17,57.63,76.77,81.70
85.11,85.11,57.61,74.01,80.79
84.86,84.86,57.76,75.93,80.29
84.46,84.46,56.06,76.98,78.84
86.18,86.18,51.25,74.71,77.37
85.86,85.86,54.78,70.90,77.53
85.52,85.52,56.11,60.06,76.11
86.16,86.16,54.89,48.84,72.59
86.16,86.16,50.85,43.95,72.37
86.68,86.68,50.31,39.99,74.58
86.76,86.76,46.96,39.94,71.48
87.15,87.15,53.10,33.02,71.77
87.22,87.22,46.94,27.76,71.92
86.71,86.71,47.49,29.57,72.23
85.85,85.85,46.51,30.36,70.43
85.48,85.48,45.42,16.48,68.95
85.45,85.45,45.97,12.36,66.93
85.63,85.63,42.54,11.03,67.55
85.55,85.55,43.74,21.30,66.65
84.73,84.73,40.31,10.27,66.69
84.82,84.82,40.19,11.61,66.01
84.60,84.60,42.28,12.17,66.60
84.66,84.66,38.79,9.21,65.06
84.93,84.93,40.49,14.44,65.05
84.79,84.79,40.01,14.77,62.52
83.59,83.59,38.54,17.32,62.84
84.00,84.00,42.21,18.97,63.30
83.87,83.87,40.81,19.25,61.26
83.38,83.38,44.70,23.80,62.01
83.34,83.34,42.83,22.17,61.47
83.60,83.60,44.65,23.48,61.44
84.36,84.36,43.84,21.04,61.62
85.41,85.41,41.26,22.03,62.85
87.39,87.39,38.74,18.86,61.37
86.12,86.12,36.45,12.41,59.63
80.87,80.87,41.84,8.36,61.97
72.88,72.88,41.05,9.66,62.08
78.08,78.08,36.41,8.69,60.55
81.75,81.75,41.77,14.41,58.27
85.00,85.00,43.42,18.42,56.60
85.97,85.97,41.61,17.32,56.57
83.74,83.74,37.79,16.12,55.09
83.34,83.34,34.16,10.37,56.25
82.12,82.12,34.54,13.83,55.30
82.89,82.89,43.32,17.00,53.81
81.34,81.34,39.12,15.44,53.83
82.51,82.51,38.41,13.54,51.12
82.86,82.86,45.19,5.79,51.12
83.31,83.31,40.61,13.72,50.30
82.88,82.88,39.74,11.16,49.70
81.91,81.91,41.22,11.38,51.73
82.11,82.11,45.72,10.22,51.87
81.13,81.13,44.51,10.24,52.32
81.26,81.26,46.59,8.90,51.39
81.98,81.98,46.20,11.70,49.86
81.35,81.35,45.60,13.66,49.10
82.27,82.27,43.50,19.14,46.29
82.50,82.50,47.67,19.96,45.90
81.69,81.69,43.97,20.54,48.39
81.89,81.89,40.43,18.11,49.38
81.14,81.14,40.20,20.99,51.95
82.01,82.01,42.96,18.44,51.22
80.79,80.79,41.66,8.50,52.09
80.70,80.70,42.73,9.85,56.09
80.51,80.51,41.61,6.62,60.54
81.06,81.06,46.83,1.54,72.05
81.65,81.65,45.16,0.08,82.09
83.64,83.64,41.92,3.25,77.62
83.97,83.97,40.22,8.28,79.42
83.36,83.36,37.77,13.06,78.84
84.00,84.00,34.91,15.78,78.51
84.17,84.17,37.17,19.97,78.94
84.03,84.03,42.96,27.91,76.13
81.69,81.69,55.32,35.58,76.91
80.48,80.48,61.76,48.12,76.12
78.44,78.44,81.06,63.82,77.41
79.60,79.60,86.91,69.21,75.23
79.58,79.58,83.66,73.67,72.99
84.21,84.21,74.14,76.77,75.02
86.42,86.42,82.42,79.56,70.74
87.28,87.28,75.46,77.63,71.66
84.15,84.15,73.24,74.58,69.75
84.01,84.01,71.20,76.96,68.45
83.75,83.75,71.32,77.35,68.69
83.51,83.51,65.33,78.14,67.49
83.35,83.35,64.97,77.20,70.44
82.41,82.41,67.14,78.67,79.29
81.87,81.87,67.00,77.09,80.36
82.72,82.72,66.10,78.09,76.38
82.82,82.82,62.28,78.92,78.78
82.61,82.61,60.16,76.99,78.88
82.21,82.21,62.78,76.50,76.21
83.36,83.36,59.42,78.45,74.32
83.39,83.39,59.42,79.44,64.51
82.03,82.03,60.76,76.21,69.61
80.92,80.92,59.35,75.48,70.13
77.12,77.12,65.53,80.46,71.00
63.28,63.28,62.80,79.01,70.33
61.75,61.75,62.71,76.80,69.53
61.64,61.64,63.02,79.95,64.55
59.15,59.15,59.94,79.13,63.30
62.62,62.62,58.62,77.99,60.38
60.39,60.39,55.21,79.32,62.30
66.57,66.57,60.26,79.06,64.88
76.49,76.49,71.25,79.20,65.52
79.75,79.75,83.22,78.58,69.47
82.06,82.06,77.71,78.85,77.65
78.24,78.24,73.02,75.80,77.62
78.76,78.76,78.28,77.28,77.22
78.34,78.34,74.80,77.95,76.56
79.04,79.04,68.85,76.85,73.74
78.68,78.68,65.08,75.50,72.29
80.62,80.62,64.52,77.27,72.84
80.61,80.61,66.37,76.65,71.40
82.05,82.05,73.82,71.69,70.63
83.32,83.32,82.76,72.85,70.77
75.22,75.22,84.77,68.76,76.90
69.92,69.92,83.78,71.96,72.36
72.87,72.87,83.66,79.22,79.21
72.50,72.50,82.47,82.97,79.31
72.12,72.12,78.54,82.87,79.48
71.77,71.77,73.23,81.08,79.53
70.59,70.59,70.43,80.03,78.08
68.21,68.21,71.05,80.72,78.94
67.11,67.11,66.83,80.44,79.69
64.90,64.90,68.16,82.58,77.15
65.35,65.35,72.45,80.21,80.75
65.02,65.02,69.12,79.25,78.91
64.05,64.05,70.31,78.65,76.87
62.60,62.60,64.45,80.14,76.96
62.67,62.67,55.09,80.95,78.90
61.75,61.75,52.55,81.28,75.68
61.42,61.42,57.59,80.35,76.85
64.36,64.36,53.82,79.35,77.65
67.96,67.96,53.11,80.82,75.37
81.15,81.15,66.49,79.02,76.42
83.80,83.80,65.95,80.85,78.49
82.03,82.03,64.55,77.83,80.17
81.64,81.64,62.17,75.13,81.19
82.89,82.89,58.50,76.01,79.00
82.60,82.60,55.76,80.60,77.90
81.89,81.89,53.45,80.35,75.83
78.76,78.76,46.62,66.89,73.69
80.66,80.66,55.85,61.40,68.94
82.34,82.34,58.58,50.92,69.03
83.03,83.03,68.75,51.40,66.02
82.63,82.63,81.20,55.54,59.29
81.45,81.45,80.76,56.99,63.33
81.48,81.48,76.35,66.33,57.62
81.25,81.25,80.26,67.04,61.49
82.57,82.57,76.12,66.61,60.24
81.58,81.58,67.03,58.89,61.92
82.49,82.49,69.30,46.47,62.37
81.56,81.56,65.44,45.40,63.28
83.48,83.48,63.49,35.13,59.84
80.55,80.55,63.76,32.47,59.65
84.51,84.51,65.93,46.30,60.19
78.16,78.16,85.66,61.16,74.45
81.38,81.38,83.65,63.20,77.05
78.21,78.21,82.14,69.66,77.52
77.83,77.83,76.02,72.14,76.90
79.63,79.63,81.83,72.11,80.04
78.70,78.70,78.40,72.73,78.26
73.21,73.21,72.85,73.93,77.16
75.64,75.64,67.62,75.09,76.83
72.90,72.90,68.30,76.18,76.57
72.25,72.25,69.56,74.08,77.03
77.93,77.93,71.52,72.08,76.21
83.78,83.78,68.04,70.72,77.72
84.90,84.90,68.06,70.20,79.17
84.81,84.81,68.25,71.93,77.05
84.31,84.31,56.97,71.62,78.34
84.85,84.85,55.36,69.03,77.91
84.63,84.63,55.09,67.91,75.51
84.39,84.39,59.31,67.43,77.20
84.54,84.54,56.97,68.69,77.36
83.16,83.16,57.43,69.82,76.50
79.91,79.91,68.16,68.71,75.27
72.46,72.46,68.74,63.34,73.03
70.38,70.38,67.06,59.59,73.95
66.16,66.16,62.42,59.91,73.65
61.30,61.30,60.60,59.16,74.88
60.31,60.31,57.89,53.39,73.83
61.24,61.24,57.15,46.87,74.09
60.72,60.72,57.66,41.88,73.98
61.92,61.92,59.10,30.64,74.40
60.58,60.58,69.89,31.38,73.21
59.47,59.47,83.50,39.35,75.61
62.12,62.12,82.20,43.81,78.75
56.94,56.94,72.68,40.82,78.91
55.74,55.74,80.91,33.00,77.13
55.81,55.81,76.45,22.65,74.36
55.46,55.46,68.24,23.36,73.09
61.03,61.03,64.76,23.93,71.13
64.95,64.95,64.09,21.46,65.94
78.97,78.97,65.96,36.09,64.11
85.29,85.29,63.73,43.98,60.18
83.64,83.64,66.58,55.67,63.82
79.44,79.44,85.50,74.14,70.43
80.97,80.97,81.20,76.31,72.46
83.51,83.51,83.69,78.34,69.79
83.68,83.68,77.21,77.16,74.14
75.93,75.93,80.58,75.92,75.95
74.13,74.13,75.86,77.05,74.16
72.23,72.23,74.60,79.80,70.42
73.18,73.18,69.68,79.94,74.10
72.88,72.88,64.79,79.80,70.97
71.87,71.87,66.55,80.58,73.63
72.22,72.22,70.93,77.50,74.23
71.42,71.42,71.31,79.36,77.00
72.31,72.31,69.76,76.55,80.50
72.22,72.22,68.36,78.36,82.35
72.76,72.76,60.81,78.25,80.02
66.76,66.76,56.10,78.61,81.46
59.81,59.81,58.07,78.17,78.99
60.97,60.97,57.81,77.25,78.46
69.45,69.45,54.32,78.16,74.16
76.79,76.79,53.58,77.60,76.97
82.50,82.50,59.36,78.93,66.95
86.67,86.67,60.25,74.43,66.10
86.30,86.30,57.44,72.39,65.35
83.91,83.91,54.18,75.03,65.98
83.50,83.50,51.91,78.87,65.88
80.98,80.98,49.05,78.26,59.92
69.84,69.84,48.93,76.99,67.93
64.83,64.83,58.88,77.56,63.60
63.19,63.19,69.08,72.97,62.32
56.20,56.20,79.34,66.97,68.22
59.55,59.55,81.70,67.68,71.28
57.91,57.91,75.66,73.62,71.01
62.84,62.84,77.04,76.80,77.11
59.30,59.30,79.09,79.57,76.17
61.00,61.00,72.44,77.90,76.20
56.82,56.82,68.86,71.16,74.17
58.83,58.83,60.35,62.58,71.16
60.97,60.97,54.09,64.20,72.00
66.82,66.82,65.03,57.72,68.27
76.94,76.94,70.78,70.86,68.85
83.55,83.55,80.59,79.03,71.52
85.91,85.91,87.71,79.97,74.49
84.12,84.12,83.62,79.73,74.31
84.67,84.67,78.46,79.66,74.51
84.81,84.81,77.21,81.87,72.78
84.89,84.89,81.54,82.25,73.30
85.57,85.57,74.15,81.38,72.02
86.22,86.22,73.57,80.31,69.58
86.17,86.17,73.98,81.14,72.22
85.23,85.23,65.96,79.75,70.32
86.09,86.09,67.00,80.68,72.34
84.76,84.76,68.82,80.03,76.29
85.32,85.32,69.90,81.56,81.18
85.21,85.21,67.68,79.99,75.12
85.38,85.38,64.11,78.61,81.31
85.65,85.65,62.71,80.16,79.11
84.86,84.86,58.24,80.32,79.58
84.67,84.67,57.44,79.42,76.25
84.33,84.33,56.70,79.26,78.66
84.47,84.47,56.58,80.56,78.54
83.56,83.56,59.24,79.13,76.93
82.10,82.10,62.68,77.73,74.03
82.14,82.14,62.03,76.75,76.56
82.21,82.21,59.31,79.84,76.95
82.28,82.28,56.78,76.89,77.21
83.22,83.22,54.96,77.73,75.17
83.91,83.91,51.93,78.18,72.09
84.82,84.82,54.31,78.73,69.09
84.28,84.28,55.69,76.29,68.97
84.01,84.01,63.46,75.58,69.95
83.28,83.28,77.49,74.05,70.52
82.82,82.82,80.79,73.67,70.71
81.07,81.07,79.94,75.52,79.51
81.39,81.39,73.37,79.32,81.25
81.88,81.88,77.73,79.62,83.13
82.47,82.47,76.37,78.55,80.95
82.58,82.58,66.20,76.52,77.35
81.99,81.99,69.93,73.60,77.39
82.42,82.42,66.68,68.71,77.08
80.77,80.77,66.50,65.82,76.58
79.82,79.82,64.50,59.82,76.15
80.70,80.70,77.58,64.40,77.02
79.75,79.75,86.36,75.46,73.32
74.23,74.23,80.29,75.88,76.70
70.00,70.00,76.90,77.90,76.77
70.55,70.55,78.69,76.80,77.63
59.08,59.08,75.18,77.49,78.00
57.42,57.42,68.38,77.00,77.38
53.87,53.87,71.71,73.87,77.04
51.65,51.65,71.65,73.99,76.44
51.36,51.36,68.79,77.25,79.73
49.97,49.97,63.06,78.60,74.44
51.48,51.48,68.50,77.97,79.72
50.70,50.70,67.66,78.90,79.94
48.35,48.35,63.12,79.38,79.79
48.29,48.29,61.39,78.67,77.93
50.16,50.16,59.84,77.22,78.37
49.54,49.54,57.12,77.70,76.06
52.88,52.88,51.29,75.90,75.01
65.68,65.68,53.27,76.87,74.58
70.93,70.93,57.21,80.15,73.85
68.27,68.27,61.84,77.41,71.26
83.18,83.18,71.62,76.54,74.76
86.00,86.00,69.17,76.82,83.11
84.53,84.53,68.01,78.78,83.20
83.44,83.44,63.14,77.49,80.93
83.25,83.25,60.42,79.32,78.15
82.75,82.75,61.79,79.62,81.19
81.95,81.95,58.64,78.21,80.51
83.26,83.26,59.82,79.14,71.26
83.79,83.79,62.85,78.13,70.25
82.68,82.68,81.45,77.60,68.16
83.01,83.01,80.44,76.02,68.91
84.23,84.23,73.78,76.65,64.42
84.00,84.00,73.32,78.89,58.34
82.65,82.65,72.80,78.46,60.26
83.15,83.15,74.90,77.65,59.67
84.07,84.07,67.07,75.78,68.53
84.14,84.14,63.85,74.58,70.57
84.53,84.53,67.39,78.96,66.05
84.71,84.71,65.64,76.49,66.99
83.38,83.38,67.61,70.54,63.72
83.12,83.12,68.63,67.85,72.94
82.97,82.97,86.45,71.85,81.36
82.23,82.23,82.90,71.53,83.52
81.77,81.77,79.14,73.57,81.36
79.30,79.30,75.09,77.44,82.69
73.96,73.96,79.72,75.88,82.55
73.28,73.28,74.54,77.09,82.51
73.46,73.46,69.68,76.46,81.65
71.91,71.91,70.40,74.69,79.82
65.67,65.67,64.66,68.38,81.27
65.63,65.63,69.38,69.45,79.17
80.28,80.28,64.41,77.37,78.18
80.73,80.73,60.82,74.78,79.26
81.41,81.41,59.65,72.51,77.43
81.60,81.60,54.92,70.81,75.53
83.11,83.11,56.49,73.68,76.88
83.26,83.26,45.65,74.90,76.86
84.14,84.14,50.36,72.13,76.46
84.48,84.48,47.91,70.06,74.46
84.24,84.24,54.76,73.90,75.21
83.52,83.52,61.80,75.59,76.04
78.73,78.73,69.76,74.63,72.39
73.31,73.31,67.82,73.86,65.78
59.50,59.50,65.14,73.63,62.63
58.94,58.94,61.30,75.81,61.32
58.88,58.88,59.74,77.17,60.36
63.34,63.34,59.64,73.62,64.00
63.01,63.01,56.55,72.56,65.27
62.44,62.44,62.01,74.86,59.98
62.18,62.18,69.19,71.12,54.73
60.82,60.82,82.17,69.38,65.39
59.84,59.84,81.60,64.92,74.63
58.45,58.45,78.77,64.26,78.23
55.27,55.27,76.10,64.00,78.57
52.08,52.08,81.16,74.61,82.12
52.26,52.26,72.85,69.84,80.53
52.88,52.88,69.89,72.17,79.57
58.30,58.30,64.08,73.60,76.63
62.21,62.21,65.80,69.92,75.51
64.23,64.23,66.19,71.47,74.45
68.52,68.52,71.65,66.91,78.15
71.52,71.52,77.20,72.24,73.76
84.34,84.34,85.01,76.73,71.64
86.53,86.53,83.53,78.54,74.29
86.02,86.02,79.97,80.17,72.75
85.04,85.04,78.86,82.48,73.09
83.90,83.90,80.20,81.69,70.51
84.03,84.03,72.95,80.21,71.43
81.13,81.13,73.66,79.08,70.60
81.23,81.23,71.44,79.01,65.25
82.56,82.56,64.78,80.52,66.50
82.89,82.89,67.82,80.37,68.94
82.54,82.54,72.10,80.62,79.70
82.52,82.52,72.18,80.81,80.07
83.37,83.37,66.62,80.54,76.26
81.98,81.98,65.77,79.68,78.74
81.89,81.89,58.33,80.71,79.25
82.28,82.28,55.26,79.36,76.89
82.95,82.95,59.30,80.51,74.51
77.57,77.57,54.80,79.15,76.50
79.31,79.31,49.89,79.90,74.75
79.87,79.87,54.66,79.99,69.30
84.40,84.40,61.75,77.63,73.58
82.53,82.53,61.53,79.20,74.24
81.59,81.59,62.12,78.04,74.97
81.86,81.86,60.20,76.83,74.27
81.67,81.67,54.22,76.48,72.65
84.14,84.14,50.66,78.23,66.88
82.39,82.39,49.18,74.59,68.90
82.65,82.65,63.68,76.32,67.28
82.83,82.83,70.79,68.40,66.86
80.56,80.56,81.83,67.96,70.75
81.67,81.67,82.56,70.80,67.07
85.63,85.63,76.45,75.10,67.34
86.09,86.09,76.97,72.90,65.14
86.18,86.18,77.12,74.18,64.27
85.59,85.59,69.66,74.98,62.05
86.06,86.06,66.89,75.39,65.35
87.11,87.11,60.15,76.06,63.57
87.24,87.24,62.82,73.73,61.64
86.06,86.06,58.28,66.76,62.80
84.74,84.74,76.88,65.01,68.19
82.08,82.08,83.54,64.04,73.22
77.98,77.98,88.76,71.42,72.89
83.08,83.08,81.49,71.25,76.69
83.19,83.19,82.15,72.79,78.78
80.46,80.46,83.17,76.57,78.14
81.74,81.74,73.90,76.15,77.12
83.24,83.24,71.69,74.43,77.43
82.03,82.03,70.28,75.56,77.45
82.05,82.05,71.91,75.95,80.33
82.86,82.86,66.88,75.68,78.94
81.15,81.15,66.07,77.29,76.84
79.39,79.39,70.76,77.36,79.92
81.15,81.15,63.65,75.20,77.27
81.69,81.69,57.90,75.64,75.49
81.20,81.20,60.69,77.74,77.49
81.09,81.09,57.74,78.78,78.12
82.23,82.23,57.01,78.76,78.83
83.41,83.41,52.06,78.74,78.66
82.08,82.08,53.52,78.92,77.88
83.77,83.77,55.74,78.43,75.01
83.86,83.86,58.89,76.44,73.83
84.35,84.35,64.06,77.65,66.29
82.96,82.96,63.31,77.17,65.38
81.87,81.87,58.17,78.07,63.69
82.72,82.72,55.46,77.92,67.36
83.77,83.77,52.91,78.50,68.33
84.02,84.02,51.44,78.13,65.46
80.97,80.97,53.16,77.86,60.01
78.08,78.08,61.32,78.29,54.40
73.69,73.69,69.68,77.38,58.43
74.54,74.54,83.38,76.42,73.70
71.83,71.83,83.40,73.92,79.73
79.54,79.54,80.25,70.54,78.20
81.91,81.91,75.33,67.40,80.05
84.00,84.00,77.90,61.68,75.44
83.19,83.19,72.50,50.71,77.58
82.09,82.09,68.25,48.65,76.12
82.42,82.42,73.59,39.53,79.26
81.00,81.00,67.58,43.82,71.94
84.37,84.37,70.67,55.84,74.99
81.60,81.60,76.59,65.54,74.15
80.71,80.71,86.52,74.29,74.68
79.43,79.43,85.02,75.57,75.46
78.12,78.12,81.15,76.10,78.08
80.50,80.50,78.00,78.55,78.31
80.54,80.54,79.30,79.80,77.26
78.38,78.38,75.47,79.87,77.17
78.84,78.84,72.84,79.22,75.49
79.69,79.69,71.51,79.70,75.60
80.85,80.85,62.11,78.00,78.90
79.84,79.84,70.52,77.07,76.62
80.71,80.71,67.30,79.51,75.96
80.89,80.89,69.39,79.88,73.90
81.75,81.75,69.08,78.96,76.48
78.92,78.92,64.58,77.46,76.83
76.50,76.50,60.42,78.60,75.87
72.67,72.67,49.75,79.25,78.03
65.70,65.70,56.26,76.22,76.17
59.59,59.59,58.73,78.34,76.78
57.84,57.84,55.29,76.92,78.23
60.91,60.91,67.34,75.56,78.41
68.23,68.23,70.08,74.28,75.15
80.04,80.04,69.34,76.18,78.35
81.72,81.72,66.31,75.91,76.38
83.73,83.73,63.00,75.65,76.08
85.51,85.51,60.38,76.41,74.96
85.08,85.08,56.03,74.06,74.91
84.51,84.51,55.53,77.27,72.34
84.63,84.63,56.08,75.79,66.99
85.12,85.12,65.54,77.42,71.18
84.96,84.96,73.54,68.43,70.69
82.23,82.23,81.28,70.74,70.27
83.76,83.76,78.40,68.23,71.63
86.26,86.26,76.38,73.27,74.53
85.92,85.92,76.06,70.39,76.36
84.53,84.53,78.25,69.79,76.32
84.49,84.49,73.24,73.05,75.24
84.96,84.96,67.73,75.90,72.96
85.76,85.76,62.26,69.56,71.67
85.12,85.12,56.45,69.49,69.89
84.99,84.99,63.78,60.90,68.02
85.04,85.04,77.72,65.48,66.55
84.16,84.16,79.92,72.74,66.47
84.99,84.99,85.63,71.96,71.30
84.59,84.59,80.14,72.86,72.34
81.56,81.56,76.41,73.90,74.16
83.84,83.84,79.06,74.56,75.32
85.87,85.87,74.46,75.64,75.68
82.76,82.76,60.34,74.78,73.19
78.19,78.19,62.36,71.40,73.69
72.40,72.40,63.94,71.37,73.26
79.86,79.86,63.94,74.07,75.81
84.30,84.30,60.50,73.84,73.49
84.00,84.00,65.64,75.52,73.21
84.34,84.34,63.58,73.99,73.11
86.03,86.03,61.52,75.31,74.11
84.72,84.72,52.23,75.60,73.92
83.49,83.49,57.04,75.56,74.19
83.27,83.27,51.53,75.02,72.40
84.50,84.50,49.34,76.44,73.17
84.64,84.64,49.16,75.76,71.75
84.00,84.00,53.76,73.51,69.55
83.40,83.40,65.52,75.02,73.39
81.30,81.30,68.72,69.23,74.95
83.96,83.96,67.58,59.22,76.71
79.14,79.14,63.45,49.76,76.20
65.61,65.61,61.91,47.25,75.40
61.88,61.88,53.89,41.97,75.07
56.23,56.23,54.09,42.46,70.63
60.82,60.82,57.73,35.78,69.89
62.35,62.35,56.02,33.42,66.44
63.21,63.21,72.60,37.36,63.87
62.63,62.63,87.93,45.23,64.67
61.30,61.30,77.96,45.52,70.48
59.45,59.45,72.38,54.02,76.11
55.72,55.72,77.57,56.83,74.73
51.66,51.66,72.81,57.64,75.14
45.46,45.46,73.45,57.27,74.51
49.00,49.00,66.32,51.63,73.63
50.26,50.26,69.00,49.72,73.42
55.90,55.90,66.33,44.46,73.34
66.78,66.78,66.38,51.46,70.84
72.52,72.52,72.80,56.59,70.24
72.29,72.29,80.00,71.72,68.94
81.12,81.12,84.46,76.93,68.95
83.93,83.93,84.76,76.51,71.14
85.50,85.50,74.87,77.05,71.00
81.74,81.74,78.97,79.39,70.86
79.44,79.44,77.74,80.21,71.43
79.96,79.96,73.91,79.99,72.45
78.31,78.31,72.08,79.05,75.57
80.24,80.24,71.15,78.23,72.40
78.78,78.78,65.23,77.39,69.37
71.57,71.57,67.98,77.39,70.01
69.21,69.21,67.32,79.87,77.50
67.97,67.97,66.36,79.46,75.91
62.23,62.23,65.07,78.51,78.66
57.96,57.96,61.25,78.10,77.31
55.27,55.27,53.52,78.72,75.56
55.12,55.12,56.72,79.93,74.37
59.34,59.34,51.66,76.85,70.41
61.50,61.50,54.14,73.42,68.54
70.91,70.91,55.81,67.98,67.46
83.79,83.79,59.45,75.27,69.89
84.96,84.96,62.51,79.00,62.58
84.35,84.35,60.40,75.55,64.46
82.99,82.99,57.68,79.73,63.39
81.77,81.77,53.93,78.08,58.79
78.20,78.20,48.65,79.00,57.91
68.19,68.19,49.23,76.16,60.62
57.55,57.55,57.97,76.69,57.70
60.63,60.63,64.84,76.79,60.13
54.32,54.32,78.42,76.11,60.32
51.93,51.93,78.91,73.69,63.07
53.55,53.55,75.46,74.43,68.71
56.96,56.96,69.72,72.77,76.15
53.04,53.04,76.80,69.97,77.73
51.33,51.33,67.60,74.49,76.49
53.86,53.86,66.35,77.71,76.08
60.26,60.26,58.92,77.80,75.36
72.18,72.18,57.65,77.68,75.36
75.69,75.69,69.52,75.92,75.42
84.63,84.63,74.22,68.53,76.59
83.52,83.52,69.93,62.19,73.68
83.36,83.36,87.12,65.01,72.19
81.00,81.00,83.65,68.22,76.72
81.73,81.73,82.24,66.57,78.64
81.15,81.15,78.58,67.96,76.86
81.26,81.26,77.88,75.76,76.88
79.37,79.37,70.52,75.81,76.32
80.22,80.22,71.88,74.53,75.02
82.21,82.21,72.16,72.02,74.89
81.20,81.20,66.77,69.36,71.68
81.44,81.44,57.28,72.21,71.12
81.81,81.81,64.64,72.45,73.81
81.34,81.34,65.85,71.30,74.37
80.79,80.79,59.31,72.19,73.86
80.50,80.50,65.45,72.54,76.32
78.23,78.23,60.77,73.38,75.37
73.87,73.87,57.33,74.96,76.60
71.31,71.31,51.48,75.84,74.43
67.57,67.57,51.02,76.80,77.34
60.93,60.93,54.33,74.81,74.37
72.14,72.14,53.51,72.23,73.98
79.91,79.91,56.75,74.74,72.90
82.83,82.83,59.88,77.52,73.80
82.38,82.38,58.91,77.16,73.84
78.18,78.18,54.35,77.59,73.22
75.27,75.27,50.26,74.81,76.68
68.68,68.68,46.53,72.41,78.05
60.53,60.53,50.38,66.93,76.14
55.54,55.54,60.88,59.87,73.84
53.26,53.26,60.51,47.61,73.98
60.04,60.04,68.13,36.65,74.80
69.39,69.39,85.42,52.42,77.70
75.30,75.30,83.10,51.88,80.16
83.88,83.88,81.89,47.95,79.54
85.32,85.32,78.56,50.99,80.50
85.02,85.02,74.32,51.21,80.91
85.45,85.45,70.65,40.90,81.68
85.87,85.87,70.57,45.11,78.25
86.52,86.52,68.69,48.24,78.18
86.56,86.56,67.76,53.11,78.30
86.08,86.08,69.08,55.65,75.21
86.58,86.58,70.42,57.29,75.86
85.04,85.04,88.82,63.01,76.09
85.78,85.78,73.41,67.65,77.27
85.99,85.99,80.66,74.94,79.40
85.74,85.74,78.20,73.45,81.62
85.92,85.92,79.82,71.27,77.29
86.31,86.31,75.99,80.43,80.82
86.83,86.83,70.26,78.78,78.26
86.19,86.19,67.37,76.40,81.73
85.55,85.55,62.58,80.22,78.45
85.59,85.59,65.41,78.79,80.30
84.35,84.35,67.93,76.20,76.34
83.46,83.46,67.85,74.66,79.21
81.63,81.63,63.69,75.80,78.28
80.62,80.62,61.46,78.71,79.40
82.63,82.63,64.27,75.90,77.06
83.14,83.14,60.63,79.45,78.31
81.92,81.92,61.98,80.31,77.10
81.70,81.70,55.05,78.57,78.36
82.31,82.31,56.83,79.02,75.95
82.87,82.87,65.05,80.60,78.17
79.95,79.95,65.44,80.44,77.52
79.73,79.73,65.08,79.10,79.36
82.25,82.25,63.35,78.38,77.29
82.85,82.85,62.45,81.07,79.34
83.07,83.07,59.00,78.71,78.88
83.20,83.20,56.05,81.36,77.96
82.92,82.92,54.21,80.42,78.11
84.10,84.10,56.52,80.67,78.31
84.52,84.52,62.39,80.12,77.58
83.59,83.59,79.39,80.01,76.64
83.57,83.57,79.44,80.68,73.88
81.66,81.66,77.85,77.72,76.76
82.40,82.40,69.65,77.88,76.28
81.69,81.69,75.84,79.44,77.26
82.36,82.36,73.26,70.12,77.19
82.36,82.36,67.18,64.00,78.19
81.21,81.21,65.29,51.36,77.49
80.76,80.76,61.64,42.15,78.47
75.92,75.92,66.68,42.73,77.61
73.98,73.98,65.88,42.35,77.19
73.37,73.37,62.86,51.39,75.37
73.67,73.67,84.42,61.86,80.22
71.69,71.69,85.32,66.32,77.00
72.74,72.74,73.80,68.97,78.19
72.29,72.29,78.12,76.29,78.95
71.77,71.77,81.94,78.36,77.22
70.44,70.44,75.16,77.51,79.93
70.88,70.88,71.33,69.60,76.92
70.54,70.54,68.85,73.09,77.45
71.17,71.17,67.45,73.17,78.36
71.10,71.10,66.75,73.83,78.54
75.86,75.86,70.11,73.91,80.61
82.64,82.64,69.75,67.52,78.57
82.83,82.83,70.71,70.77,78.44
81.53,81.53,66.41,72.13,76.95
80.64,80.64,61.97,73.13,76.65
81.74,81.74,58.20,73.82,77.95
81.28,81.28,58.30,72.51,75.83
82.54,82.54,57.75,69.25,79.48
82.34,82.34,59.30,71.13,76.35
81.80,81.80,59.43,72.73,74.72
82.17,82.17,65.29,78.26,74.26
81.52,81.52,65.69,78.05,74.78
81.41,81.41,63.00,78.93,72.16
81.77,81.77,58.67,76.02,76.32
81.26,81.26,56.04,75.90,73.92
80.71,80.71,51.43,75.20,73.84
80.86,80.86,51.22,75.31,76.22
80.42,80.42,51.59,69.07,76.05
81.49,81.49,63.45,70.88,77.08
81.51,81.51,78.70,70.73,76.41
83.45,83.45,83.33,70.80,75.65
84.43,84.43,76.59,73.79,77.15
84.71,84.71,71.51,76.94,76.65
85.17,85.17,79.53,80.38,78.84
82.62,82.62,75.26,76.97,79.96
85.72,85.72,69.47,73.62,81.52
85.91,85.91,63.76,73.44,82.27
84.79,84.79,64.48,76.35,82.90
85.40,85.40,60.52,77.59,84.15
84.80,84.80,66.57,74.33,84.03
82.64,82.64,74.48,71.05,81.87
79.24,79.24,84.04,74.63,78.83
77.83,77.83,82.75,75.63,78.47
78.99,78.99,78.02,75.84,79.19
82.65,82.65,79.60,78.75,77.52
81.83,81.83,78.25,77.89,77.39
82.26,82.26,73.77,72.43,75.66
86.10,86.10,72.84,74.62,74.85
86.13,86.13,72.87,77.56,72.16
86.81,86.81,64.93,77.72,71.98
87.33,87.33,63.80,77.43,72.91
84.10,84.10,69.71,77.83,77.41
72.53,72.53,68.27,75.83,76.79
63.26,63.26,67.65,74.45,77.54
62.27,62.27,65.34,73.74,76.75
58.21,58.21,59.29,78.36,75.92
63.43,63.43,57.14,79.70,75.56
64.23,64.23,52.44,77.59,74.15
67.52,67.52,50.30,76.00,74.83
69.10,69.10,52.96,67.78,75.23
82.61,82.61,55.75,69.23,75.64
84.00,84.00,62.08,70.91,75.04
85.03,85.03,62.21,76.32,74.30
82.53,82.53,58.22,76.32,77.20
82.50,82.50,56.94,76.17,73.17
84.24,84.24,54.19,77.32,77.12
84.46,84.46,52.40,77.99,74.86
82.65,82.65,51.11,75.07,75.78
81.91,81.91,57.72,74.44,75.59
81.56,81.56,70.82,73.42,73.40
79.42,79.42,79.99,74.87,74.98
78.16,78.16,76.42,62.24,75.24
80.28,80.28,72.30,66.97,75.43
79.42,79.42,72.90,73.57,77.37
80.23,80.23,66.56,75.23,76.59
76.99,76.99,66.11,71.15,76.35
77.78,77.78,62.94,73.12,77.43
72.92,72.92,59.72,71.29,78.37
64.90,64.90,57.76,73.27,76.87
70.88,70.88,62.13,69.37,76.57
73.47,73.47,65.83,62.22,72.99
74.27,74.27,78.07,66.26,74.42
79.19,79.19,87.61,70.88,81.29
80.48,80.48,83.27,72.20,80.33
80.56,80.56,75.07,76.80,77.80
82.58,82.58,81.25,79.11,77.24
81.39,81.39,75.70,78.17,76.43
81.54,81.54,71.59,77.30,74.75
82.14,82.14,73.74,77.24,75.42
81.59,81.59,71.88,72.05,75.62
82.90,82.90,67.56,71.97,74.97
82.42,82.42,64.12,74.31,76.05
83.54,83.54,67.17,77.18,78.45
82.08,82.08,63.92,75.41,77.61
83.69,83.69,60.13,76.19,78.62
83.41,83.41,59.01,76.68,79.88
83.07,83.07,58.58,77.18,79.64
82.87,82.87,50.20,77.56,79.80
83.66,83.66,48.92,77.18,79.03
83.52,83.52,45.14,77.53,76.79
83.04,83.04,48.47,76.43,74.54
83.08,83.08,49.02,74.17,73.86
79.18,79.18,56.19,74.89,77.26
75.87,75.87,55.75,74.91,77.09
73.56,73.56,53.94,72.93,76.93
75.20,75.20,52.36,74.54,77.35
73.14,73.14,46.38,71.67,75.48
72.71,72.71,47.07,74.89,75.26
73.13,73.13,44.08,74.95,75.83
71.00,71.00,54.25,76.71,74.93
63.23,63.23,64.62,76.89,75.37
61.48,61.48,79.11,72.72,76.65
68.12,68.12,78.80,69.51,77.63
75.88,75.88,74.28,68.81,78.81
83.79,83.79,70.55,67.26,78.47
84.42,84.42,71.08,67.45,79.33
85.25,85.25,69.81,69.75,77.66
83.89,83.89,67.40,70.64,76.15
82.66,82.66,63.82,75.23,76.75
83.49,83.49,64.83,75.95,78.05
84.03,84.03,63.11,70.26,76.50
83.02,83.02,66.60,68.03,75.42
83.10,83.10,84.72,71.31,77.16
81.55,81.55,81.96,74.61,82.56
79.25,79.25,84.11,76.57,83.18
80.31,80.31,80.28,80.18,79.73
81.87,81.87,79.67,80.95,79.37
83.49,83.49,78.72,76.13,80.38
82.59,82.59,68.16,75.00,82.13
80.04,80.04,74.82,72.09,82.56
82.06,82.06,69.53,78.94,81.91
84.48,84.48,62.29,79.84,80.63
84.77,84.77,64.56,75.83,81.34
85.09,85.09,65.76,78.97,80.89
84.78,84.78,66.68,78.21,82.34
84.56,84.56,65.91,79.42,82.89
85.53,85.53,66.29,79.58,80.02
85.63,85.63,61.98,78.73,81.85
84.76,84.76,60.64,79.90,80.07
83.92,83.92,56.04,78.41,80.81
84.23,84.23,55.58,79.37,81.24
74.40,74.40,59.94,80.60,79.24
69.47,69.47,66.23,81.95,77.06
79.25,79.25,63.57,80.41,80.40
81.89,81.89,61.72,80.62,83.49
82.96,82.96,58.68,78.35,81.24
81.62,81.62,53.42,80.24,78.95
82.96,82.96,48.98,80.09,77.06
78.85,78.85,46.04,80.37,75.24
79.88,79.88,47.40,81.11,74.43
81.02,81.02,56.51,80.71,73.28
80.20,80.20,68.04,78.53,72.17
81.58,81.58,79.50,75.21,73.31
82.41,82.41,80.11,73.73,72.19
79.95,79.95,76.48,76.03,73.01
80.93,80.93,75.04,68.29,73.17
82.81,82.81,71.70,65.50,74.00
79.32,79.32,70.09,64.48,74.07
80.06,80.06,64.70,56.70,73.48
82.60,82.60,66.92,49.32,71.98
83.01,83.01,66.32,50.37,74.41
82.68,82.68,62.60,46.18,71.17
83.18,83.18,64.64,49.29,70.67
82.92,82.92,77.62,58.65,74.93
78.33,78.33,86.44,64.63,79.76
78.11,78.11,80.69,70.95,79.30
80.84,80.84,79.45,76.41,79.92
81.03,81.03,78.65,79.14,79.80
81.80,81.80,79.72,78.91,79.38
79.76,79.76,76.80,81.04,79.78
82.45,82.45,69.14,82.94,78.81
81.94,81.94,69.87,81.74,79.31
78.46,78.46,66.54,80.55,77.05
67.57,67.57,67.10,81.55,74.82
83.33,83.33,70.16,78.58,75.96
83.93,83.93,66.61,77.37,76.21
84.58,84.58,64.76,80.04,74.85
83.29,83.29,62.01,79.24,73.10
84.49,84.49,55.09,78.13,72.76
84.60,84.60,49.80,78.36,74.74
84.23,84.23,53.83,77.08,75.12
84.42,84.42,53.82,75.68,74.69
83.49,83.49,53.33,72.53,74.48
83.47,83.47,62.17,74.88,74.43
81.90,81.90,66.96,76.18,74.53
79.19,79.19,64.35,77.20,75.50
71.88,71.88,61.15,78.31,75.47
71.48,71.48,56.48,79.37,74.02
64.85,64.85,52.46,81.74,75.55
60.18,60.18,54.80,82.07,76.00
62.25,62.25,54.33,79.75,76.38
60.79,60.79,58.63,78.73,75.06
65.28,65.28,72.87,75.08,74.64
61.29,61.29,80.43,73.78,75.11
60.83,60.83,79.99,74.29,77.75
63.25,63.25,78.17,78.55,78.14
67.38,67.38,76.08,79.50,80.69
68.96,68.96,80.53,77.58,81.00
67.77,67.77,76.41,79.13,77.37
64.79,64.79,68.03,78.87,76.86
68.88,68.88,59.84,77.56,76.47
65.93,65.93,61.77,79.27,76.76
66.11,66.11,68.16,76.23,72.15
67.50,67.50,65.38,68.72,73.75
75.28,75.28,76.75,68.98,75.45
81.91,81.91,88.09,71.27,73.42
83.38,83.38,83.08,67.73,71.67
83.37,83.37,78.95,71.71,73.06
84.06,84.06,78.19,75.73,75.93
85.27,85.27,75.47,76.36,74.81
81.63,81.63,74.79,77.29,78.12
79.54,79.54,72.58,77.36,78.50
80.61,80.61,68.39,76.50,74.36
81.43,81.43,67.35,75.97,74.96
81.57,81.57,65.73,77.45,77.21
80.64,80.64,69.62,76.54,78.61
82.00,82.00,66.40,76.00,81.22
79.96,79.96,62.96,78.96,78.33
83.31,83.31,62.69,78.82,78.53
81.58,81.58,55.98,77.66,76.27
82.84,82.84,51.49,78.05,76.82
83.60,83.60,51.77,77.27,74.75
85.26,85.26,48.75,77.34,73.61
84.73,84.73,49.71,74.71,72.31
83.62,83.62,54.58,73.21,74.53
82.72,82.72,62.94,72.59,76.12
84.03,84.03,61.77,76.53,75.80
82.91,82.91,58.21,75.28,75.60
84.55,84.55,52.89,76.14,76.49
84.19,84.19,50.72,75.62,76.32
84.85,84.85,48.22,74.56,76.59
83.76,83.76,51.13,74.73,76.60
83.47,83.47,54.95,74.34,75.35
83.37,83.37,66.81,74.18,75.32
81.51,81.51,78.85,67.26,76.01
79.52,79.52,73.04,68.95,76.68
81.68,81.68,67.24,65.97,77.06
84.01,84.01,70.94,68.22,78.22
79.22,79.22,67.13,69.54,78.70
83.67,83.67,63.10,72.23,77.76
80.58,80.58,59.38,69.47,76.69
81.28,81.28,62.03,66.59,77.17
82.98,82.98,63.14,66.80,78.06
83.11,83.11,62.35,65.52,75.72
82.22,82.22,66.46,57.45,76.35
80.26,80.26,78.80,58.54,77.73
84.82,84.82,85.64,71.74,74.28
82.99,82.99,78.37,73.96,73.35
84.41,84.41,77.53,78.40,72.80
84.03,84.03,75.10,80.30,73.10
84.83,84.83,76.21,79.80,72.77
84.36,84.36,74.26,77.39,72.07
83.20,83.20,70.79,75.70,74.16
83.10,83.10,68.24,75.43,76.02
83.60,83.60,61.96,76.81,73.39
83.47,83.47,64.05,74.44,73.00
83.20,83.20,61.46,73.88,71.51
85.81,85.81,64.23,74.07,79.59
84.94,84.94,61.59,74.32,80.70
85.45,85.45,59.98,73.35,77.82
86.63,86.63,58.62,77.54,75.42
85.50,85.50,55.08,75.09,75.98
85.05,85.05,49.32,74.30,74.80
85.62,85.62,50.52,72.29,73.46
85.36,85.36,55.07,74.80,73.93
86.46,86.46,56.72,75.83,73.87
85.49,85.49,61.59,74.89,75.43
86.07,86.07,61.56,73.47,73.70
85.86,85.86,55.57,74.06,71.97
84.90,84.90,55.71,74.34,71.37
85.64,85.64,52.50,70.27,71.56
83.60,83.60,48.72,72.51,69.64
82.36,82.36,49.54,71.27,72.53
84.37,84.37,60.47,73.09,72.06
81.66,81.66,66.95,74.30,69.60
78.36,78.36,83.25,75.70,71.81
81.78,81.78,80.79,73.38,72.06
86.41,86.41,75.31,75.57,75.59
83.65,83.65,74.48,77.02,79.49
81.92,81.92,71.93,80.59,77.61
81.38,81.38,62.36,76.66,77.96
81.05,81.05,62.75,78.74,78.64
81.07,81.07,64.70,78.89,80.13
82.87,82.87,62.84,78.02,79.16
82.77,82.77,62.36,74.08,78.84
82.86,82.86,78.75,70.20,79.79
80.32,80.32,87.97,73.49,75.96
81.62,81.62,80.81,74.45,75.83
82.67,82.67,79.66,73.13,78.17
80.30,80.30,75.10,73.14,79.75
81.86,81.86,76.10,72.15,80.15
80.01,80.01,75.04,76.17,79.86
79.82,79.82,67.53,74.05,77.91
80.13,80.13,67.86,75.91,79.80
80.98,80.98,67.91,74.14,79.04
82.14,82.14,64.95,75.21,79.00
81.54,81.54,66.62,80.18,78.66
81.63,81.63,67.63,76.03,76.90
82.11,82.11,67.36,72.50,76.24
83.69,83.69,61.07,77.45,77.23
82.94,82.94,61.23,77.23,75.91
82.64,82.64,61.76,76.94,75.71
83.20,83.20,56.23,77.36,79.46
84.29,84.29,53.55,76.94,76.50
81.03,81.03,57.47,76.76,78.96
84.94,84.94,67.25,78.29,76.56
82.49,82.49,66.93,80.08,77.49
86.21,86.21,66.24,79.04,78.72
86.55,86.55,64.27,77.67,79.27
85.84,85.84,58.58,79.46,78.97
85.91,85.91,56.60,73.88,79.15
85.11,85.11,54.28,71.13,77.56
85.00,85.00,55.21,71.76,77.06
85.25,85.25,61.69,64.75,78.34
85.46,85.46,69.23,64.26,76.12
85.91,85.91,69.85,71.92,75.49
82.36,82.36,82.73,73.51,76.83
80.80,80.80,76.76,67.30,77.09
80.31,80.31,76.76,67.27,77.58
79.25,79.25,76.32,66.78,79.26
80.93,80.93,76.84,67.49,78.86
81.58,81.58,68.43,67.48,78.70
82.94,82.94,71.57,64.94,76.80
81.93,81.93,67.07,66.88,76.55
81.19,81.19,60.57,67.39,76.86
79.59,79.59,63.23,69.03,79.96
82.59,82.59,75.02,74.62,77.14
83.50,83.50,83.47,67.75,77.12
79.24,79.24,82.82,71.17,79.01
68.14,68.14,78.97,71.26,77.66
68.49,68.49,71.00,67.13,81.18
65.24,65.24,80.71,68.00,78.75
65.38,65.38,78.13,69.42,78.75
61.11,61.11,71.77,75.82,82.33
64.11,64.11,72.49,75.13,80.39
66.38,66.38,67.12,73.92,78.40
67.68,67.68,67.32,72.36,81.16
76.92,76.92,69.89,69.44,78.27
82.03,82.03,67.01,73.24,77.02
86.54,86.54,69.71,68.20,77.70
82.70,82.70,64.86,72.06,79.59
85.40,85.40,61.80,68.68,79.45
83.60,83.60,59.14,71.86,76.74
84.82,84.82,55.40,70.90,75.06
84.13,84.13,54.27,71.77,80.57
84.94,84.94,54.24,71.28,78.38
84.02,84.02,58.22,71.42,77.14
84.34,84.34,66.46,73.30,75.95
84.74,84.74,66.76,65.74,77.17
82.22,82.22,66.04,57.80,81.15
83.92,83.92,61.86,50.70,78.93
83.97,83.97,59.68,51.79,79.73
82.29,82.29,57.56,42.32,79.28
70.46,70.46,54.25,45.09,80.40
66.03,66.03,58.34,51.22,80.13
65.04,65.04,61.56,52.55,79.29
58.45,58.45,68.65,59.69,77.62
58.67,58.67,84.88,65.56,77.94
58.60,58.60,82.42,76.22,75.85
62.81,62.81,78.40,80.84,78.22
56.03,56.03,78.72,82.07,79.29
56.55,56.55,78.46,82.13,80.00
55.44,55.44,71.16,80.74,78.67
56.97,56.97,65.99,81.72,79.09
55.31,55.31,57.90,81.87,81.39
56.65,56.65,64.75,82.39,78.44
59.29,59.29,65.36,81.71,78.36
71.01,71.01,74.83,79.53,77.09
79.93,79.93,81.58,74.47,73.94
83.63,83.63,85.50,73.41,73.16
86.25,86.25,81.80,72.91,72.65
83.25,83.25,71.50,75.07,73.81
81.99,81.99,81.50,74.26,74.66
82.87,82.87,78.44,70.74,78.07
84.23,84.23,73.70,66.73,78.15
85.04,85.04,70.59,62.02,79.39
87.18,87.18,67.58,68.34,79.47
87.25,87.25,66.42,62.71,78.34
85.78,85.78,67.19,73.36,79.73
85.46,85.46,69.21,80.09,79.74
85.23,85.23,64.83,77.59,80.63
86.33,86.33,62.62,79.79,81.87
85.41,85.41,62.55,78.93,78.56
83.46,83.46,56.76,77.77,80.61
77.28,77.28,55.10,78.81,81.13
68.98,68.98,50.44,77.77,77.08
65.62,65.62,51.37,78.42,80.19
72.86,72.86,52.10,79.35,77.33
76.26,76.26,53.57,72.58,78.97
83.87,83.87,56.87,73.46,77.61
84.26,84.26,57.90,70.47,80.35
83.80,83.80,50.29,73.92,78.82
83.02,83.02,50.17,75.51,76.77
82.77,82.77,45.01,78.54,79.49
82.80,82.80,48.89,78.51,77.07
82.76,82.76,56.88,78.10,78.48
82.39,82.39,70.87,75.40,77.73
70.81,70.81,77.22,68.89,79.36
69.81,69.81,78.50,71.84,78.16
61.42,61.42,73.94,76.43,78.16
60.94,60.94,72.99,77.25,78.31
61.25,61.25,75.78,78.79,76.10
61.33,61.33,73.15,76.24,79.71
60.39,60.39,72.15,78.90,79.26
65.66,65.66,70.65,79.03,77.76
73.55,73.55,59.54,77.81,77.44
75.02,75.02,64.53,75.27,78.42
71.41,71.41,67.32,72.23,76.28
73.23,73.23,77.08,65.77,75.11
78.23,78.23,85.41,63.88,74.98
85.11,85.11,84.82,68.39,77.38
82.40,82.40,83.61,67.18,79.60
82.63,82.63,76.47,65.25,77.40
83.33,83.33,74.14,65.46,78.19
84.86,84.86,75.98,67.10,77.42
83.27,83.27,69.24,69.27,77.09
83.98,83.98,69.25,75.62,76.79
83.85,83.85,64.64,76.69,75.99
83.26,83.26,63.84,75.79,75.68
83.51,83.51,64.32,78.07,74.97
84.30,84.30,62.56,78.30,74.21
83.30,83.30,55.43,75.74,79.08
83.26,83.26,57.68,73.30,79.71
84.49,84.49,55.53,73.82,78.59
84.63,84.63,49.24,77.92,78.31
82.99,82.99,51.84,78.58,78.22
82.87,82.87,51.61,75.79,77.52
84.07,84.07,46.19,77.81,77.99
83.95,83.95,50.66,79.60,74.24
83.16,83.16,59.22,79.59,73.84
84.74,84.74,62.87,79.65,74.37
85.41,85.41,60.60,76.46,74.27
83.26,83.26,55.92,72.59,76.29
84.68,84.68,53.70,72.04,75.10
85.42,85.42,49.23,68.83,74.54
85.68,85.68,45.48,62.60,77.82
84.37,84.37,47.32,59.95,77.22
86.56,86.56,56.62,60.31,76.67
86.07,86.07,73.14,64.39,74.65
85.24,85.24,81.58,67.37,75.23
86.66,86.66,80.27,72.87,75.61
86.52,86.52,74.45,72.17,78.85
86.35,86.35,76.90,74.61,83.43
85.76,85.76,75.94,70.91,80.32
84.55,84.55,65.17,66.97,79.87
83.48,83.48,64.05,73.16,81.16
81.84,81.84,64.97,71.76,79.48
81.39,81.39,66.62,63.47,80.19
83.76,83.76,64.75,56.06,75.58
83.65,83.65,75.42,61.20,73.40
82.70,82.70,86.48,68.20,77.70
83.23,83.23,81.44,70.57,77.21
84.63,84.63,78.29,78.10,78.84
82.05,82.05,79.06,75.15,79.63
80.62,80.62,80.68,76.16,81.46
82.40,82.40,72.77,76.02,81.08
83.85,83.85,69.29,77.71,80.87
84.45,84.45,66.72,79.42,78.80
84.62,84.62,65.83,81.88,79.92
83.29,83.29,65.36,80.59,80.04
78.26,78.26,71.54,78.57,77.30
75.62,75.62,70.97,79.96,79.63
74.55,74.55,70.13,79.94,81.89
70.70,70.70,65.68,82.48,82.96
66.89,66.89,58.56,79.39,81.05
72.27,72.27,53.33,80.33,81.72
69.10,69.10,54.81,78.18,81.43
67.69,67.69,54.41,78.24,82.20
65.97,65.97,58.67,76.86,82.03
78.10,78.10,65.80,79.48,81.74
86.31,86.31,67.37,78.90,80.69
85.33,85.33,65.74,77.82,79.56
83.95,83.95,64.97,78.62,80.91
83.98,83.98,61.24,76.59,82.23
83.85,83.85,58.62,79.92,83.30
82.47,82.47,55.28,76.19,80.68
82.83,82.83,54.73,78.41,79.69
83.32,83.32,55.04,77.27,79.00
83.94,83.94,64.06,76.79,77.18
83.91,83.91,77.25,78.85,77.43
82.85,82.85,74.41,74.34,79.35
82.16,82.16,75.34,75.36,80.44
83.07,83.07,69.44,79.15,80.24
83.04,83.04,77.80,80.21,79.72
83.36,83.36,76.01,75.87,80.03
83.47,83.47,68.26,78.41,81.23
83.13,83.13,64.63,76.37,79.08
83.49,83.49,58.72,76.77,78.19
83.94,83.94,60.25,71.30,78.53
83.52,83.52,67.48,68.09,80.08
82.55,82.55,77.33,66.51,79.31
81.07,81.07,84.86,70.84,79.38
79.75,79.75,84.33,71.36,80.21
72.77,72.77,78.18,72.70,79.98
65.46,65.46,76.39,75.17,79.49
62.74,62.74,76.24,75.19,77.05
64.93,64.93,70.34,73.22,74.75
66.80,66.80,62.35,73.18,78.23
67.23,67.23,60.78,71.98,77.30
70.72,70.72,62.99,74.76,78.61
69.62,69.62,67.37,79.03,77.13
82.29,82.29,64.25,78.92,75.24
88.46,88.46,62.93,77.25,76.33
85.78,85.78,62.22,76.30,79.00
85.05,85.05,61.83,78.59,78.44
85.14,85.14,56.93,79.14,77.11
83.86,83.86,54.50,78.64,75.21
82.97,82.97,51.27,79.19,77.88
83.49,83.49,49.36,78.75,76.14
82.31,82.31,54.15,77.75,76.97
81.05,81.05,61.08,76.89,76.94
84.14,84.14,67.06,75.34,77.56
85.78,85.78,66.37,61.16,79.84
86.14,86.14,64.66,59.12,76.38
85.79,85.79,60.85,53.88,77.98
86.06,86.06,57.17,53.11,76.08
85.68,85.68,54.23,46.14,76.60
83.77,83.77,52.38,46.11,77.97
85.18,85.18,54.11,42.34,74.54
85.84,85.84,59.70,38.78,75.42
84.40,84.40,78.05,49.03,73.11
84.33,84.33,86.38,58.88,77.70
84.80,84.80,80.04,52.57,75.88
83.69,83.69,77.21,60.06,73.48
82.75,82.75,81.80,60.26,76.51
84.33,84.33,73.79,54.39,77.20
85.62,85.62,70.36,55.08,75.31
86.17,86.17,62.55,48.03,75.27
85.36,85.36,66.45,51.40,74.93
84.35,84.35,67.98,64.86,74.17
86.01,86.01,65.95,61.41,73.09
85.85,85.85,70.61,67.24,72.75
83.49,83.49,85.29,76.73,75.31
83.82,83.82,84.03,76.72,77.72
85.08,85.08,76.91,75.39,77.39
84.40,84.40,79.01,75.46,78.77
84.94,84.94,77.72,76.38,78.00
84.48,84.48,74.21,72.21,77.04
82.26,82.26,65.20,76.35,74.07
83.55,83.55,70.72,77.92,74.18
85.50,85.50,65.33,78.61,72.80
84.34,84.34,67.25,78.38,73.08
85.66,85.66,69.07,75.03,75.25
86.22,86.22,73.00,75.61,80.65
83.90,83.90,67.14,78.57,76.39
83.54,83.54,59.89,79.02,76.84
83.26,83.26,57.03,77.48,74.64
82.56,82.56,59.49,76.62,75.06
82.76,82.76,48.49,75.78,76.51
83.66,83.66,49.43,76.26,74.07
83.27,83.27,50.85,80.29,74.40
82.34,82.34,53.52,79.34,76.10
82.42,82.42,62.62,76.22,78.60
82.74,82.74,63.34,79.12,78.18
82.75,82.75,59.14,78.36,77.53
83.33,83.33,54.59,79.80,73.44
84.95,84.95,51.35,77.61,76.01
85.40,85.40,46.76,78.10,74.39
84.47,84.47,52.77,79.78,75.21
83.92,83.92,63.41,77.07,74.91
84.69,84.69,73.13,73.38,74.08
84.96,84.96,80.87,67.07,73.15
84.23,84.23,78.21,70.83,73.89
82.35,82.35,75.42,74.34,74.52
81.18,81.18,76.30,73.96,78.16
83.16,83.16,77.67,73.64,77.66
82.11,82.11,71.85,74.62,78.85
81.48,81.48,67.29,78.90,77.10
79.67,79.67,61.32,78.47,75.82
80.33,80.33,65.40,73.92,75.17
81.41,81.41,66.47,63.62,72.63
81.40,81.40,64.81,55.73,71.69
81.59,81.59,77.46,66.79,76.03
81.43,81.43,88.64,71.05,78.39
78.73,78.73,81.67,69.64,81.72
79.02,79.02,80.78,69.68,78.59
78.77,78.77,80.44,69.42,81.34
78.98,78.98,80.80,69.93,81.19
78.67,78.67,77.73,71.59,80.43
79.09,79.09,72.13,78.25,81.57
79.22,79.22,73.82,74.06,76.33
78.97,78.97,67.71,76.31,75.85
79.48,79.48,66.51,76.53,75.06
80.53,80.53,71.36,75.60,78.56
81.23,81.23,68.53,76.45,81.27
79.74,79.74,67.70,74.14,75.95
80.93,80.93,63.49,77.02,76.16
80.46,80.46,58.03,76.47,74.18
80.88,80.88,56.31,77.61,74.46
80.27,80.27,57.11,74.71,73.57
80.04,80.04,56.28,73.54,77.24
79.98,79.98,51.42,79.32,74.39
80.44,80.44,56.29,77.95,76.76
80.12,80.12,62.56,75.01,76.19
81.39,81.39,61.38,72.12,78.97
81.25,81.25,56.09,68.36,81.57
79.37,79.37,53.37,62.87,80.03
80.80,80.80,50.20,62.34,79.36
80.80,80.80,50.03,58.19,78.22
80.68,80.68,57.57,56.66,74.77
80.41,80.41,64.29,49.39,77.00
81.43,81.43,63.17,35.69,75.53
82.15,82.15,78.76,32.65,76.11
83.68,83.68,79.04,38.63,75.54
83.22,83.22,80.92,39.16,75.65
79.58,79.58,79.27,37.66,76.51
81.73,81.73,81.01,39.59,77.48
81.93,81.93,76.59,37.78,76.32
82.63,82.63,71.74,40.76,74.68
84.65,84.65,63.45,40.54,79.14
84.53,84.53,66.27,38.58,73.52
85.11,85.11,66.98,38.98,74.49
85.30,85.30,71.36,59.70,74.75
83.04,83.04,81.06,72.03,73.16
81.50,81.50,84.24,73.66,77.51
79.79,79.79,78.78,78.73,80.48
79.22,79.22,81.41,80.24,79.66
80.28,80.28,77.76,79.48,82.18
81.31,81.31,73.82,72.78,80.47
79.65,79.65,72.49,76.68,82.30
81.87,81.87,74.18,77.17,81.39
81.42,81.42,70.31,74.49,78.97
80.36,80.36,70.31,79.10,80.17
80.90,80.90,70.03,81.17,78.80
79.77,79.77,67.65,80.37,77.81
83.04,83.04,69.91,79.93,77.69
84.29,84.29,62.71,80.39,78.66
83.54,83.54,57.59,80.61,79.06
82.65,82.65,63.20,77.78,78.31
80.90,80.90,56.00,76.06,78.74
81.68,81.68,58.33,68.36,77.87
82.75,82.75,56.85,54.71,77.45
82.24,82.24,64.47,59.78,76.60
82.60,82.60,67.25,62.52,76.72
79.53,79.53,67.97,72.40,79.31
80.65,80.65,66.12,79.65,78.35
80.44,80.44,61.40,81.49,79.69
82.23,82.23,57.14,80.77,78.50
81.16,81.16,52.43,79.46,80.27
81.31,81.31,51.78,80.69,78.79
82.11,82.11,55.21,80.19,79.80
82.91,82.91,59.80,80.81,77.11
81.49,81.49,70.96,79.99,75.54
80.69,80.69,80.77,84.10,75.52
80.14,80.14,78.83,81.86,74.98
82.60,82.60,75.30,75.61,73.65
82.36,82.36,72.90,78.05,73.58
81.39,81.39,74.95,77.34,72.90
83.01,83.01,70.79,76.21,72.61
81.67,81.67,67.23,77.32,75.97
83.19,83.19,68.47,78.45,75.23
81.69,81.69,58.41,81.24,74.66
82.02,82.02,62.64,78.40,76.43
81.43,81.43,65.13,75.99,75.20
82.27,82.27,74.28,66.43,79.03
77.99,77.99,87.40,70.48,78.35
80.33,80.33,80.34,60.51,81.05
81.47,81.47,70.92,64.68,80.71
80.93,80.93,79.45,72.79,82.63
81.79,81.79,73.36,69.03,81.92
76.06,76.06,71.21,73.06,80.17
76.50,76.50,70.90,69.23,81.43
78.86,78.86,66.50,70.00,79.65
73.62,73.62,67.05,74.43,79.36
69.45,69.45,57.16,73.66,78.27
66.68,66.68,62.55,77.88,73.50
60.40,60.40,64.63,77.57,78.53
62.03,62.03,61.05,77.58,76.34
60.78,60.78,59.80,76.63,72.42
61.50,61.50,54.30,76.71,78.29
63.02,63.02,48.24,78.03,76.99
63.42,63.42,48.90,78.79,74.85
63.72,63.72,49.77,76.45,76.87
64.38,64.38,56.09,75.42,73.34
63.58,63.58,64.42,73.66,71.97
62.84,62.84,67.07,77.00,72.52
61.95,61.95,65.54,76.08,70.89
59.13,59.13,62.14,74.47,72.49
59.47,59.47,57.77,77.88,72.31
58.84,58.84,52.59,75.08,74.19
57.72,57.72,48.96,77.58,73.13
56.52,56.52,49.71,75.57,75.89
51.58,51.58,55.63,74.96,75.36
61.18,61.18,59.86,75.50,73.36
72.48,72.48,83.37,71.90,70.59
84.89,84.89,78.06,68.13,75.99
83.37,83.37,76.74,65.21,74.58
85.31,85.31,72.48,67.84,79.72
85.87,85.87,75.58,72.89,78.02
87.36,87.36,59.84,69.65,77.68
86.08,86.08,68.76,63.43,75.15
85.10,85.10,68.08,70.95,75.27
86.04,86.04,72.58,72.14,74.60
86.89,86.89,70.98,69.18,74.34
86.51,86.51,62.66,65.04,71.93
87.24,87.24,73.98,58.91,73.82
86.66,86.66,85.04,63.19,74.04
85.69,85.69,85.17,69.45,72.05
86.02,86.02,79.14,77.13,70.24
86.08,86.08,80.62,80.84,71.53
86.45,86.45,80.05,82.15,70.26
86.75,86.75,75.14,81.98,66.83
86.76,86.76,73.12,80.64,70.04
86.76,86.76,69.64,80.92,69.26
86.83,86.83,66.72,78.04,70.11
85.92,85.92,66.91,81.51,72.90
83.48,83.48,72.25,81.31,75.83
81.37,81.37,70.54,82.37,75.63
82.05,82.05,67.36,80.29,75.43
83.88,83.88,61.54,79.42,75.02
83.25,83.25,57.50,80.84,75.18
84.09,84.09,59.72,80.56,69.23
84.97,84.97,58.57,81.99,72.74
84.49,84.49,46.90,81.34,76.15
85.54,85.54,52.39,81.73,72.67
84.68,84.68,59.82,79.56,76.37
84.95,84.95,65.51,80.17,78.00
85.60,85.60,64.64,79.37,80.59
85.80,85.80,61.32,77.55,81.05
85.24,85.24,58.25,76.80,80.54
85.56,85.56,56.35,78.01,78.31
85.56,85.56,59.84,79.00,75.32
83.55,83.55,62.15,78.07,72.43
77.02,77.02,60.74,79.87,71.73
82.86,82.86,68.14,79.62,68.15
82.14,82.14,79.94,80.68,66.69
80.24,80.24,79.79,76.65,68.62
75.44,75.44,72.51,73.56,70.29
62.95,62.95,79.99,75.94,67.18
56.37,56.37,76.23,78.75,67.34
55.38,55.38,68.51,78.32,67.41
57.02,57.02,66.85,75.87,66.13
60.86,60.86,64.92,76.66,68.19
75.62,75.62,64.16,70.10,71.53
73.66,73.66,62.44,57.39,73.32
73.77,73.77,72.33,57.43,77.15
84.43,84.43,81.08,63.30,80.01
83.74,83.74,83.77,71.18,82.47
82.34,82.34,78.34,76.25,77.14
81.22,81.22,79.75,76.75,79.84
81.50,81.50,77.19,74.88,82.46
80.96,80.96,78.00,75.19,79.55
78.89,78.89,74.04,74.82,79.44
79.00,79.00,73.51,75.19,79.66
79.39,79.39,68.51,76.34,80.72
68.22,68.22,64.10,74.42,79.01
71.24,71.24,63.69,74.43,79.26
61.52,61.52,64.84,75.62,76.04
66.05,66.05,66.82,78.28,78.85
72.69,72.69,65.54,76.73,78.02
73.99,73.99,58.04,72.61,77.42
74.61,74.61,52.97,75.91,75.84
73.80,73.80,58.42,74.08,76.15
72.66,72.66,56.83,71.53,73.75
73.34,73.34,52.59,67.22,71.69
70.15,70.15,59.94,59.72,73.23
71.34,71.34,55.98,54.97,72.90
82.52,82.52,53.54,47.09,71.22
81.66,81.66,53.78,39.82,72.80
82.48,82.48,53.78,39.61,70.93
82.18,82.18,54.55,38.02,71.45
83.23,83.23,54.56,38.72,71.57
83.21,83.21,56.26,34.50,68.35
82.38,82.38,48.75,33.00,70.40
82.13,82.13,49.77,29.27,68.46
75.86,75.86,44.90,30.43,66.94
79.00,79.00,44.52,24.90,67.55
82.51,82.51,44.24,29.10,67.83
82.76,82.76,50.31,40.56,63.89
82.26,82.26,42.45,32.55,64.09
82.28,82.28,45.73,39.04,65.40
82.42,82.42,43.98,34.20,63.16
82.26,82.26,43.43,42.58,61.32
82.28,82.28,47.21,40.07,62.74
81.70,81.70,44.82,39.35,55.89
81.42,81.42,51.97,46.35,61.39
77.22,77.22,44.89,42.14,57.82
73.61,73.61,45.54,41.91,60.77
72.16,72.16,45.35,39.92,56.01
68.93,68.93,45.78,40.58,56.11
65.07,65.07,45.87,42.43,49.89
56.24,56.24,38.39,39.20,49.79
47.05,47.05,47.72,35.04,49.09
44.39,44.39,48.01,39.03,51.27
44.14,44.14,50.96,39.49,47.77
47.42,47.42,48.44,35.51,47.27
50.56,50.56,46.18,41.09,49.13
68.62,68.62,42.16,40.24,48.61
66.54,66.54,43.61,30.69,47.06
68.62,68.62,43.93,34.73,41.90
81.38,81.38,45.19,30.22,37.97
82.98,82.98,42.04,30.91,40.12
83.34,83.34,39.98,29.56,40.84
82.71,82.71,42.33,30.65,40.10
82.49,82.49,35.65,17.97,39.26
76.79,76.79,39.67,24.53,37.80
73.44,73.44,45.86,30.70,40.78
61.01,61.01,58.71,36.90,43.41
48.51,48.51,57.08,26.74,42.08
45.35,45.35,52.82,27.90,39.95
43.33,43.33,43.35,33.95,42.42
41.50,41.50,42.50,33.18,40.89
41.68,41.68,38.19,27.37,43.34
44.35,44.35,39.42,22.86,45.09
41.22,41.22,41.06,33.39,44.99
45.00,45.00,39.28,34.69,44.45
44.91,44.91,37.57,32.48,36.89
45.13,45.13,39.60,32.44,32.92
65.24,65.24,40.59,29.11,34.27
84.84,84.84,37.25,22.84,32.25
83.64,83.64,41.92,25.44,32.87
84.57,84.57,38.01,22.51,35.74
84.23,84.23,40.26,19.18,40.83
83.26,83.26,46.29,28.48,49.70
83.69,83.69,50.55,33.61,57.17
83.08,83.08,64.32,46.74,62.15
79.99,79.99,83.46,63.47,66.82
79.72,79.72,88.19,72.94,76.62
74.03,74.03,80.36,75.21,80.88
64.32,64.32,79.49,81.87,82.64
62.79,62.79,77.13,82.30,84.20
70.87,70.87,78.00,79.45,83.99
67.29,67.29,78.35,80.49,82.53
65.79,65.79,74.14,75.97,81.48
69.24,69.24,65.29,79.35,80.55
69.74,69.74,68.42,81.79,82.49
73.79,73.79,69.66,76.63,80.71
74.90,74.90,71.57,80.96,81.81
75.49,75.49,69.35,79.63,78.52
74.77,74.77,67.64,77.15,80.98
75.29,75.29,63.86,80.55,79.89
77.07,77.07,64.04,81.25,80.04
77.44,77.44,57.98,81.38,79.21
75.82,75.82,58.37,80.43,78.47
76.55,76.55,58.39,78.67,77.50
77.83,77.83,59.45,75.43,75.94
78.57,78.57,60.39,60.87,76.78
78.14,78.14,60.58,55.28,70.39
77.46,77.46,59.36,54.56,66.07
78.34,78.34,54.49,55.88,64.38
79.74,79.74,56.89,44.05,65.22
78.99,78.99,55.86,42.55,67.51
78.90,78.90,57.45,44.81,66.92
78.38,78.38,54.42,45.33,66.89
79.40,79.40,54.80,43.88,68.70
79.53,79.53,53.70,39.22,69.13
79.15,79.15,50.20,37.89,69.12
78.16,78.16,53.85,37.24,69.23
79.58,79.58,57.25,38.29,70.03
80.17,80.17,55.20,30.14,69.64
79.73,79.73,54.42,34.95,68.43
79.84,79.84,50.70,36.04,66.01
81.24,81.24,52.69,38.95,62.82
80.62,80.62,52.94,33.64,60.50
76.39,76.39,53.80,28.96,59.70
75.47,75.47,51.61,25.82,61.06
76.24,76.24,51.44,30.23,60.80
76.53,76.53,52.71,30.78,60.31
78.18,78.18,50.60,22.43,59.23
81.23,81.23,50.63,26.55,54.79
79.07,79.07,49.79,20.75,53.10
76.49,76.49,49.90,26.15,51.45
73.44,73.44,48.28,24.67,54.40
73.22,73.22,50.18,30.72,53.43
75.78,75.78,45.19,24.25,53.34
77.52,77.52,48.40,30.52,54.19
77.34,77.34,44.39,31.20,53.48
75.91,75.91,46.49,30.18,52.67
73.51,73.51,40.02,28.09,50.09
67.63,67.63,41.39,33.28,49.68
62.63,62.63,38.62,29.63,48.81
71.88,71.88,30.91,22.97,47.51
77.24,77.24,30.00,23.34,44.62
76.66,76.66,28.86,22.67,43.50
74.89,74.89,21.74,21.97,40.79
74.58,74.58,23.66,13.57,36.24
76.00,76.00,22.00,21.87,37.90
76.53,76.53,29.22,25.38,38.09
61.14,61.14,26.86,28.79,39.23
47.44,47.44,26.89,28.15,40.42
43.89,43.89,32.72,29.44,42.45
44.50,44.50,28.49,26.43,44.44
45.50,45.50,31.12,25.46,43.69
46.30,46.30,33.76,26.47,42.95
44.21,44.21,32.51,26.42,42.00
46.72,46.72,34.19,25.00,40.61
51.63,51.63,33.96,22.62,42.12
50.41,50.41,32.37,19.13,39.76
44.13,44.13,31.95,20.57,38.17
42.12,42.12,30.01,26.41,38.36
48.39,48.39,26.33,20.05,36.64
48.68,48.68,26.83,19.22,30.90
70.43,70.43,26.39,27.47,29.06
80.08,80.08,26.17,22.54,28.77
83.38,83.38,22.68,15.47,26.52
81.55,81.55,28.41,14.55,20.48
80.11,80.11,30.41,15.83,26.24
79.10,79.10,38.06,18.32,27.32
78.62,78.62,48.96,18.05,38.37
78.86,78.86,58.37,27.62,51.45
77.49,77.49,75.00,28.53,59.52
77.68,77.68,71.19,16.06,58.37
77.66,77.66,62.68,20.20,56.08
76.54,76.54,58.87,21.27,52.91
76.96,76.96,52.87,14.28,50.03
77.46,77.46,46.91,12.55,47.78
77.26,77.26,41.47,14.62,43.92
76.98,76.98,40.55,12.29,40.24
77.37,77.37,41.93,14.46,40.32
77.44,77.44,51.12,18.39,45.24
77.38,77.38,65.66,24.92,56.73
77.63,77.63,69.29,26.64,57.18
77.25,77.25,69.71,26.05,56.87
76.62,76.62,61.68,21.52,52.76
77.31,77.31,54.87,12.87,49.93
77.66,77.66,49.30,14.12,47.40
76.95,76.95,41.87,13.38,45.58
76.96,76.96,37.70,8.68,44.79
77.26,77.26,33.44,17.05,41.98
77.65,77.65,28.66,13.96,38.93
77.66,77.66,28.32,12.87,38.73
77.50,77.50,30.35,12.59,36.35
77.35,77.35,27.06,6.05,34.12
77.50,77.50,25.16,4.82,34.41
77.77,77.77,25.40,5.76,33.67
77.82,77.82,26.91,7.84,35.04
77.28,77.28,27.83,10.79,33.48
77.61,77.61,37.99,13.63,35.21
77.46,77.46,49.31,18.88,45.00
77.37,77.37,58.45,18.83,51.10
75.50,75.50,71.57,13.00,56.90
76.71,76.71,69.62,6.59,58.13
77.55,77.55,62.26,13.69,52.32
77.24,77.24,57.97,11.82,49.90
77.00,77.00,52.76,14.82,47.01
76.54,76.54,47.05,19.95,42.22
76.33,76.33,39.72,15.56,39.08
76.38,76.38,36.97,11.73,36.29
76.21,76.21,42.53,6.06,36.72
76.99,76.99,51.43,10.19,44.63
77.11,77.11,67.79,14.03,57.62
76.92,76.92,72.06,12.70,57.02
76.81,76.81,69.18,14.77,54.67
77.22,77.22,61.50,18.80,49.65
77.11,77.11,55.66,14.43,47.35
76.87,76.87,52.11,16.39,44.70
76.99,76.99,43.66,14.16,43.01
77.29,77.29,37.76,7.14,40.26
77.25,77.25,30.99,8.03,38.31
77.08,77.08,28.44,7.40,34.95
76.94,76.94,25.27,7.29,34.18
76.98,76.98,28.09,6.04,33.28
76.92,76.92,32.20,11.14,35.24
76.89,76.89,29.51,10.67,33.93
76.90,76.90,25.02,6.02,30.47
77.09,77.09,24.30,7.85,27.37
76.81,76.81,28.04,6.55,25.87
76.68,76.68,34.49,10.59,31.23
76.81,76.81,46.67,11.08,37.63
76.87,76.87,58.28,18.50,50.95
76.81,76.81,63.44,14.23,54.77
76.78,76.78,73.03,5.50,58.18
76.65,76.65,65.45,7.11,50.97
76.09,76.09,61.44,11.09,44.38
76.02,76.02,56.19,20.24,42.73
76.77,76.77,51.60,18.89,44.63
77.07,77.07,46.72,25.03,36.85
77.25,77.25,42.32,17.27,35.32
77.45,77.45,43.47,15.53,34.08
77.40,77.40,50.95,7.55,42.67
77.64,77.64,67.96,18.32,55.14
77.08,77.08,68.92,10.31,54.80
77.70,77.70,72.59,16.28,53.83
77.20,77.20,66.54,15.75,49.61
77.14,77.14,61.04,16.90,46.13
77.62,77.62,53.79,17.89,45.24
77.32,77.32,48.93,11.74,42.62
77.13,77.13,42.25,14.91,38.14
77.69,77.69,37.02,14.84,34.57
77.78,77.78,30.46,9.66,32.76
77.40,77.40,31.08,16.47,33.57
77.65,77.65,31.04,15.12,29.00
77.91,77.91,29.37,5.26,29.98
77.09,77.09,26.86,8.65,33.34
77.54,77.54,28.53,10.83,31.60
77.81,77.81,28.16,8.62,26.92
78.12,78.12,26.55,10.64,29.01
77.88,77.88,30.50,8.85,31.05
77.54,77.54,38.77,10.96,26.95
77.51,77.51,50.25,18.17,36.26
78.54,78.54,65.07,24.52,45.72
77.41,77.41,67.93,19.08,52.65
76.61,76.61,74.91,21.98,52.12
77.38,77.38,64.29,16.94,44.12
78.90,78.90,59.83,24.42,36.69
78.05,78.05,53.85,21.02,34.27
78.43,78.43,47.95,18.57,33.26
77.92,77.92,41.91,16.97,28.75
78.47,78.47,39.05,16.45,26.03
78.50,78.50,44.47,8.62,24.91
78.39,78.39,49.92,9.82,32.74
78.24,78.24,64.27,18.29,47.51
78.21,78.21,70.25,17.56,44.37
77.50,77.50,71.78,18.88,35.06
77.77,77.77,62.05,29.04,35.31
77.57,77.57,56.37,24.09,28.75
76.70,76.70,51.26,13.16,23.40
75.84,75.84,46.14,19.14,19.79
76.69,76.69,38.69,12.64,18.07
76.78,76.78,37.93,17.26,18.08
77.04,77.04,31.29,14.65,18.08
77.76,77.76,29.93,13.89,19.47
78.41,78.41,27.33,9.99,18.36
78.05,78.05,31.24,8.36,18.98
78.00,78.00,24.96,5.08,16.44
77.89,77.89,25.45,3.15,10.93
77.02,77.02,26.83,7.46,11.26
76.83,76.83,26.58,9.57,10.92
76.33,76.33,26.10,8.41,11.19
76.36,76.36,34.86,14.25,22.93
75.35,75.35,44.04,20.24,37.85
75.76,75.76,58.99,24.72,47.87
77.51,77.51,65.79,23.43,51.29
78.19,78.19,75.04,25.33,55.28
78.04,78.04,66.85,26.14,48.72
77.79,77.79,62.22,22.64,39.88
77.56,77.56,57.10,15.35,37.87
77.03,77.03,50.23,22.40,31.51
77.39,77.39,45.99,11.42,31.59
77.53,77.53,40.47,11.37,30.56
77.89,77.89,37.80,9.66,29.17
76.65,76.65,33.77,13.17,24.73
75.20,75.20,27.67,14.24,25.46
76.23,76.23,35.42,11.72,18.52
76.93,76.93,30.26,9.67,18.92
77.15,77.15,27.44,10.91,18.02
78.01,78.01,22.38,7.63,14.00
78.03,78.03,30.52,16.29,17.19
77.84,77.84,25.03,19.51,18.74
77.82,77.82,31.26,16.10,18.82
77.77,77.77,42.50,11.89,26.87
77.06,77.06,51.58,21.56,40.56
77.19,77.19,66.94,25.83,51.35
77.77,77.77,69.87,27.46,50.28
77.54,77.54,71.77,26.83,46.84
78.15,78.15,65.44,31.98,44.77
78.33,78.33,60.93,29.54,39.21
77.64,77.64,55.13,17.67,34.53
76.79,76.79,50.88,10.05,32.52
76.92,76.92,45.47,10.02,29.46
77.05,77.05,43.78,10.94,23.39
77.35,77.35,42.63,14.43,19.53
77.36,77.36,42.40,18.25,21.84
76.08,76.08,37.37,20.07,21.29
76.64,76.64,36.21,16.17,19.65
76.47,76.47,32.66,22.41,18.55
77.08,77.08,34.36,37.14,21.65
76.85,76.85,43.35,48.23,32.48
77.81,77.81,52.21,50.47,35.34
76.92,76.92,43.28,49.37,42.08
76.43,76.43,39.20,53.44,50.79
74.33,74.33,33.27,61.76,59.81
75.16,75.16,33.90,78.70,73.93
71.97,71.97,48.26,80.27,80.65
75.69,75.69,56.05,78.86,81.42
67.43,67.43,53.81,81.03,82.11
59.80,59.80,48.01,82.14,83.15
66.93,66.93,40.80,82.60,79.64
65.54,65.54,37.68,82.67,79.81
64.68,64.68,31.94,82.19,78.25
65.20,65.20,26.93,82.00,76.57
68.56,68.56,24.71,74.15,75.95
61.57,61.57,29.97,64.85,76.26
61.16,61.16,43.88,63.23,76.31
53.39,53.39,50.87,81.77,80.85
56.03,56.03,46.34,76.95,80.56
55.12,55.12,36.81,75.02,82.28
58.30,58.30,34.64,78.54,82.61
42.65,42.65,30.19,80.33,82.22
51.18,51.18,27.51,81.06,81.14
53.86,53.86,29.41,81.33,78.69
59.44,59.44,31.07,77.04,78.66
59.54,59.54,30.68,75.71,76.41
60.61,60.61,29.28,72.20,76.15
55.32,55.32,28.15,57.39,70.87
50.68,50.68,28.85,56.10,70.85
48.23,48.23,31.45,53.69,72.53
43.30,43.30,33.24,59.96,70.66
46.34,46.34,33.91,59.94,68.64
41.33,41.33,30.85,58.43,66.73
43.16,43.16,25.69,57.86,66.32
49.92,49.92,26.38,54.49,68.75
36.74,36.74,25.08,57.51,69.69
32.00,32.00,31.02,78.05,76.20
21.19,21.19,37.87,82.97,83.31
17.86,17.86,37.01,81.98,83.07
16.98,16.98,38.21,81.62,83.93
14.91,14.91,34.06,81.81,83.18
18.04,18.04,28.11,82.06,82.75
20.11,20.11,24.78,82.23,80.26
18.15,18.15,23.05,77.68,80.45
12.35,12.35,27.55,67.03,77.19
8.57,8.57,37.01,67.03,78.10
5.34,5.34,47.50,74.13,75.78
7.57,7.57,57.23,82.93,75.80
13.17,13.17,62.95,83.64,78.96
12.15,12.15,59.45,83.52,81.37
13.14,13.14,55.63,81.29,81.22
17.79,17.79,50.92,78.67,79.73
16.25,16.25,44.50,74.69,78.68
20.42,20.42,40.50,74.93,79.73
22.53,22.53,37.70,77.56,78.97
18.01,18.01,38.34,78.81,78.47
7.23,7.23,34.60,67.16,78.81
8.14,8.14,34.07,65.37,76.76
13.27,13.27,35.22,56.29,74.83
12.42,12.42,33.48,48.69,73.75
16.90,16.90,31.31,52.30,72.35
18.58,18.58,29.86,50.93,71.84
26.13,26.13,32.24,49.30,68.73
25.10,25.10,29.46,58.43,69.46
21.66,21.66,27.41,60.79,69.15
13.01,13.01,23.36,61.02,67.31
6.92,6.92,30.70,61.03,74.23
13.53,13.53,40.69,73.53,81.22
16.20,16.20,51.42,85.75,80.65
14.01,14.01,50.56,84.64,82.29
14.19,14.19,44.70,84.13,81.45
12.87,12.87,39.45,82.79,77.28
10.59,10.59,33.72,80.68,77.72
6.52,6.52,32.76,79.54,79.03
5.76,5.76,35.68,79.20,76.60
5.99,5.99,34.79,73.23,75.07
5.42,5.42,41.54,75.14,72.13
11.74,11.74,46.82,74.03,71.43
23.77,23.77,53.99,79.50,76.51
22.20,22.20,51.26,80.21,79.56
19.26,19.26,43.53,81.39,78.29
16.25,16.25,35.76,81.44,78.70
14.66,14.66,33.44,81.80,80.29
19.27,19.27,30.97,81.86,76.09
22.71,22.71,31.02,81.46,77.57
21.75,21.75,30.71,80.00,78.23
15.70,15.70,30.81,71.70,76.73
8.66,8.66,29.32,70.46,74.08
16.68,16.68,31.66,64.62,75.29
18.48,18.48,33.71,55.51,73.66
19.89,19.89,34.51,54.69,70.80
22.70,22.70,35.37,56.41,70.20
26.80,26.80,31.97,52.00,69.07
23.58,23.58,30.91,49.63,69.64
23.00,23.00,30.54,53.20,71.09
17.45,17.45,25.97,52.32,69.80
11.12,11.12,24.58,62.12,67.73
13.03,13.03,29.91,75.05,77.81
24.01,24.01,38.89,83.62,82.40
29.48,29.48,42.72,85.55,82.04
25.93,25.93,41.13,85.89,82.53
16.44,16.44,33.77,85.35,81.25
16.26,16.26,30.45,84.04,76.55
13.15,13.15,28.03,80.62,77.64
9.91,9.91,31.86,76.26,75.66
5.42,5.42,33.39,73.53,76.00
2.61,2.61,43.87,70.79,72.23
3.28,3.28,44.23,76.67,72.71
7.79,7.79,46.57,80.10,78.73
18.16,18.16,59.75,83.19,82.70
17.38,17.38,60.19,87.71,83.21
16.87,16.87,55.61,88.58,80.32
18.81,18.81,50.87,87.80,79.89
15.04,15.04,44.00,86.49,77.59
12.12,12.12,37.65,85.13,77.94
12.47,12.47,37.83,84.77,76.09
11.50,11.50,35.75,84.72,77.46
11.03,11.03,35.40,81.96,74.47
11.91,11.91,38.55,79.18,76.31
9.77,9.77,36.74,75.76,73.59
12.20,12.20,34.36,71.46,70.75
15.28,15.28,33.53,70.54,69.94
21.88,21.88,35.52,68.63,70.01
25.90,25.90,37.12,64.95,70.86
24.61,24.61,35.79,64.33,72.56
16.92,16.92,33.07,63.43,71.92
16.82,16.82,34.38,61.40,69.89
14.91,14.91,41.70,59.00,71.71
10.74,10.74,49.85,77.65,79.27
17.93,17.93,58.83,85.98,80.93
13.10,13.10,56.23,87.95,81.34
11.85,11.85,54.98,87.66,79.60
12.25,12.25,47.86,86.10,80.34
14.64,14.64,40.30,84.47,79.79
16.66,16.66,35.67,83.67,80.73
17.06,17.06,33.92,83.69,78.14
20.47,20.47,31.63,84.51,78.93
15.88,15.88,31.97,82.95,77.01
10.63,10.63,33.94,79.42,74.79
7.40,7.40,32.57,76.13,71.59
10.17,10.17,33.64,71.35,69.00
16.72,16.72,36.78,69.73,67.41
20.53,20.53,38.40,65.33,66.50
19.46,19.46,37.95,58.77,66.20
24.10,24.10,41.23,55.63,67.53
23.85,23.85,43.61,57.01,66.50
17.39,17.39,35.04,58.18,63.52
8.53,8.53,33.66,50.47,66.14
10.24,10.24,40.90,55.41,70.50
20.61,20.61,49.81,63.33,80.27
23.56,23.56,51.42,74.73,84.74
17.69,17.69,48.65,80.36,83.53
17.54,17.54,43.38,83.26,83.37
16.06,16.06,36.81,84.35,82.67
15.94,15.94,30.52,83.14,80.45
10.65,10.65,27.11,80.38,81.02
10.28,10.28,25.88,79.33,78.99
10.49,10.49,23.58,79.31,78.14
14.03,14.03,22.91,79.65,77.91
13.26,13.26,26.20,80.00,77.86
15.33,15.33,29.14,77.79,73.99
15.95,15.95,28.92,73.62,68.96
15.96,15.96,26.91,64.39,68.50
16.96,16.96,26.19,61.20,68.00
22.64,22.64,25.55,53.84,67.82
23.38,23.38,25.47,49.31,63.35
23.25,23.25,33.52,58.70,62.30
21.63,21.63,43.08,59.42,63.40
15.04,15.04,52.68,57.29,62.60
7.88,7.88,61.38,55.06,62.42
7.38,7.38,72.29,50.77,63.89
9.38,9.38,73.65,49.51,57.97
13.91,13.91,67.98,48.34,55.02
17.51,17.51,62.73,49.07,60.50
17.58,17.58,58.40,53.64,67.87
19.09,19.09,52.13,55.65,65.40
24.39,24.39,53.55,53.16,57.23
24.10,24.10,53.46,50.57,62.77
16.91,16.91,52.93,45.48,62.09
9.20,9.20,52.80,47.79,56.79
9.13,9.13,63.03,46.02,51.97
11.90,11.90,71.09,53.84,52.59
14.15,14.15,71.53,45.68,51.96
13.17,13.17,66.04,46.92,54.33
14.65,14.65,61.95,42.38,54.86
17.17,17.17,58.74,34.35,60.82
25.93,25.93,54.07,32.84,63.72
29.13,29.13,49.48,33.94,58.00
28.70,28.70,46.94,39.52,56.39
32.14,32.14,46.95,38.64,60.66
33.19,33.19,44.59,33.42,58.25
36.06,36.06,44.29,30.10,51.88
38.97,38.97,44.57,29.14,49.97
42.70,42.70,43.69,30.10,50.28
40.39,40.39,41.45,27.86,48.30
40.30,40.30,40.20,32.08,46.69
41.90,41.90,41.53,35.69,49.85
37.12,37.12,45.61,36.91,50.16
25.74,25.74,49.63,34.49,42.04
18.96,18.96,58.84,38.42,39.54
8.88,8.88,69.47,36.69,40.74
9.49,9.49,76.17,44.85,38.05
11.67,11.67,66.96,39.91,32.16
17.90,17.90,62.55,33.96,31.37
26.92,26.92,59.24,32.55,34.17
33.14,33.14,54.08,33.64,35.73
38.86,38.86,49.76,26.25,36.86
39.99,39.99,48.16,28.16,37.12
38.93,38.93,50.17,24.99,35.43
29.27,29.27,52.00,24.76,28.07
15.43,15.43,52.70,26.39,29.71
15.02,15.02,75.26,40.17,35.63
11.11,11.11,75.25,31.27,36.49
14.12,14.12,67.56,28.43,32.57
17.33,17.33,63.22,28.86,24.68
28.53,28.53,58.22,24.80,22.81
32.52,32.52,52.18,30.62,25.46
37.59,37.59,47.03,24.87,28.47
40.00,40.00,44.21,24.89,29.54
40.63,40.63,40.56,28.36,29.79
36.20,36.20,36.96,25.49,30.31
37.25,37.25,36.64,27.20,31.89
36.69,36.69,33.72,21.06,33.25
36.97,36.97,31.15,21.88,34.36
38.61,38.61,30.55,24.26,36.89
39.89,39.89,33.98,28.51,35.62
39.51,39.51,33.30,18.63,33.74
36.48,36.48,34.64,17.49,29.28
30.58,30.58,36.83,21.48,28.27
19.76,19.76,43.88,24.58,36.28
19.36,19.36,58.65,30.85,44.69
10.05,10.05,70.07,29.19,44.08
9.90,9.90,71.80,34.32,46.31
12.09,12.09,65.19,32.07,37.86
23.47,23.47,59.67,33.00,31.37
33.65,33.65,55.99,30.05,28.07
38.71,38.71,50.70,31.33,30.84
40.34,40.34,45.90,25.86,30.68
34.02,34.02,42.81,21.05,30.60
26.97,26.97,43.10,14.83,29.14
23.93,23.93,55.24,18.34,33.55
17.29,17.29,71.50,33.09,35.66
12.34,12.34,75.05,33.52,31.32
10.94,10.94,69.28,36.13,26.90
12.46,12.46,64.94,33.64,22.26
21.41,21.41,58.94,32.58,25.47
31.39,31.39,54.69,24.53,30.13
35.31,35.31,50.20,23.77,30.85
37.00,37.00,42.80,24.56,27.53
36.04,36.04,41.08,21.78,27.37
34.42,34.42,36.50,24.64,25.62
31.41,31.41,30.99,19.32,19.98
29.41,29.41,31.82,21.05,19.35
24.49,24.49,31.21,16.44,16.07
22.19,22.19,26.85,19.95,13.63
21.76,21.76,25.02,24.44,12.57
24.31,24.31,26.01,22.06,15.43
26.31,26.31,26.16,13.40,15.04
26.73,26.73,28.12,15.22,15.50
20.50,20.50,30.82,18.37,19.23
9.83,9.83,35.46,18.39,26.18
9.80,9.80,45.04,22.47,37.87
12.34,12.34,78.57,27.82,44.61
11.78,11.78,68.80,24.05,33.39
18.28,18.28,62.26,28.85,30.23
27.59,27.59,59.54,23.78,25.82
34.53,34.53,53.28,29.05,27.65
38.63,38.63,47.33,26.25,28.55
39.26,39.26,43.49,24.19,27.29
36.09,36.09,42.21,21.30,24.33
24.89,24.89,41.30,12.05,19.60
15.11,15.11,40.91,17.00,18.92
18.37,18.37,60.76,22.29,29.05
17.67,17.67,77.55,19.90,33.68
16.23,16.23,68.20,20.20,32.84
18.90,18.90,63.01,23.62,30.81
26.37,26.37,58.62,18.71,26.23
34.96,34.96,53.92,24.40,24.14
38.51,38.51,48.19,21.77,26.15
37.61,37.61,43.83,24.41,25.37
34.65,34.65,38.48,19.72,22.56
32.56,32.56,34.83,18.33,22.47
29.83,29.83,32.47,17.63,18.77
27.66,27.66,28.55,17.53,14.77
21.21,21.21,26.30,12.92,11.10
18.32,18.32,34.14,18.48,10.77
15.06,15.06,28.90,23.17,8.48
14.81,14.81,29.74,18.93,8.29
18.13,18.13,28.44,11.95,10.43
19.05,19.05,30.45,15.96,11.99
15.24,15.24,33.74,18.79,15.79
9.27,9.27,37.09,17.08,26.08
9.17,9.17,48.99,17.18,37.73
15.10,15.10,75.93,16.01,45.91
16.63,16.63,73.20,10.11,39.33
12.88,12.88,68.20,18.21,30.68
17.21,17.21,63.61,18.70,27.61
23.17,23.17,58.76,26.64,31.81
31.01,31.01,55.04,23.10,34.77
34.52,34.52,50.13,25.80,32.99
35.47,35.47,44.08,24.48,30.33
33.53,33.53,41.30,24.02,27.04
34.45,34.45,38.71,18.96,24.98
31.50,31.50,35.06,14.97,21.38
28.39,28.39,42.43,18.80,18.61
25.70,25.70,30.33,18.17,17.48
23.87,23.87,34.98,21.75,17.24
21.84,21.84,38.64,22.11,15.48
19.83,19.83,37.73,19.72,14.43
20.78,20.78,44.16,24.93,18.19
16.10,16.10,43.50,22.79,19.93
11.81,11.81,39.88,18.57,22.02
9.29,9.29,42.92,18.63,32.61
9.16,9.16,72.81,19.34,36.34
6.07,6.07,76.38,19.93,35.61
4.66,4.66,69.34,25.38,28.37
8.52,8.52,63.55,27.63,22.42
14.64,14.64,58.67,26.30,25.49
24.75,24.75,55.20,18.40,28.54
31.54,31.54,52.02,19.09,29.05
34.67,34.67,48.43,24.07,29.06
34.58,34.58,44.10,28.37,24.63
32.52,32.52,39.30,21.94,21.07
29.85,29.85,35.52,22.26,16.76
26.26,26.26,37.10,18.50,13.80
25.73,25.73,34.79,27.09,13.79
28.06,28.06,36.99,22.71,14.69
27.89,27.89,37.22,20.45,14.87
33.24,33.24,37.49,17.15,21.42
30.06,30.06,37.55,29.25,33.31
26.40,26.40,36.85,43.40,39.50
17.25,17.25,34.60,51.92,54.72
14.00,14.00,31.64,54.68,58.77
16.74,16.74,37.85,70.11,77.44
28.47,28.47,47.76,80.73,81.97
30.06,30.06,47.07,81.51,80.79
27.92,27.92,40.18,79.38,81.37
25.33,25.33,34.50,77.57,82.15
20.25,20.25,25.91,77.16,80.65
16.23,16.23,17.94,78.45,77.87
13.92,13.92,18.91,78.74,77.06
10.25,10.25,19.18,77.89,79.42
6.82,6.82,27.21,78.09,74.01
12.87,12.87,35.29,76.90,72.64
22.86,22.86,47.35,70.77,78.78
21.89,21.89,45.63,75.59,78.30
14.48,14.48,37.09,79.00,79.05
13.93,13.93,29.30,79.77,79.03
10.47,10.47,23.35,79.68,77.90
8.99,8.99,21.21,79.39,76.62
11.73,11.73,19.63,78.03,76.58
10.75,10.75,19.16,78.59,76.22
7.72,7.72,17.41,79.02,77.84
5.69,5.69,20.11,79.39,75.78
6.39,6.39,20.38,76.80,71.18
6.31,6.31,19.40,74.15,69.36
7.70,7.70,23.87,71.86,70.03
11.55,11.55,25.33,67.45,72.84
13.71,13.71,26.42,65.35,72.24
12.99,12.99,27.47,62.59,71.19
13.23,13.23,26.57,55.33,68.40
10.97,10.97,27.08,51.32,68.49
8.24,8.24,28.99,55.54,65.03
8.44,8.44,32.55,58.24,67.13
22.50,22.50,35.08,73.79,76.40
30.00,30.00,34.22,77.55,84.43
28.40,28.40,27.29,79.24,81.35
19.54,19.54,20.32,78.55,83.21
11.24,11.24,14.88,79.29,78.52
8.44,8.44,13.36,78.56,78.66
8.10,8.10,13.35,78.39,77.57
4.70,4.70,14.68,78.88,75.72
2.39,2.39,22.77,79.06,75.38
1.23,1.23,35.29,74.63,74.31
3.29,3.29,46.69,66.26,71.82
13.63,13.63,58.19,75.42,74.61
14.08,14.08,57.94,77.57,78.39
14.33,14.33,52.09,79.23,79.51
12.52,12.52,46.80,77.65,77.34
11.12,11.12,40.94,77.16,76.48
8.29,8.29,36.20,77.33,76.73
4.54,4.54,26.76,78.04,76.03
2.53,2.53,24.65,78.03,77.30
3.77,3.77,23.62,76.90,76.45
3.39,3.39,22.50,76.13,77.67
8.48,8.48,25.37,73.88,73.33
3.22,3.22,21.76,71.56,70.98
3.27,3.27,21.58,68.91,68.18
7.13,7.13,24.52,61.20,68.97
8.62,8.62,31.66,55.56,64.78
14.40,14.40,32.30,46.68,67.63
16.58,16.58,28.83,46.69,66.86
16.47,16.47,25.54,60.09,67.76
19.19,19.19,25.54,59.92,68.08
20.21,20.21,27.29,74.35,73.20
32.17,32.17,38.35,82.19,83.46
29.43,29.43,31.75,83.15,80.09
25.62,25.62,23.76,83.17,79.48
23.63,23.63,20.71,81.17,78.11
21.08,21.08,17.82,80.32,78.06
16.99,16.99,15.05,76.81,77.07
13.46,13.46,14.02,77.24,76.95
10.53,10.53,18.75,78.87,77.76
7.97,7.97,25.52,75.79,75.97
8.40,8.40,32.54,72.26,72.88
16.47,16.47,44.06,64.62,71.31
18.06,18.06,42.16,77.06,77.08
14.67,14.67,34.72,79.68,78.13
11.86,11.86,26.59,79.89,78.80
8.75,8.75,18.39,78.01,75.20
5.72,5.72,16.40,77.49,77.07
2.50,2.50,14.72,77.32,77.16
0.51,0.51,16.26,78.32,75.63
1.20,1.20,16.58,77.24,76.18
2.54,2.54,17.53,77.00,74.33
2.14,2.14,17.67,75.09,74.50
1.91,1.91,20.61,72.97,73.47
9.66,9.66,23.17,70.51,71.41
14.85,14.85,26.07,66.86,65.49
17.78,17.78,27.58,60.89,67.08
18.77,18.77,27.77,52.51,67.37
15.70,15.70,28.15,48.70,68.50
10.40,10.40,20.87,52.49,69.68
6.34,6.34,17.41,60.02,67.01
9.46,9.46,22.46,61.74,74.64
20.00,20.00,27.61,74.64,79.92
29.12,29.12,29.20,79.03,80.08
26.77,26.77,26.28,81.50,80.60
17.84,17.84,18.72,82.24,80.43
17.84,17.84,16.62,81.88,77.66
15.78,15.78,18.11,79.70,77.05
17.92,17.92,18.89,79.33,78.66
15.18,15.18,17.52,78.65,77.39
16.96,16.96,22.54,80.36,74.12
21.67,21.67,30.81,71.15,70.21
21.38,21.38,34.92,69.31,72.45
21.80,21.80,47.48,72.79,79.84
17.08,17.08,47.52,81.44,80.13
12.10,12.10,43.83,78.57,83.11
16.17,16.17,36.55,75.06,80.52
13.99,13.99,30.16,78.16,80.46
12.91,12.91,23.14,78.03,78.64
13.91,13.91,22.20,77.42,77.68
12.85,12.85,20.21,76.09,78.59
10.34,10.34,21.12,73.88,78.98
10.98,10.98,20.73,71.68,78.03
18.36,18.36,24.29,70.55,77.87
19.33,19.33,23.88,69.38,75.26
20.94,20.94,24.47,67.62,76.03
21.93,21.93,26.64,63.25,73.62
26.04,26.04,33.04,61.06,73.40
27.53,27.53,32.08,58.53,71.15
24.51,24.51,32.10,57.64,72.18
18.23,18.23,26.87,49.63,68.29
23.05,23.05,25.60,54.20,67.97
27.13,27.13,31.87,55.17,73.01
23.90,23.90,41.57,70.67,80.08
22.63,22.63,44.20,81.31,83.63
18.04,18.04,39.53,82.77,81.65
14.22,14.22,30.97,80.31,79.62
15.10,15.10,23.89,79.74,78.31
19.79,19.79,20.31,78.63,79.64
21.38,21.38,19.59,79.62,80.45
24.16,24.16,19.58,77.55,76.40
20.88,20.88,18.24,79.00,75.58
22.39,22.39,21.06,77.24,74.99
22.95,22.95,23.57,72.32,75.45
25.92,25.92,28.05,68.91,72.54
31.42,31.42,30.54,68.70,69.97
33.33,33.33,33.91,65.97,69.21
32.13,32.13,36.00,62.27,64.00
30.98,30.98,38.04,58.87,62.38
25.31,25.31,40.59,53.88,58.93
16.92,16.92,42.84,51.58,61.83
17.97,17.97,38.21,52.27,64.43
17.08,17.08,29.62,57.60,68.42
24.13,24.13,32.08,68.00,82.52
31.29,31.29,36.81,77.82,82.24
28.46,28.46,34.01,83.05,81.96
24.28,24.28,29.26,83.90,81.03
24.27,24.27,25.99,83.29,80.49
20.89,20.89,22.92,82.24,80.70
23.70,23.70,20.60,80.17,77.90
18.78,18.78,16.88,78.71,78.66
12.77,12.77,15.63,79.66,77.14
12.50,12.50,14.01,80.01,76.18
4.55,4.55,14.53,77.31,76.09
1.47,1.47,16.56,76.02,72.54
4.58,4.58,21.15,71.70,70.18
9.69,9.69,21.91,68.70,67.08
12.21,12.21,21.27,62.82,66.98
10.45,10.45,23.97,57.85,65.98
11.93,11.93,21.53,59.80,68.30
11.83,11.83,22.05,59.95,66.39
16.60,16.60,22.06,58.99,65.76
19.68,19.68,26.31,56.84,64.75
21.22,21.22,27.72,49.29,62.04
25.33,25.33,29.72,47.01,59.31
27.15,27.15,33.21,53.73,58.34
31.07,31.07,34.43,52.70,59.95
34.83,34.83,38.91,53.04,59.08
36.08,36.08,37.84,52.89,59.82
33.28,33.28,38.88,52.69,57.43
30.53,30.53,42.54,50.76,57.55
34.73,34.73,44.06,46.47,53.88
36.89,36.89,46.03,41.62,54.42
39.42,39.42,47.17,42.29,53.73
37.64,37.64,46.95,39.05,52.17
34.70,34.70,47.05,38.52,51.36
29.97,29.97,48.27,37.42,51.94
33.98,33.98,48.08,33.97,52.55
33.59,33.59,46.43,33.69,51.66
33.94,33.94,46.20,34.38,50.89
37.46,37.46,44.19,32.29,50.00
39.41,39.41,43.06,31.66,48.72
41.98,41.98,43.07,37.34,46.75
36.80,36.80,44.49,36.39,46.90
39.07,39.07,43.04,32.58,42.71
37.91,37.91,42.76,35.39,42.60
36.74,36.74,43.95,38.43,43.24
32.99,32.99,41.93,36.34,43.66
38.31,38.31,42.98,36.90,41.19
34.30,34.30,41.63,34.96,43.38
31.88,31.88,41.58,34.94,41.65
36.98,36.98,41.41,28.99,40.24
33.13,33.13,39.41,29.64,37.42
29.44,29.44,40.53,32.96,37.72
34.33,34.33,41.35,30.11,35.19
31.48,31.48,38.44,28.82,35.18
32.96,32.96,39.82,24.98,33.46
33.75,33.75,39.20,27.76,32.77
32.78,32.78,37.15,29.11,31.71
31.95,31.95,38.96,30.69,33.85
31.94,31.94,37.77,29.92,31.92
33.96,33.96,37.00,25.92,32.21
27.44,27.44,37.05,28.67,32.31
30.08,30.08,37.63,30.67,31.39
29.81,29.81,37.80,28.77,29.98
25.08,25.08,37.89,29.54,29.95
28.48,28.48,37.08,27.85,29.70
29.61,29.61,36.51,23.21,28.49
30.87,30.87,33.19,22.02,28.75
23.17,23.17,34.32,20.23,28.23
24.04,24.04,33.34,20.32,27.78
23.23,23.23,32.65,24.09,26.93
24.69,24.69,31.75,19.87,24.96
29.76,29.76,30.51,18.42,23.49
29.14,29.14,29.11,21.87,21.68
25.50,25.50,28.99,22.30,20.41
21.06,21.06,29.61,17.11,20.56
24.58,24.58,28.82,21.97,20.06
19.53,19.53,28.24,23.67,21.40
24.68,24.68,29.49,20.81,21.39
19.79,19.79,25.77,19.59,20.81
17.55,17.55,28.63,23.07,20.00
24.07,24.07,28.57,21.13,18.50
17.43,17.43,25.17,16.29,16.70
17.40,17.40,28.86,19.75,18.54
23.91,23.91,28.22,19.30,17.37
22.25,22.25,24.88,13.26,12.37
16.45,16.45,26.07,15.91,12.75
19.80,19.80,26.15,16.40,14.05
21.52,21.52,24.57,15.20,14.80
18.91,18.91,24.91,18.11,15.48
18.87,18.87,22.74,15.53,15.16
15.94,15.94,22.68,13.72,13.09
17.89,17.89,24.80,16.32,15.53
14.96,14.96,23.91,18.25,15.20
9.11,9.11,23.64,13.88,11.60
10.28,10.28,22.23,15.44,10.85
12.37,12.37,21.81,15.13,10.86
16.56,16.56,21.27,11.09,14.80
8.85,8.85,17.96,9.01,10.72
11.51,11.51,20.27,9.84,9.21
6.36,6.36,18.99,9.78,6.13
4.17,4.17,15.57,7.69,4.34
9.65,9.65,19.52,10.06,6.37
13.21,13.21,17.44,8.11,4.48
9.10,9.10,15.93,7.26,4.03
3.41,3.41,17.95,9.51,5.15
5.78,5.78,17.18,9.15,3.82
6.01,6.01,13.82,7.22,2.76
4.55,4.55,17.34,8.75,4.74
2.48,2.48,14.75,8.47,3.87
1.50,1.50,15.97,8.31,3.97
2.68,2.68,16.88,7.08,3.76
4.97,4.97,17.56,7.23,3.51
4.15,4.15,13.61,6.74,2.15
1.38,1.38,11.41,5.04,1.28
0.08,0.08,9.69,4.13,0.34
0.08,0.08,13.77,7.78,1.84
0.08,0.08,15.47,9.90,3.47
0.08,0.08,16.73,10.69,3.39
0.08,0.08,12.42,6.78,2.09
0.08,0.08,8.19,1.14,0.46
0.08,0.08,9.73,2.08,0.24
0.08,0.08,15.49,5.95,2.57
0.08,0.08,12.00,5.31,0.50
0.08,0.08,11.17,5.80,0.37
0.08,0.08,7.94,4.49,0.28
0.08,0.08,8.83,3.46,0.23
0.08,0.08,7.70,2.75,0.11
0.08,0.08,7.04,1.19,0.02
0.08,0.08,13.12,4.37,0.44
0.08,0.08,15.58,7.49,0.98
0.08,0.08,11.13,6.61,0.22
0.08,0.08,5.93,4.60,-0.00
0.08,0.08,0.76,0.65,-0.00
0.08,0.08,4.09,0.13,-0.00
0.08,0.08,12.86,6.22,0.21
0.08,0.08,12.51,5.45,0.27
0.08,0.08,5.02,2.07,-0.00
0.08,0.08,7.38,0.89,-0.00
0.08,0.08,9.56,4.05,-0.00
0.08,0.08,6.34,3.59,-0.00
0.08,0.08,8.19,3.43,-0.00
0.08,0.08,3.66,1.00,-0.00
0.08,0.08,5.23,1.84,0.00
0.08,0.08,10.89,4.03,0.46
0.08,0.08,6.86,2.68,0.01
0.08,0.08,10.39,4.73,0.44
0.08,0.08,11.55,5.87,0.44
0.08,0.08,11.10,4.89,0.23
0.08,0.08,10.16,3.38,0.01
0.08,0.08,5.17,0.46,-0.00
0.08,0.08,6.34,0.56,-0.00
0.08,0.08,11.19,5.41,0.04
0.08,0.08,12.19,5.65,0.54
0.08,0.08,11.22,4.04,0.46
0.08,0.08,9.14,1.91,0.10
0.08,0.08,8.64,1.65,-0.00
0.08,0.08,10.34,3.75,-0.00
0.08,0.08,10.59,5.84,-0.00
0.08,0.08,9.66,5.40,-0.00
0.08,0.08,5.41,1.86,-0.00
0.08,0.08,6.86,1.60,-0.00
0.08,0.08,9.56,2.54,0.01
0.08,0.08,8.93,2.21,-0.00
0.08,0.08,8.70,2.13,-0.00
0.08,0.08,6.99,1.74,-0.00
0.08,0.08,7.65,2.29,-0.00
0.08,0.08,8.83,3.12,-0.00
0.08,0.08,9.47,3.30,-0.00
0.08,0.08,8.22,1.65,-0.00
0.08,0.08,8.44,1.41,-0.00
0.08,0.08,5.65,0.72,-0.00
0.08,0.08,5.86,1.20,-0.00
0.08,0.08,4.19,0.53,-0.00
0.08,0.08,3.03,-0.00,-0.00
0.08,0.08,3.35,-0.00,-0.00
0.08,0.08,3.33,-0.00,-0.00
0.08,0.08,3.82,-0.00,-0.00
0.08,0.08,3.12,-0.00,-0.00
0.08,0.08,0.54,-0.00,-0.00
0.08,0.08,-0.00,-0.00,-0.00
0.08,0.08,-0.00,-0.00,-0.00
0.08,0.08,-0.00,-0.00,-0.00
0.08,0.08,-0.00,-0.00,-0.00
0.08,0.08,-0.00,-0.00,-0.00
0.08,0.08,-0.00,-0.00,-0.00
0.08,0.08,-0.00,-0.00,-0.00
0.08,0.08,-0.00,-0.00,-0.00
0.08,0.08,-0.00,-0.00,-0.00
0.08,0.08,-0.00,-0.00,-0.00
0.08,0.08,-0.00,-0.00,-0.00
0.08,0.08,-0.00,-0.00,-0.00
0.08,0.08,-0.00,-0.00,-0.00
0.08,0.08,-0.00,-0.00,-0.00
0.08,0.08,-0.00,-0.00,-0.00
0.08,0.08,-0.00,-0.00,-0.00
0.08,0.08,-0.00,-0.00,-0.00
0.08,0.08,-0.00,-0.00,-0.00
0.08,0.08,-0.00,-0.00,-0.00
0.08,0.08,-0.00,-0.00,-0.00
0.08,0.08,-0.00,-0.00,-0.00
0.08,0.08,-0.00,-0.00,-0.00
0.08,0.08,-0.00,-0.00,-0.00
0.08,0.08,-0.00,-0.00,-0.00
0.08,0.08,-0.00,-0.00,-0.00
0.08,0.08,-0.00,-0.00,-0.00
0.08,0.08,-0.00,-0.00,-0.00
0.08,0.08,-0.00,-0.00,-0.00
0.08,0.08,-0.00,-0.00,-0.00
0.08,0.08,-0.00,-0.00,-0.00
0.08,0.08,-0.00,-0.00,-0.00
0.08,0.08,-0.00,-0.00,-0.00
0.08,0.08,-0.00,-0.00,-0.00
0.08,0.08,-0.00,-0.00,-0.00
0.08,0.08,-0.00,-0.00,-0.00
0.08,0.08,-0.00,-0.00,-0.00
0.08,0.08,-0.00,-0.00,-0.00
0.08,0.08,-0.00,-0.00,-0.00
0.08,0.08,-0.00,-0.00,-0.00
0.08,0.08,-0.00,-0.00,-0.00
0.08,0.08,-0.00,-0.00,-0.00
0.08,0.08,-0.00,-0.00,-0.00
0.08,0.08,-0.00,-0.00,-0.00
0.08,0.08,-0.00,-0.00,-0.00
0.08,0.08,-0.00,-0.00,-0.00
0.08,0.08,-0.00,-0.00,-0.00
0.08,0.08,-0.00,-0.00,-0.00
0.08,0.08,-0.00,-0.00,-0.00
0.08,0.08,-0.00,-0.00,-0.00
0.08,0.08,-0.00,-0.00,-0.00
0.08,0.08,-0.00,-0.00,-0.00
0.08,0.08,-0.00,-0.00,-0.00
0.08,0.08,-0.00,-0.00,-0.00
0.08,0.08,-0.00,-0.00,-0.00
0.08,0.08,-0.00,-0.00,-0.00
0.08,0.08,-0.00,-0.00,-0.00
0.08,0.08,-0.00,-0.00,-0.00
0.08,0.08,-0.00,-0.00,-0.00
0.08,0.08,-0.00,-0.00,-0.00
0.08,0.08,-0.00,-0.00,-0.00
0.08,0.08,-0.00,-0.00,-0.00
0.08,0.08,-0.00,-0.00,-0.00
0.08,0.08,-0.00,-0.00,-0.00
0.08,0.08,-0.00,-0.00,-0.00
0.08,0.08,-0.00,-0.00,-0.00
0.08,0.08,-0.00,-0.00,-0.00
0.08,0.08,-0.00,-0.00,-0.00
0.08,0.08,-0.00,-0.00,-0.00
0.08,0.08,-0.00,-0.00,-0.00
0.08,0.08,-0.00,-0.00,-0.00
0.08,0.08,-0.00,-0.00,-0.00
0.08,0.08,-0.00,-0.00,-0.00
0.08,0.08,-0.00,-0.00,-0.00
0.08,0.08,-0.00,-0.00,-0.00
0.08,0.08,-0.00,-0.00,-0.00
0.08,0.08,-0.00,-0.00,-0.00
0.08,0.08,-0.00,-0.00,-0.00
0.08,0.08,-0.00,-0.00,-0.00
0.08,0.08,-0.00,-0.00,-0.00
0.08,0.08,-0.00,-0.00,-0.00
0.08,0.08,-0.00,-0.00,-0.00
0.08,0.08,-0.00,-0.00,-0.00
0.08,0.08,-0.00,-0.00,-0.00
0.08,0.08,-0.00,-0.00,-0.00
0.08,0.08,-0.00,-0.00,-0.00
0.08,0.08,-0.00,-0.00,-0.00
0.08,0.08,-0.00,-0.00,-0.00
0.08,0.08,-0.00,-0.00,-0.00
0.08,0.08,-0.00,-0.00,-0.00
0.08,0.08,-0.00,-0.00,-0.00
0.08,0.08,-0.00,-0.00,-0.00
0.08,0.08,-0.00,-0.00,-0.00
0.08,0.08,-0.00,-0.00,-0.00
0.08,0.08,-0.00,-0.00,-0.00
0.08,0.08,-0.00,-0.00,-0.00
0.08,0.08,-0.00,-0.00,-0.00
0.08,0.08,-0.00,-0.00,-0.00
0.08,0.08,-0.00,-0.00,-0.00
0.08,0.08,-0.00,-0.00,-0.00
0.08,0.08,-0.00,-0.00,-0.00
0.08,0.08,-0.00,-0.00,-0.00
0.08,0.08,-0.00,-0.00,-0.00
0.08,0.08,-0.00,-0.00,-0.00
0.08,0.08,-0.00,-0.00,-0.00
0.08,0.08,-0.00,-0.00,-0.00
0.08,0.08,-0.00,-0.00,-0.00
0.08,0.08,-0.00,-0.00,-0.00
0.08,0.08,-0.00,-0.00,-0.00
0.08,0.08,-0.00,-0.00,-0.00
0.08,0.08,-0.00,-0.00,-0.00
0.08,0.08,-0.00,-0.00,-0.00
0.08,0.08,-0.00,-0.00,-0.00
0.08,0.08,-0.00,-0.00,-0.00
0.08,0.08,-0.00,-0.00,-0.00
0.08,0.08,-0.00,-0.00,-0.00
0.08,0.08,-0.00,-0.00,-0.00
0.08,0.08,-0.00,-0.00,-0.00
0.08,0.08,-0.00,-0.00,-0.00
0.08,0.08,-0.00,-0.00,-0.00
0.08,0.08,-0.00,-0.00,-0.00
0.08,0.08,-0.00,-0.00,-0.00
0.08,0.08,-0.00,-0.00,-0.00
0.08,0.08,-0.00,-0.00,-0.00
0.08,0.08,-0.00,-0.00,-0.00
0.08,0.08,-0.00,-0.00,-0.00
0.08,0.08,-0.00,-0.00,-0.00
0.08,0.08,-0.00,-0.00,-0.00
0.08,0.08,-0.00,-0.00,-0.00
0.08,0.08,-0.00,-0.00,-0.00
0.08,0.08,-0.00,-0.00,-0.00
0.08,0.08,-0.00,-0.00,-0.00
0.08,0.08,-0.00,-0.00,-0.00
0.08,0.08,-0.00,-0.00,-0.00
0.08,0.08,-0.00,-0.00,-0.00
0.08,0.08,-0.00,-0.00,-0.00
0.08,0.08,-0.00,-0.00,-0.00
0.08,0.08,-0.00,-0.00,-0.00
0.08,0.08,-0.00,-0.00,-0.00
0.08,0.08,-0.00,-0.00,-0.00
0.08,0.08,-0.00,-0.00,-0.00
0.08,0.08,-0.00,-0.00,-0.00
0.08,0.08,-0.00,-0.00,-0.00
0.08,0.08,-0.00,-0.00,-0.00
0.08,0.08,-0.00,-0.00,-0.00
0.08,0.08,-0.00,-0.00,-0.00
0.08,0.08,-0.00,-0.00,-0.00
0.08,0.08,-0.00,-0.00,-0.00
0.08,0.08,-0.00,-0.00,-0.00
0.08,0.08,-0.00,-0.00,-0.00
0.08,0.08,-0.00,-0.00,-0.00
0.08,0.08,-0.00,-0.00,-0.00
0.08,0.08,-0.00,-0.00,-0.00
0.08,0.08,-0.00,-0.00,-0.00
0.08,0.08,-0.00,-0.00,-0.00
0.08,0.08,-0.00,-0.00,-0.00
0.08,0.08,-0.00,-0.00,-0.00
0.08,0.08,-0.00,-0.00,-0.00
0.08,0.08,-0.00,-0.00,-0.00
0.08,0.08,-0.00,-0.00,-0.00
0.08,0.08,-0.00,-0.00,-0.00
0.08,0.08,-0.00,-0.00,-0.00
0.08,0.08,-0.00,-0.00,-0.00
0.08,0.08,-0.00,-0.00,-0.00
0.08,0.08,-0.00,-0.00,-0.00
0.08,0.08,-0.00,-0.00,-0.00
0.08,0.08,-0.00,-0.00,-0.00
0.08,0.08,-0.00,-0.00,-0.00
0.08,0.08,-0.00,-0.00,-0.00
0.08,0.08,-0.00,-0.00,-0.00
0.08,0.08,-0.00,-0.00,-0.00
0.08,0.08,-0.00,-0.00,-0.00
0.08,0.08,-0.00,-0.00,-0.00
0.08,0.08,-0.00,-0.00,-0.00
0.08,0.08,-0.00,-0.00,-0.00
0.08,0.08,-0.00,-0.00,-0.00
0.08,0.08,-0.00,-0.00,-0.00
0.08,0.08,-0.00,-0.00,-0.00
0.08,0.08,-0.00,-0.00,-0.00
0.08,0.08,-0.00,-0.00,-0.00
0.08,0.08,-0.00,-0.00,-0.00
0.08,0.08,-0.00,-0.00,-0.00
0.08,0.08,-0.00,-0.00,-0.00
0.08,0.08,-0.00,-0.00,-0.00
0.08,0.08,-0.00,-0.00,-0.00
0.08,0.08,-0.00,-0.00,-0.00
0.08,0.08,-0.00,-0.00,-0.00
0.08,0.08,-0.00,-0.00,-0.00
0.08,0.08,-0.00,-0.00,-0.00
0.08,0.08,-0.00,-0.00,-0.00
0.08,0.08,-0.00,-0.00,-0.00
0.08,0.08,-0.00,-0.00,-0.00
0.08,0.08,-0.00,-0.00,-0.00
0.08,0.08,-0.00,-0.00,-0.00
0.08,0.08,-0.00,-0.00,-0.00
0.08,0.08,-0.00,-0.00,-0.00
0.08,0.08,-0.00,-0.00,-0.00
0.08,0.08,-0.00,-0.00,-0.00
0.08,0.08,-0.00,-0.00,-0.00
0.08,0.08,-0.00,-0.00,-0.00
0.08,0.08,-0.00,-0.00,-0.00
0.08,0.08,-0.00,-0.00,-0.00
0.08,0.08,-0.00,-0.00,-0.00
0.08,0.08,-0.00,-0.00,-0.00
0.08,0.08,-0.00,-0.00,-0.00
0.08,0.08,-0.00,-0.00,-0.00
0.08,0.08,-0.00,-0.00,-0.00
0.08,0.08,-0.00,-0.00,-0.00
0.08,0.08,-0.00,-0.00,-0.00
0.08,0.08,-0.00,-0.00,-0.00
0.08,0.08,-0.00,-0.00,-0.00
0.08,0.08,-0.00,-0.00,-0.00
0.08,0.08,-0.00,-0.00,-0.00
0.08,0.08,-0.00,-0.00,-0.00
0.08,0.08,-0.00,-0.00,-0.00
0.08,0.08,-0.00,-0.00,-0.00
0.08,0.08,-0.00,-0.00,-0.00
0.08,0.08,-0.00,-0.00,-0.00
0.08,0.08,-0.00,-0.00,-0.00
0.08,0.08,-0.00,-0.00,-0.00
0.08,0.08,-0.00,-0.00,-0.00
0.08,0.08,-0.00,-0.00,-0.00
0.08,0.08,-0.00,-0.00,-0.00
0.08,0.08,-0.00,-0.00,-0.00
0.08,0.08,-0.00,-0.00,-0.00
0.08,0.08,-0.00,-0.00,-0.00
0.08,0.08,-0.00,-0.00,-0.00
0.08,0.08,-0.00,-0.00,-0.00
0.08,0.08,-0.00,-0.00,-0.00
0.08,0.08,-0.00,-0.00,-0.00
0.08,0.08,-0.00,-0.00,-0.00
0.08,0.08,-0.00,-0.00,-0.00
0.08,0.08,-0.00,-0.00,-0.00
0.08,0.08,-0.00,-0.00,-0.00
0.08,0.08,-0.00,-0.00,-0.00
0.08,0.08,-0.00,-0.00,-0.00
0.08,0.08,-0.00,-0.00,-0.00
0.08,0.08,-0.00,-0.00,-0.00
0.08,0.08,-0.00,-0.00,-0.00
0.08,0.08,-0.00,-0.00,-0.00
0.08,0.08,-0.00,-0.00,-0.00
0.08,0.08,-0.00,-0.00,-0.00
0.08,0.08,-0.00,-0.00,-0.00
0.08,0.08,-0.00,-0.00,-0.00
0.08,0.08,-0.00,-0.00,-0.00
0.08,0.08,-0.00,-0.00,-0.00
0.08,0.08,-0.00,-0.00,-0.00
0.08,0.08,-0.00,-0.00,-0.00
0.08,0.08,-0.00,-0.00,-0.00
0.08,0.08,-0.00,-0.00,-0.00
0.08,0.08,-0.00,-0.00,-0.00
0.08,0.08,-0.00,-0.00,-0.00
0.08,0.08,-0.00,-0.00,-0.00
0.08,0.08,-0.00,-0.00,-0.00
0.08,0.08,-0.00,-0.00,-0.00
0.08,0.08,-0.00,-0.00,-0.00
0.08,0.08,-0.00,-0.00,-0.00
0.08,0.08,-0.00,-0.00,-0.00
0.08,0.08,-0.00,-0.00,-0.00
0.08,0.08,-0.00,-0.00,-0.00
0.08,0.08,-0.00,-0.00,-0.00
0.08,0.08,-0.00,-0.00,-0.00
0.08,0.08,-0.00,-0.00,-0.00
0.08,0.08,-0.00,-0.00,-0.00
0.08,0.08,-0.00,-0.00,-0.00
0.08,0.08,-0.00,-0.00,-0.00
0.08,0.08,-0.00,-0.00,-0.00
0.08,0.08,-0.00,-0.00,-0.00
0.08,0.08,-0.00,-0.00,-0.00
0.08,0.08,-0.00,-0.00,-0.00
0.08,0.08,-0.00,-0.00,-0.00
0.08,0.08,-0.00,-0.00,-0.00
0.08,0.08,-0.00,-0.00,-0.00
0.08,0.08,-0.00,-0.00,-0.00
0.08,0.08,-0.00,-0.00,-0.00
0.08,0.08,-0.00,-0.00,-0.00
0.08,0.08,-0.00,-0.00,-0.00
0.08,0.08,-0.00,-0.00,-0.00
0.08,0.08,-0.00,-0.00,-0.00
0.08,0.08,-0.00,-0.00,-0.00
0.08,0.08,-0.00,-0.00,-0.00
0.08,0.08,-0.00,-0.00,-0.00
0.08,0.08,-0.00,-0.00,-0.00
0.08,0.08,-0.00,-0.00,-0.00
0.08,0.08,-0.00,-0.00,-0.00
0.08,0.08,-0.00,-0.00,-0.00
0.08,0.08,-0.00,-0.00,-0.00
0.08,0.08,-0.00,-0.00,-0.00
0.08,0.08,-0.00,-0.00,-0.00
0.08,0.08,-0.00,-0.00,-0.00
0.08,0.08,-0.00,-0.00,-0.00
0.08,0.08,-0.00,-0.00,-0.00
0.08,0.08,-0.00,-0.00,-0.00
0.08,0.08,-0.00,-0.00,-0.00
0.08,0.08,-0.00,-0.00,-0.00
0.08,0.08,-0.00,-0.00,-0.00
0.08,0.08,-0.00,-0.00,-0.00
0.08,0.08,-0.00,-0.00,-0.00
0.08,0.08,-0.00,-0.00,-0.00
0.08,0.08,-0.00,-0.00,-0.00
0.08,0.08,-0.00,-0.00,-0.00
0.08,0.08,-0.00,-0.00,-0.00
0.08,0.08,-0.00,-0.00,-0.00
0.08,0.08,-0.00,-0.00,-0.00
0.08,0.08,-0.00,-0.00,-0.00
0.08,0.08,-0.00,-0.00,-0.00
0.08,0.08,-0.00,-0.00,-0.00
0.08,0.08,-0.00,-0.00,-0.00
0.08,0.08,-0.00,-0.00,-0.00
0.08,0.08,-0.00,-0.00,-0.00
0.08,0.08,-0.00,-0.00,-0.00
0.08,0.08,-0.00,-0.00,-0.00
0.08,0.08,-0.00,-0.00,-0.00
0.08,0.08,-0.00,-0.00,-0.00
0.08,0.08,-0.00,-0.00,-0.00
0.08,0.08,-0.00,-0.00,-0.00
0.08,0.08,-0.00,-0.00,-0.00
0.08,0.08,-0.00,-0.00,-0.00
0.08,0.08,-0.00,-0.00,-0.00
0.08,0.08,-0.00,-0.00,-0.00
0.08,0.08,-0.00,-0.00,-0.00
0.08,0.08,-0.00,-0.00,-0.00
0.08,0.08,-0.00,-0.00,-0.00
0.08,0.08,-0.00,-0.00,-0.00
0.08,0.08,-0.00,-0.00,-0.00
0.08,0.08,-0.00,-0.00,-0.00
0.08,0.08,-0.00,-0.00,-0.00
0.08,0.08,-0.00,-0.00,-0.00
0.08,0.08,-0.00,-0.00,-0.00
0.08,0.08,-0.00,-0.00,-0.00
0.08,0.08,-0.00,-0.00,-0.00
0.08,0.08,-0.00,-0.00,-0.00
0.08,0.08,-0.00,-0.00,-0.00
